label	title
acceptable	アプリ開発のサービス
acceptable	お手頃な保険料/死亡保険
unacceptable	コレステロール中性脂肪下げる？
unacceptable	ワンダイレクトどれ
acceptable	山梨の物件多数掲載。ライフスタイルを豊かにする情報や最新の賃貸物件を多数ご用意
unacceptable	加入されている保険はどんなタイプです医療保険おすすめ30代？病気・ケガによる入院を一生涯保障
acceptable	冷蔵庫清掃の業者をお探しなら
unacceptable	保険商品を徹底比較・一括資料大樹生命保険会社らないように備えよう。保険の比較なら保険市場。
acceptable	クレジットカード楽天／とにかくポイントが貯まりやすい。スーパーやコンビニでザクザク貯まる！
acceptable	えっ今から入れる個人年金保険?
acceptable	生野区 介護職の求人情報
unacceptable	2022年版死亡保障安いべき
acceptable	全国の水回りクリーニングのプロが登録。希望条件や水道の蛇口交換・クチコミ・実績で比較できる
acceptable	掃除のプロが家庭や店舗を訪問。日々の掃除では取りずらい汚れはプロにお任せ!
unacceptable	公式ブライトエイジ新提案
unacceptable	子供満期の保険無理なく積み立てたい方へ。保険料シミュレーションで月払保険料がいくらか分かる
acceptable	楽天カードマイナポイント紹介
unacceptable	事務所移転ならBCPにお任せ
unacceptable	カビ害獣駆除ネズミ
acceptable	ポータブルDVDプレーヤー
acceptable	奈良の賃貸物件情報を今すぐCHECK!ライフスタイルを豊かにする情報や最新の賃貸物件を多数ご用意
acceptable	マタニティフォトを熊本で撮りませんか?・マタニティフォトは妊娠8ヶ月がベストタイミング！
unacceptable	【おすすめ医療保険ランキング】
unacceptable	≪依頼760億円以上≫全国の皆様にご利用いただいています!動画撮影のご草取り値段はミツモアで。
unacceptable	厳選された5社から見積もりが
unacceptable	看護師の求人・転職なら介護ワーカー 。また働いている方の声や職場の雰囲気もお伝え可能
acceptable	アイフルビジネスファイナンスは即日融資も可能。原則、無担保・無保証で事業資金を借入れできる
unacceptable	週1日勤務など、あなたの希望に合ったバイト求人情報をご紹介。」そんなときはスキマバイト！
acceptable	年長におすすめ通信教材
acceptable	おそうじ本舗」「おそうじ本舗 フランチャイズで独立・開業・起業|ハウスクリーニングのおそうじ本舗おそうじ本舗のフランチャイズはサポート・研修体制が充実。ハウスクリーニング業界未経験でも安心・安定して独立・開業・起業!
acceptable	とにかくお得にポイント貯めるマイナポイント楽天1円につき1ポイント貯まる！年会費永年無料
acceptable	丸亀市/賃貸アパート情報サイト
unacceptable	20代生命保険おすすめ一括見積り
unacceptable	約100種の条件からあなたにマッチした大垣市の賃貸アパートを選べる・賃貸情報サイト CHINTAI。
unacceptable	ゼクシィ 相談カウンター 大阪の結婚式場情報!特典付き紹介会場数多数。
acceptable	オリックス生命ライズ紹介
acceptable	セゾンカードならネット申し込みでもカードご利用可能
unacceptable	最短1サービス楽天ピンクカード
unacceptable	ー帯広グループホーム求人求人
unacceptable	サボネズミ退治に効くもの
unacceptable	saisonプラチナビジネスカード
acceptable	【セゾンカード】最短即日発行
acceptable	三菱ＵＦＪ銀行【バンクイック】
acceptable	子供のための保険ランキング
unacceptable	【ファインセーブ シュミレーション】お手頃な保険料を今すぐチェック！
acceptable	床のリフォーム業者を探すなら
acceptable	掃除のプロ」が家庭や店舗を訪問。普段の掃除では手の届かない所にハウスクリーニング
unacceptable	【2022年】即日スズメバチの巣
acceptable	チラシの価格を知りたい方
unacceptable	保証ありのお好みのお好みのおカーリース任意保険で。リクルートが提供する「直売カーセンサー」
acceptable	掃除のプロが充実のサポート!
acceptable	充実の研修制度で安心開業!未経験でも安心の独立・開業
acceptable	兵庫県の賃貸物件情報サイト・一人暮らしやペット可などのテーマから選べる理想のお部屋探し。
unacceptable	単発バイト栃木にすぐ働けてすぐお金がもらえる！メンドウな面接や履歴書も一切必要ありません！
acceptable	積み立て出来る終身型が人気
unacceptable	オリックス生命のライズ／RISE
acceptable	楽天カードのETCカードはこちら
acceptable	マタニティフォト/滋賀
acceptable	【加古川市】介護求人情報
unacceptable	終身保険rise終身保険
unacceptable	【2022年】死亡頚がん
unacceptable	prシロアリ検査費用
acceptable	持病のオリックス生命問い合わせ
acceptable	持病がある方も入りやすい保険
acceptable	脱サラ」の方でも安心/全国加盟店の平均月商約110万円
unacceptable	新規楽天カードおすすめ学生
unacceptable	リクナビ派遣ナース派遣
unacceptable	【公式サイト】兵庫県物件
acceptable	快適なオフィス環境をご提案。人とビジネス、環境にやさしい安心安全なオフィスビルづくり
acceptable	掃除のプロが経営店舗を掃除代行。おそうじ本舗のフランチャイズで独立・開業・起業|ハウスクリーニングのおそうじ本舗おそうじ本舗のフランチャイズはサポート・研修体制が充実。ハウスクリーニング業界未経験でも安心・安定して独立・開業・起業!
unacceptable	悪玉コレステロールを下げる食品
acceptable	小林製薬【紅麹コレステヘルプ】
unacceptable	月額払いで車購入／全車保証車
acceptable	貼り替えよりもリーズナブルな価格。塗り替えでキレイに。お部屋の消臭効果が持続。
acceptable	小学1年生の勉強を応援/公式
acceptable	岐阜県の賃貸物件情報サイト・一人暮らしやペット可などのテーマから選べる理想のお部屋探し。
acceptable	【大阪】介護職の求人・転職なら介護ワーカー。また働いている方の声や職場の雰囲気もお伝え可能
unacceptable	【5】ビジネスローン
acceptable	松戸市の賃貸物件情報サイト・一人暮らし向け、ペットと暮らせる物件を紹介。
unacceptable	おうちから、プロのアドバイザーにゼクシィ相談カウンター町田しよう。Web予約はこちらから。
unacceptable	人気の保険も比較しておけ
unacceptable	結婚式場なら東京會舘。幸せウエディングを叶える情報満載
acceptable	定期死亡保険「かぞくへの保険」
unacceptable	介護ワーカー大阪介護求人
unacceptable	アルトワークス中古のみでOK
acceptable	【公式】リクシル通販エスモ物置
unacceptable	一人暮らしやペット可などのテーマから選べる理想のお部屋探し。初期費用などの三重県借家掲載中
unacceptable	学資保険ランキング5～がくし位
acceptable	葬儀保険のことなら【保険市場】
acceptable	窓のハウスクリーニングなら
unacceptable	カーローンをお探しの方、急な出費におすすめのタイミングで借りたい方におすすめ!
unacceptable	上質でインパクトのある映像制作が必要ならミツモアで。依頼床ワックスはプロに依頼すれば安心。
unacceptable	楽天カードは新規入会&ご利用で7000ポイント・楽天カードなら使う分だけポイント貯まる！
unacceptable	フリーランスローン融資
acceptable	掃除のプロが独立・開業!ブランド認知度の高さで2020年度のご依頼は約27万件以上!
unacceptable	頚がん
unacceptable	鍵交換・鍵交換は自分でも可能
unacceptable	（オリックス生命）オリックス生命はおオリックス緩和医療のグループ会社です。お申込みはこちら
acceptable	【網走市】賃貸アパート情報
acceptable	オフィスビルのセキュリティー
unacceptable	20代～50代以上に人気の保険市場オンラインらないように備えよう。保険の比較なら保険市場。
unacceptable	認知症78歳でも入れる死亡保険イベントごとに見直そう。保障内容・保障期間で保険を比較できる
acceptable	【19インチラック】デスク
unacceptable	石けんetvosパーフェクトキット
unacceptable	ナイトミンの商品をネットで販売
unacceptable	全国の床修理費用や臭い、汚れは徹底的に分解洗浄。掃除しにくい箇所もプロに任せればラクラク!
unacceptable	一人暮らしやペット可などのテーマから選べる理想のお部屋探し。初期費用などの藤沢賃貸随時更新
acceptable	お掃除のプロが専用器材・洗剤を使用し、スピーディーかつ丁寧に汚れを落とします
unacceptable	東京タラレバ娘漫画実施中
acceptable	中古オッティのサイト
unacceptable	化粧水・乳液状美容液で簡単2stepケア。乾燥、小ジワ、尽きブライトエイジ女性の悩みへ
acceptable	オリックスクレジットの審査は原則、会社に連絡ないので誰にもバレる心配なし!【ORIX MONEY】
unacceptable	初期費用の問い合わせもカンタン・ライフスタイルを豊かにする情報や最新上越賃貸を多数ご用意
unacceptable	向け賃貸韮崎賃貸
unacceptable	賃貸情報なら【藤沢】
acceptable	ケアワーカーの求人
unacceptable	オリックス生命の保険はお手頃な保険料とシンプルで充実したプラン／医療保険、終身保険ライズ
acceptable	マタニティフォトを岡山で撮りませんか?・母となる第一歩の思い出をマタニティフォトで。
unacceptable	【公式】Timee須賀川単発バイト
unacceptable	楽天カードおすすめ学生はコチラ
unacceptable	公式不倫調査申請
unacceptable	お部屋を探す／奥州市アパート
unacceptable	浴室水栓交換の鍵屋
unacceptable	女性特有の病気などを手厚く保障いたします!女性保険のがん抗がん剤費用や見直しなら保険市場へ
unacceptable	1日だけバイト/面接なしの求人多数/アプリケーション/フロント/サーバーサイド
acceptable	盛岡の賃貸物件情報を今すぐCHECK!賃貸マンション・アパート・一戸建ての物件掲載数が豊富。
acceptable	19インチラックサーバーラックタイプからインテリアに馴染むおしゃれな薄型壁寄せタイプまで！
unacceptable	etvos/店舗用アプリ
unacceptable	大学・専門学校の賃貸物件情報ならスタディサプリ進路・毎日豊富な新着物件を様々な条件で探せる
unacceptable	ランキング1位~3位個人年金保険
acceptable	掃除のプロ」が会社を設立
acceptable	水戸市のアパート/一人暮らし
acceptable	掃除のプロが独立開業するなら
unacceptable	年会費無料の楽天カードは18歳〜ご家族にぴったり!街でのご利用から公共料金のお支払いまで。
acceptable	オリックスクレジットのカードローン
acceptable	31日間無料トライアル実施中
unacceptable	保険料シミュレーションもできる
acceptable	国語,算数,理科,社会,英語学べる
unacceptable	【銀行での融資をご検討の方必見】お申込みからご融資までご来店は不要。最短150万即日融資せ。
acceptable	bmw X1の中古車探し
acceptable	東京住友不動産神田
unacceptable	保険はどこが保険通院
acceptable	ゼクシィ縁結び|リクルートのゼクシィから生まれた婚活サービス。独自のお見合い機能もあるゼクシィ縁結びでは、約80％の方が6ヶ月以内に出会っています。アプリのダウンロードや、ゼクシィ縁結びのサービスや料金について詳しく知りたい方はこちらから。
unacceptable	最高のシティ中古車フランス車
unacceptable	【公式サイト】ORIXORIXMONEY
acceptable	素人では落としきれない、レンジフードのlixilオンライン、エアコンのお掃除等大人気です。
acceptable	脱サラ 企業
acceptable	サンワサプライ／TVスピーカー
acceptable	シーンに合ったオフィスアイテム多数／19インチラックランクに応じてポイント獲得がお得に。
unacceptable	最新介護ワーカー広島
acceptable	自分では面倒くさくなって続かなくなった浴室のカビ取りに
acceptable	【西条市】賃貸アパート情報
unacceptable	東京住友不動産新宿住友ビル
acceptable	おすすめ翻訳家・翻訳会社を探す
acceptable	【coca】ショップリスト公式
acceptable	掃除の会社」や「ハウスクリーニング」のフランチャイズで独立するなら。依頼年間約27万件【不況に強い】おそうじ本舗がおすすめ
unacceptable	2022年死亡保障安い
unacceptable	【ゼクシィ】カウンターの評判
acceptable	おそうじ本舗のサッシ掃除
unacceptable	法人お金借りる決算書5期分と本人確認書類5点で最短即日融資！カードローンは繰り返し利用可能
acceptable	佐賀市/賃貸アパート情報サイト
acceptable	おしゃれで便利なエスモ物置整理収納サービスもご提供。リクシルで生活をもっと楽しくしよう。
unacceptable	面倒な書類楽天カードetc即日発行がカンタン！免許証・印鑑不要。審査完了後に約1週間で届く
acceptable	【霧島市】賃貸アパート情報
unacceptable	わかりづらい保険も丁寧にご説明させて頂きます。創業25年目の東証一部返戻率で不安を解決。
unacceptable	キッチンつまり直し方退治
acceptable	お誕生日のフォトギフト
unacceptable	あなたの希望に合った嬉野区の賃貸物件が見つかる!毎日豊富な新着物件を様々な条件で探せる。
unacceptable	人気の引受基準20代生命保険おすすめまで幅広く取り扱い。持病があっても入れる死亡保険も掲載
unacceptable	法人の方は決算書5期分と本人確認書類5点で最短即日融資個人事業主向け融資は繰り返し利用可能
unacceptable	賃貸物件熊本物件選び
acceptable	スバルヴィヴィオ中古B4
acceptable	全国の水道工事業者が登録。最大5社から届く見積りを比較して、オトクに依頼しよう。
acceptable	鳥取市/都市ガスの料金プラン
acceptable	洗濯槽のニオイの元を除菌洗浄
acceptable	しつこい汚れ、引っ越し時のハウスクリーニングは、お掃除のプロにおまかせ!詳細はこちらから!
acceptable	赤ちゃん写真の予約はこちら
acceptable	オリックスクレジットの会員登録はこちら。オリックス・クレジットから新しいマネーサービス登場
unacceptable	水漏れをトイレで解決
unacceptable	【Saison プラチナビジネス】通常22,000円（税込）の年会費が期間限定で無料！
acceptable	葬儀保険はどこが一番お得？
acceptable	都心にある2棟を超えるオフィス環境オフィスや賃事務所を条件に合わせて検索できる公式サイト
unacceptable	オリックス生命RISEは、スマホでいつでもどこでもお申込みいただけます。【万一の場合も安心】
acceptable	楽天学生クレジット家族カード
acceptable	保険商品一覧【オリックス生命】
acceptable	ETCカードの審査はこちら【原則、在籍確認なしのETCカードはこちら】ネットで簡単申し込み
acceptable	楽天ピンクカード限定の選べるカスタマイズサービス!楽天グループ優待サービスでもっとお得に
unacceptable	あなたにピッタリの好条件求人をお探しします。また働いている方の兵庫看護助手求人完全無料
unacceptable	【2022年】国保と社保の違いは?
acceptable	【葬儀保険】葬儀のための保険
acceptable	はじめての申込みならこちら／個人事業主キャッシング事業主向け。原則、保証人・担保不要で融資
unacceptable	働きスキマバイト広島時に働けて、すぐにお金がもらえるスキマバイトサービス／Timee(タイミー)
unacceptable	医療保険/持病があっても安い
acceptable	セットメニューなら、合計金額が78,650円(税抜価格71,500円)からとなります。
unacceptable	ゼクシィ カウンター 大阪の結婚式場情報!あなただけの理想の結婚式をお得に探そう。
unacceptable	ノート 中古車 NISSAN(日産)
acceptable	【85歳】医療保険通院
acceptable	一人暮らしの掃除｜ハウスクリーニングのおそうじ本舗おそうじ本舗の引越前後パック
acceptable	チラシやフライヤーのデザインはプロに依頼しよう。ミツモアなら最大で５名のデザイナーから選べる。
unacceptable	福井県の賃貸物件情報サイト・毎日豊富な新着物件を様々な条件で探せる。
unacceptable	大阪で住宅売却不動産売却福岡}で住宅売却するなら
acceptable	【価格満足度92%】おトクに解決
acceptable	おそうじ本舗」「おそうじ本舗のフランチャイズ」あなたに最適なのは?
unacceptable	78歳でも入れる死亡保険の引受基準緩和型保険をランキング化。保険の相談、保険選びは保険市場!
unacceptable	ゼクシィ 相談カウンター 大阪の結婚式場情報!二次会や前撮り、指輪のご相談も可能です。
unacceptable	制作料金の目安
acceptable	島根県出雲市の賃貸なら
acceptable	脱サラ」の方でも安心できるサポート体制
acceptable	掃除のプロが店舗売り上げアップ支援
unacceptable	約100種の条件からあなたにマッチした金沢市の賃貸アパートを選べる・賃貸情報サイト CHINTAI。
acceptable	オリックス生命(公式サイト)
unacceptable	ETCカードなら楽天カード
unacceptable	【シロアリ110番】110番
acceptable	人気･安い･おすすめの保険が知りたい方必見！保険市場ならお手元のスマホやPCで比較が可能
unacceptable	マンションを売りたいせ
unacceptable	結婚式場相談、ウェディング相談なら東京で。二次会や前撮り、指輪のご相談も可能です。
unacceptable	介護ワーカー鹿児島職の求人
unacceptable	ゼクシィ カウンター 梅田の情報がわかる!あなただけの理想の結婚式をお得に探そう。
acceptable	おそうじ本舗」加盟店を独立開業を。研修が充実して安心・約95%の方が掃除業者の仕事未経験で活躍
unacceptable	貯蓄子供No.5を発表
unacceptable	【単発バイト募集中!利用歴に応じて付与されるEXPでグレード特典を手に入れよう！
unacceptable	個人事業主様向けのローンならアイフルビジネスファイナンス。【累計15万口座以上の契約実績】
acceptable	今健康意識の高い人たちの間で話題の巣蜜をはじめとする20種類以上のユニークなはちみつをご用意
unacceptable	【全国 シロアリ駆除】
acceptable	掃除のプロ」が開業資金を全額サポート!
acceptable	【三次】賃貸・アパートを検索
acceptable	熊本県の物件多数掲載。初期費用の問い合わせもカンタン！アパート熊本市南情報サイトCHINTAI。
unacceptable	楽天楽天カードetc機能追加
unacceptable	人気の子ども保険をランキング。年齢、月払保険料を選択するだけで簡単比較！
acceptable	モバイルモニターでテレワーク環境を整える。人気オフィス家具から便利な収納グッズまで勢揃い
unacceptable	リクナビ派遣/リクルートの派遣
unacceptable	約100種の条件からあなたにマッチした松山市の賃貸物件を選べる・賃貸情報サイト CHINTAI。
acceptable	ハリブライトエイジ評判
unacceptable	豊後大野の賃貸物件情報サイト・家賃相場・学校名で検索：ライフスタイルに合ったお部屋探し
unacceptable	全国のプロが登録。最大5名の除草業者の見積もりや評価・口コミが比較
acceptable	地域密着で独立・開業したい方へ
unacceptable	熊本の一人暮らし物件掲載数が豊富。初期費用の問い合わせもカンタン！
unacceptable	《CHINTAI》高知市賃貸物件
unacceptable	敦賀市の賃貸アパート情報!最新の空き状況や詳細情報がスマホで確認できる
unacceptable	シミュレーションでアナタの保険料や保障がん保険おすすめ50代安い・保障期間で保険を比較できる
acceptable	ハウスクリーニング」の新しい仕事スタイルを提案
acceptable	函館市/写真館の予約
acceptable	脱サラ」や「独立・開業」を検索したあなたにおすすめのブログメディア
acceptable	学割入会｜楽天カード
unacceptable	中津市の賃貸物件情報サイト・家賃相場・学校名で検索：ライフスタイルに合ったお部屋探し
acceptable	東京リベンジャーズ/全巻
acceptable	【公式】ゼクシィ結婚式相談銀座
acceptable	非IT系含め2870社8005案件の実績
unacceptable	保険市場イチオシの”医療保険”
acceptable	最新のビデオキャプチャー年間ランキングをご紹介・会員ランクに応じてポイント獲得がお得に。
acceptable	鳥取ガス 料金
unacceptable	土日も電話相談を緩和型医療保険
acceptable	自宅で契約可能
unacceptable	介護福祉士転職求人
acceptable	北名古屋市 介護職の求人情報
unacceptable	風呂・草取り値段のお掃除
unacceptable	【公式】ゼクシィ相談
unacceptable	結婚式相談所神奈川
unacceptable	1万口座以上の契約実績。全国の提携金融機関のATMからご利用可能・フリーランスローンを確認する
unacceptable	1日の入院でも入院一時金が受け取れる保険保険都民共済医療保険の相談や見直しなら保険市場へ
acceptable	掃除のプロが売上アップもサポート!
unacceptable	加齢で減少するコレステロールの上昇を緩やかにし、血圧を下げない・紅麹のパワーをお試し下さい
unacceptable	車用サブスクとしてご利用いただけます。安全装備が充実した新車に乗ることが可能！
unacceptable	人気の学資保険1位～
acceptable	ふたりの大切なウエディングをサポート。結婚準備のことならゼクシィへお任せ！
acceptable	楽天カードのお申し込み
unacceptable	お近くの換気扇クリーニング
unacceptable	【今すぐ】速度が強みのアイフル
unacceptable	オフィス空オフィス環境
unacceptable	修正申告を申請した草むしり依頼でも安心。撮影経験豊富なプロがアドバイスしながら撮影します。
unacceptable	【イベント実績掲載中】住友不動産新宿オークタワーに誕生。スポーツなど多彩なイベントに対応。
acceptable	介護施設【名古屋】の求人情報
unacceptable	【無料】シロアリ検査費用
acceptable	中古車／スカイライン400r中古
acceptable	エブリイワゴンの中古車探し
unacceptable	≪見積もり無料≫水漏れ・漏水でお困りですか?最大5名のプロから比較検討できる。
unacceptable	年齢人気がん保険ランキングは？
unacceptable	カイゴワーカーを法人価格で購入。転職後も相談OK：業界に精通したアドバイザーが転職をサポート
unacceptable	福祉介護福祉士転職
unacceptable	全国のシロアリの駆除のことはプロにお任せ。本体選びから設置・交換、修理まで幅広く相談可能。
unacceptable	介護職員初任者研修を無料で資料請求。また働いている方の声や職場の雰囲気もお伝え可能
unacceptable	お客様収入保障定期保険どちら選べる。若いうちに医療保険に入ったほうが月額保険料は安くなる?
unacceptable	医療医療保険1000円以下。
acceptable	【デイサービス】の求人情報
acceptable	小学1年生のタブレット学習なら
acceptable	【公式】草むしり依頼
unacceptable	八潮市 CHINTAI
unacceptable	鳥取ガス問い合わせ手続き
unacceptable	【公式】スマホで鳥取物件公式
acceptable	老後の資金を確実に備えるならいくらの年金を何歳から、いつ保険市場保険をオンラインで無料相談
acceptable	華やかに大人可愛く、でも気どりすぎないちょっとオトナのイメージです。
acceptable	ご希望の日時に家具・荷物運搬業者が現地に訪問。家具・荷物を運搬しながらの見積もりが可能。
acceptable	真剣な出会いを実現／婚活するならゼクシィ縁結び。安心安全の婚活を応援する総合婚活サービスリクルートのゼクシィから生まれた婚活サービス。独自のお見合い機能もあるゼクシィ縁結びでは、約80％の方が6ヶ月以内に出会っています。アプリのダウンロードや、ゼクシィ縁結びのサービスや料金について詳しく知りたい方はこちらから。
unacceptable	【公式】龍ケ崎アパート
acceptable	《業界最大級》フェア掲載数
acceptable	グループホームの求人、転職なら介護ワーカー。年収400万円以上・土日休みなどの条件で検索。
acceptable	実例・シロアリの駆除
acceptable	遠野市の賃貸アパート情報なら
acceptable	ゼクシィ／ブライダル
acceptable	佐賀市の賃貸アパート情報
acceptable	車任意保険で相手や自分のケガや車もしっかり補償。お得な割引プランもご用意。
acceptable	オリックス生命の代理店一覧
unacceptable	オリックス生命はお申込方法はインターネット、郵送、対面の3種類をご用意・／オリックス生命
unacceptable	江津市の賃貸アパート情報。ライフスタイルを豊かにする情報や最新の賃貸物件を多数ご用意
unacceptable	あなたにピッタリの介護ワーカー会社をご紹介。転職時の書類や面接もプロがサポート【公式】
acceptable	茨城で一人暮らしをするなら
acceptable	岡山市南区の賃貸物件情報サイト・賃貸マンション・アパート・一戸建ての物件掲載数が豊富。
acceptable	【2022年】即日床修理費用
acceptable	【エトヴォス】敏感肌や乾燥肌など、肌の悩みに寄添うスキンケア。肌を保湿するセラミド成分配合
unacceptable	色・オプション等も選択可能カーサブスクはご自宅へお届け。リース満了時には車がもらえます！
unacceptable	カーサブスクリース
unacceptable	シーマカーセンサー【公式】
acceptable	広島の物件多数掲載。ライフスタイルを豊かにする情報や最新の賃貸物件を多数ご用意
acceptable	福井市の賃貸アパート情報を今すぐチェック!最新の空き状況や詳細情報がスマホで確認できる
acceptable	【横須賀】賃貸・アパートを検索
unacceptable	諫早市の賃貸物件情報サイト・人気駅・長崎県の物件多数掲載・快適な生活を送りたい！
acceptable	マタニティフォト 水戸
acceptable	【欲しいオフィス商品がここにある】サンワで目当てのアイテムをお得にGET！新商品も続々入荷中
acceptable	【公式】代アニ／声優の専門校
acceptable	カビだらけの風呂場の掃除はプロにお任せ
unacceptable	プロが生命保険一覧？
unacceptable	マイナポイント楽天カード得
acceptable	浴室の汚れを徹底洗浄
acceptable	富山の賃貸物件情報サイト・ライフスタイルを豊かにする情報や最新の賃貸物件を多数ご用意！
unacceptable	専門業者が1つづつにに翻訳
acceptable	アカシア蜂蜜オンラインショップ
unacceptable	家族カードは楽天カードクレジットポイントえます！／新規入会＆ご利用で1ポイントプレゼント
acceptable	≪全国対応≫ネズミ駆除業者
unacceptable	おすすめの葬祭保険は?20代～50代以上に人気のある葬儀保険をランキング別に徹底比較！
acceptable	札幌でマタニティフォトグラファーを募集中!スタジオアリスで大切な記念日を残しませんか。
unacceptable	非公開の初任者研修
acceptable	お風呂掃除のご依頼はこちらから
acceptable	玄関・引越し先の鍵交換
acceptable	ベランダ掃除業者のおすすめ業者
unacceptable	原則、ご来店・担保不要。銀行よりも早くアイフルファイナンス必要な方も対応可能。今すぐ申込み
unacceptable	介護職員初任者研修を働きながら学べる。また働いている方の声や職場の雰囲気もお伝え可能
acceptable	高松近くのデイサービス求人
acceptable	今、ゆうちょ定額貯金裏ワザ？
unacceptable	宮崎の賃貸物件情報を今すぐチェック!人気の厳選テーマから理想のお部屋探し【スマホでCHINTAI】
acceptable	持病や入院・手術の経験がある方も加入しやすい保険料が上がらない保険の安心をしっかりサポート
unacceptable	厳選された5社を紹介
acceptable	はじめてのお宮参り撮影を一生の思い出に。衣装も充実！はじめてでも安心お任せ！
acceptable	楽天ETC/年会費永年無料
unacceptable	【死亡保険】死亡保険シュミレーションの保険をランキング。年齢と性別を入力して保険料比較も。
unacceptable	60代以上の人が気になった死亡保険をチェック!死亡保険はライフイベントごとに見直そう。
acceptable	高崎市の賃貸物件情報サイト・賃貸マンション・アパート・一戸建ての物件掲載数が豊富。
acceptable	掃除のプロが専門機材を使用しスピーディーかつ丁寧に仕上げます
acceptable	掃除のプロ」がお掃除の効率アップをサポート!
acceptable	全国の平均月商約111万円おそうじ本舗の説明会は、地域や年代に応じたケースの事例をご紹介。
acceptable	【姫路】デイサービスの求人情報
unacceptable	香川県丸亀市アパートサイト
acceptable	オーディオキャプチャーを法人価格で購入。椅子・机などのオフィス用品やPC周辺機器など販売
acceptable	インプレッサの中古車探し
unacceptable	生命保険/はいれない人へ
acceptable	【2022年最新】個人年金保険ランキング。一括見積りであなたに合った年金積立もひと目で分かる
acceptable	ポルシェ911の中古車探し
acceptable	おすすめ子供向けタブレット学習
unacceptable	オリックス生命の入院・手術はお手頃な保険料で実現。【〇〇〇〇】
acceptable	楽天ピンクカード/年会費無料
unacceptable	個人事業主個人事業融資
unacceptable	ホットヨガなら小山市!女性専用・スタッフの質も高いから安心して通える。
unacceptable	テレオペ仕事内容求人情報
unacceptable	ネズミ防除草むしり業者
acceptable	壁紙清掃業者をお探しなら
acceptable	掃除のプロが家庭を訪問。生活感のある箇所もキレイに!
acceptable	関西のブライダルフェア情報満載!無料試食会やドレス試着も/ゼクシィ
unacceptable	介護ワーカーとは職の求人
acceptable	積み立て出来る個人年金保険
unacceptable	人気の保険市場デメリットおすすめの人が気になった保険をチェック！相談や見直しなら保険市場へ
unacceptable	女性保険人気方へ
unacceptable	ネット型生命保険がおすすめ
acceptable	全国の平均月商約110万円！おそうじ本舗の説明会は、地域や年代に応じたケースの事例をご紹介。
unacceptable	分解鍵交換を依頼
unacceptable	オフィス・テナントの空室チェックなら。まずはお問い合わせを
acceptable	水道・水栓・シャワーの交換修理
acceptable	空気清浄機おそうじ本舗
unacceptable	楽天カードの審査はこちら【原則、在籍確認なしの楽天カード】100円につき1ポイント貯まる!
acceptable	貯めたポイントの有効期限なし
unacceptable	積立保険は死亡保障で選ぶべき・国内最大級の保険比較サイト・年齢と性別を入力して保険料比較も
unacceptable	掛け捨て保険月いくら発表
unacceptable	1日の入院でも入院生命保険ネットは死亡保障で選ぶべき／年齢と性別を入力して保険料比較も可能
acceptable	掃除のプロが自宅で教室を開業
acceptable	【オリックス生命】FineSave
unacceptable	完全ナンバーレスカード
acceptable	スマートリモコン中／法人様も個人様もご登録可能！会員ランクに応じてポイント獲得がお得に。
acceptable	スタジオアリス 七五三の料金
acceptable	チャイム/配信中
unacceptable	【9～9月新着】介護職の
unacceptable	栃木市の賃貸アパート情報を今すぐチェック!毎日豊富な新着物件を様々な条件で探せる。
acceptable	脱サラ」や「独立・開業」など、新しい選択をお考えのあなたへ。おそうじ本舗ならしっかり稼げます。
acceptable	店舗なしok/低資金から開業可能」や「最短14日間で開業可能」など、あなたのライフスタイルに合わせてお選びいただけます。
unacceptable	病院介護福祉士求人三重県
acceptable	切替器の専用ホームページ
acceptable	頑固な汚れ、引っ越し時のハウスクリーニング
acceptable	長岡市の新着アパート情報を毎日更新!賃貸マンション・アパート・一戸建ての物件掲載数が豊富。
unacceptable	和訳・英語の発音が学べる
acceptable	都市ガスメータープラン
acceptable	クレジットカード楽天実施中
acceptable	無料トライアル/動画配信
acceptable	清掃会社フランチャイズ契約なら
acceptable	おそうじ本舗」が全国1,701店舗展開中!
unacceptable	介護職/介護福祉士の求人、転職なら介護ワーカー。年収400万円以上・土日休みなどの条件で検索。
unacceptable	セゾンビジネスプラチナカードなら新規入会&ご利用で12000ポイントプレゼント
acceptable	熊本市賃貸アパート物件多数掲載。初期費用の問い合わせもカンタン！賃貸情報サイトCHINTAI。
unacceptable	バイト橋本環奈にすぐ働けてすぐお金がもらえる！メンドウな面接や履歴書も一切必要ありません！
unacceptable	お探しの地域のプロたちに、草取り値段・遠足・卒業式など学校行事撮影のカメラマンを見つけよう
acceptable	【おすすめのセール対象作品が充実】話題のBL・TLギャラリーフェイク漫画も無料で試し読み
acceptable	地域密着の不動産屋おすすめ賃貸
unacceptable	神戸市北区の介護求人がザクザクみつかる!専任のアドバイザーがあなたの転職をお手伝いします
acceptable	宇都宮市の賃貸物件情報サイト・一人暮らしやペット可などのテーマから選べる理想のお部屋探し。
unacceptable	楽天楽天アカデミーなら
unacceptable	の家族カード／公式
acceptable	掃除のプロが自宅で1日7分で掃除を完結させます
acceptable	メイクで叶えるスキンケア/天然ミネラル100%でつけたまま眠れるほどお肌に優しい国産ミネラルファンデーション・セラミドスキンケア製品をはじめとした、直営ショップならではの品揃え。
unacceptable	介護ワーカー紹介マネジャー求人
acceptable	玉名の賃貸物件情報あり。ライフスタイルを豊かにする情報や最新の賃貸物件を多数ご用意
acceptable	インターネット申込みなら保障は申し込んだその日から！あなたのニーズにあわせて組立て自由。
unacceptable	101010パソコンラック業務用
unacceptable	水漏れ蛇口で比較
acceptable	アリスのカメラマンは笑顔の達人
acceptable	充実の実績/安全/納得
acceptable	ハウスクリーニングの費用はコチラ
unacceptable	栃木枚方介護職求人宇都宮市求人
unacceptable	5年金積立～3位を発表
unacceptable	鳥取の賃貸マンション情報!ライフスタイルを豊かにする情報や最新の賃貸物件を多数ご用意
acceptable	【入会金・年会費無料】24時間・365日ご利用可能なオリックスマネー審査のWEB完結ローン！
acceptable	LDLコレステロールを下げる
unacceptable	一番引っ越しのサカイ
unacceptable	楽天カードは2枚目も作成可能。券面デザインが2種類まで選べる。気になるカードをクレジット楽天
unacceptable	全国の草刈り業者が登録。条件に合った草刈り・芝刈り・除草の見積もりが届く!
acceptable	初回ちはやふる漫画でイッキ読み
acceptable	江津の賃貸アパート/マンション
acceptable	【龍ケ崎市】賃貸アパート情報
unacceptable	個人年金保険の人気ランキングは?保険料シミュレーションで月払保険料がいくらか分かる
unacceptable	新規楽天ピンクカード男
unacceptable	浴室水漏れ蛇口まで
acceptable	脱サラ」「独立・開業」は、fc本部が集客を全面サポート!業界未経験でも安心・安定して独立・開業・起業!
unacceptable	無料／楽天PINKカード
unacceptable	(rakuten カード)・楽天経済圏での生活をお考えなら、楽天カードで決まり！
acceptable	【神戸】介護求人情報
unacceptable	横手市の賃貸物件情報サイト・賃貸マンション・アパート・一戸建ての物件掲載数が豊富。
acceptable	ワックス掛け業者をお探しなら
acceptable	ブライダルで挙式をご検討中の方へ!少人数から大人数プラン等さまざまな挙式スタイルをご紹介
acceptable	オリックス生命70歳以上はこちら
unacceptable	新潟でアパート探し。一人暮らしやペット可などのテーマから選べる理想のお部屋探し。
acceptable	【継続率99％】導入実績600社以上／高品質アプリプラットフォームで業務課題をまとめて解決。
acceptable	掛け捨て型生命保険なら
unacceptable	いわき市ペット可賃貸予約
unacceptable	ビジネスローン個人・借入れならアイフルビジネスファイナンス／アイフルの新しいビジネスローン
unacceptable	注文注文住宅住友
acceptable	公式エスモ物置通販
unacceptable	税務調査の対策にも繋がるプロ技・草むしり依頼の依頼がだせます。依頼作成は質問に答えるだけ。
unacceptable	コープがんこつ周辺の保険なら
unacceptable	通院医療保険がん保険
acceptable	ドブネズミ・ハツカネズミ・クマネズミなど、種類に合わせた適切な処置をプロにお任せ。
unacceptable	米沢マンション予約
acceptable	お得に使える楽天ピンクカードとは
acceptable	【派遣】のバイトなら
unacceptable	教育資金・豊かなセカンドライフ・葬儀85歳でも入れる保険お手頃な保険料の医療保険や死亡保険
unacceptable	インターネット申込みなら、一度のお手続き一時金保険ない方は、お気軽にお問い合わせください。
acceptable	急な出張撮影でも大丈夫！現地調査から相談まで、気軽に相談できるプロが日本全国から大集合。
acceptable	派遣スタッフの高時給求人
acceptable	掃除代行の会社
acceptable	オススメの商品撮影会社
unacceptable	東京都大田区池上1-13-1
unacceptable	安心・安全に出会いアプリもゼクシィ縁結び。会員数140万人突破。会員の94%が真剣婚活中！
acceptable	マスクメイク時のメイク崩れを防いでくれるメイクアイテム
acceptable	小林製薬／公式通販サイト
unacceptable	学生向け賃貸広島賃貸
unacceptable	人気の生命保険1位～5位を発表
unacceptable	仙台の単発単発バイト情報掲載。利用歴に応じて付与されるEXPでグレード特典を手に入れよう！
acceptable	【土佐】賃貸・アパートを検索
acceptable	働きたい時に働けて、すぐにお金がもらえるスキマバイトサービス／Timee(タイミー広島)
unacceptable	ゼクシィ カウンター 大阪の結婚式場情報!結婚式会場以外もフォローが充実。
acceptable	フルリモートや常駐案件を紹介
unacceptable	最新求人がメールで届く非公開介護ワーカー広島あり。長年培った経験で安心してご利用できます
acceptable	脱サラ」や「独立・開業」は、新しい仕事の形。おそうじ本舗の説明会は、地域や年代に応じたケースの事例をご紹介。
acceptable	レヴォーグの中古車探し
acceptable	掃除のプロが自宅で開業可能!/安心独立起業|ハウスクリーニングのおそうじ本舗おそうじ本舗のフランチャイズはサポート・研修体制が充実。ハウスクリーニング業界未経験でも安心・安定して独立・開業・起業!
unacceptable	1番安いがん保険はどこ?20代～50代以上に人気のがん保険1位～5位をランキング別に徹底比較！
unacceptable	賃貸アパート 岩美町
unacceptable	富良野介護求人スタッフ求人
acceptable	全国のスタジオアリスで開催しているおすすめキャンペーン等ご紹介!web予約・店舗検索はこちら
acceptable	「週空いた時間にバイト」
acceptable	結婚を真剣に考えられる相手に出会いたいなら／ゼクシィマッチングアプリ20代なら会員登録無料。
acceptable	水まわりの汚れ、エアコンの分解洗浄など、頑固な汚れはプロの技にお任せ!
acceptable	【ゼクシィ】結婚式場
acceptable	脱サラ」や「独立・開業」に関することはおそうじ本舗にお任せください
acceptable	マイナポイント楽天での給油でポイント1倍／楽天カード・楽天ETCカードでお得にお出かけしよう！
acceptable	ネズミ駆除をご検討ですか？
acceptable	掃除のプロが自宅でお掃除指導!未経験でも安心の独立・開業|ハウスクリーニングのおそうじ本舗おそうじ本舗のフランチャイズはサポート・研修体制が充実。ハウスクリーニング業界未経験でも安心・安定して独立・開業・起業!
acceptable	約100種の条件からあなたにマッチした高知の賃貸アパートを選べる・【更新頻度最短5分】
acceptable	脱サラ」や「独立・開業」を検索したら、
acceptable	死亡保険・死亡に保険市場オンライン死亡保障で選ぶべき／年齢と性別を入力して保険料比較も可能
acceptable	がん保険の人気ランキング
unacceptable	水漏れ蛇口エキスパート
unacceptable	鯖江市の新着アパート情報を毎日更新!福井県の人気駅＆エリアランキングは？
acceptable	ハウスメーカー戸建住友不動産
acceptable	脱サラ」や「独立・開業」のfc加盟店を独立開業を。研修が充実して安心・約95%の方が掃除業者の仕事未経験で活躍
unacceptable	緩和型医療保険／公式
unacceptable	保険市場／生命保険自宅療養
acceptable	TVスピーカーをお探しの方へ
unacceptable	北海道の取手賃貸の賃貸なら
acceptable	事務・営業・建設派遣求人
acceptable	掃除のプロが店舗をまるごと綺麗に
acceptable	マタニティフォトを広島で撮りませんか?・スタジオアリスで大切な記念日を残しませんか。
unacceptable	セゾンカード簡単申し込み・起業直後でもビジネスサポート。限定優待やサービスで業務を円滑に。
acceptable	プロの技術で洗濯機を分解洗浄
unacceptable	設備充実×安心安全住友不動産新宿住友ビルや賃事務所を条件に合わせて検索できる公式サイト
unacceptable	住友不動産新宿西口店
unacceptable	敷金礼金ゼロの物件あり／家賃相場・学校名で香南市アパート：ライフスタイルに合ったお部屋探し
unacceptable	70歳以上の方にも/ご高齢の方や持病のある方も3つの告知項目に該当しなければお申込みできます
acceptable	【横手市】賃貸・アパートを検索
unacceptable	肌無添加ファンデーションこちら
unacceptable	【ゼクシィ公式サイト】
unacceptable	お金を借りるなら個人事業主がおすすめ!アイフルビジネスファインナンスは24時間申込み受付中！
unacceptable	人気・安い・おすすめの保険が知りたい方必見！保険市場ならお手元のスマホやPCで比較が可能
unacceptable	下関市の賃貸アパート情報!ライフスタイルを豊かにする情報や最新の賃貸物件を多数ご用意
unacceptable	【公式】瑞浪市賃貸マンション
acceptable	山口の物件多数掲載。一人暮らしやペット可などのテーマから選べる理想のお部屋探し。
acceptable	掃除のプロが売上アップの秘訣」
unacceptable	カードローンのおすすめは?
unacceptable	オフィス災害対策をご検討なら
unacceptable	【公式】スマホで伊佐市賃貸公式
acceptable	年長さんにおすすめの通信教材をご紹介。1人でも学習が続く楽しい&理解が深まる教材を収録。
acceptable	ADサーバーラック業務用
unacceptable	約100種の条件からあなたにマッチした金沢の賃貸アパートを選べる・賃貸情報サイト CHINTAI。
unacceptable	マンション査定
unacceptable	生協のがん治療保険「メディフィットがん保険」は、保険料が一生涯上がりません!
acceptable	自動車保険の等級表を見直したい方
acceptable	オープンワークのクチコミ
acceptable	保険商品を徹底比較・一括資料請求できるだけでなく、あなたの街で保険相談も可能です。
unacceptable	オフィスビル住友不動産青山
unacceptable	【ジャパネット】ダイソンのキャニスター掃除機が1万円の下取り値引きで39,800円
unacceptable	生命保険どれがいい？
acceptable	社会福祉士・介護福祉士の受験資格なら介護ワーカー。長年培った経験で安心してご利用できます
acceptable	スマイルゼミ小学一年生・無料資料請求でもれなく全員にプレゼント進呈
acceptable	ネット申込みなら保障は申し込んだその日から！あなたのニーズに合わせて組み立て自由。
unacceptable	人間グループホーム求人情報
acceptable	≪簡単２分≫質問事項に答えるだけで依頼完了！洗濯機・洗濯槽の水漏れ修理に強いプロから見積もりが。
unacceptable	ファンデーション・ミネラル
acceptable	【導入実績600社以上】高品質アプリをノーコードで開発できるアプリプラットフォーム。
acceptable	ビルやマンションの注文住宅住友等を採り入れ、既成概念にとらわれない斬新なデザインをご提案。
acceptable	エアコンの奥深くの汚れを落とす
acceptable	何もしないで老後は大丈夫?
acceptable	掃除のプロが自宅で開業・集客・売り上げアップ|ハウスクリーニングのおそうじ本舗おそうじ本舗のフランチャイズはサポート・研修体制が充実。ハウスクリーニング業界未経験でも安心・安定して独立・開業・起業!
acceptable	スキマ時間にお金が稼げる
unacceptable	【神戸】訪問介護の求人情報
acceptable	宮崎神宮アパートの物件多数掲載。初期費用の問い合わせもカンタン！賃貸情報サイトCHINTAI。
unacceptable	保険料が安い任意保険はどこ？
acceptable	直方の賃貸物件情報を今すぐCHECK!賃貸マンション・アパート・一戸建ての物件掲載数が豊富。
unacceptable	シンプルでわかりやすい保険！ネットで簡単スムーズに小規模企業共済もまとめてお申込みが可能。
unacceptable	ゼクシィ カウンター 渋谷の情報がわかる!二次会や前撮り、指輪のご相談も可能です。
acceptable	掃除のプロが教える!おそうじ本舗オーナー開業|ハウスクリーニングのおそうじ本舗おそうじ本舗のフランチャイズはサポート・研修体制が充実。ハウスクリーニング業界未経験でも安心・安定して独立・開業・起業!
acceptable	楽天クレジット/ETCカード
unacceptable	オリックス生命は告知ファインセーブ保険を限定特典もあります。お申込み・資料請求はこちら
acceptable	充実した清掃・クリーニングでキレイに
unacceptable	オートロック付き賃貸藤沢賃貸
unacceptable	家の鍵交換・紛失・修理なら
acceptable	生命保険のおすすめは30代から
unacceptable	人気の葬儀保険を一括資料請求。気になるかもしれない。検査、通院費、個人年金保険ランキング!
unacceptable	≪依頼料0円≫最大0名のプロ・スズメバチの巣のプロから見積もりが届く!おトクなプロを選べる。
acceptable	開栓用ガスケット(公式)
unacceptable	芸能マネージャー
unacceptable	Keywordスバルヴィヴィオ中古
unacceptable	サンワサプライのケーブル配線トレー メッシュ erdシリーズ専用品 CB-cterd5・（最短当日出荷）
acceptable	オンライン保険相談お申込ページ
acceptable	クロスビーの中古車探し・60秒で見積り依頼【名前・メール・郵便番号だけ】
acceptable	三重県の物件多数掲載。ライフスタイルを豊かにする情報や最新の賃貸物件を多数ご用意
unacceptable	エトヴォス公式／エトヴォス定期
unacceptable	橿原市の賃貸物件情報を今すぐCHECK!毎日豊富な新着物件を様々な条件で探せる。
unacceptable	大型家電配送修理
acceptable	式場選びで失敗しないために、複数社の見積もりやプランを比較するのがおすすめ。予約はこちら
unacceptable	新庄市の新着アパート情報を毎日更新!賃貸マンション・アパート・一戸建て情報検索。
acceptable	アルトの中古車探し
unacceptable	シニア死亡保険ネットは?
acceptable	【釧路】賃貸・アパートを検索
unacceptable	学資保険資料ランキング5～5位
acceptable	佐賀の賃貸物件情報サイト・賃貸マンション・アパート・一戸建ての物件掲載数が豊富。
acceptable	業務用／キーボードおすすめ
acceptable	掃除のプロが家庭内を掃除のプロに。【おそうじ本舗】で開業
unacceptable	公式通販/ブライトエイジ
acceptable	【焼津】賃貸・アパートを検索
acceptable	オプション(特約)を組み合わせて自分なりの安心を。保障は一生涯!保険料はずっとあがりません。
unacceptable	事務所BCPのオフィス
acceptable	店舗なしok/低資金から開業可能」や「最短14日間/集中研修できる」など、あなたのニーズに合わせて、様々なケースから選択いただけます。
acceptable	タント【カーセンサー】
unacceptable	≪見積もり無料見積もり≫最大0名のスズメバチの巣から見積もりが届く!おトクなプロを選べる。
unacceptable	入院や通院に備える保険も比較
unacceptable	姫路市の介護求人がザクザクみつかる!また転職サポートを使えばスムーズに転職ができます。
unacceptable	【床ワックス制作を依頼】
acceptable	全国対応の介護職専門の転職支援サイト【介護ワーカー】。転職介護助手こそ転職したいあなたへ
acceptable	出会いも婚活もゼクシィ縁結び
unacceptable	クマネズミ駆除をご検討ですか?
unacceptable	中古車リース任意保険
unacceptable	【マツダ】2の中古車情報多数
acceptable	レーザーポインターを法人価格で購入。椅子・机などのオフィス用品やPC周辺機器など販売
unacceptable	働きタイミー広島時に働けて、すぐにお金がもらえるスキマバイトサービス／Timee(タイミー)
unacceptable	スズキエブリィ中古カーセンサー
unacceptable	≪依頼料0円≫最大0名のプロからの見積もりが届く料金やスズメバチの巣評価からプロを選べる。
acceptable	おそうじ本舗のフランチャイズで独立・開業・起業|ハウスクリーニングのおそうじ本舗おそうじ本舗のフランチャイズはサポート・研修体制が充実。ハウスクリーニング業界未経験でも安心・安定して独立・開業・起業!
acceptable	結婚式場をさがすなら
acceptable	函館市/一人暮らし物件探し
acceptable	キュア・サポート・プラス／持病や入院・手術の経験がある方も加入しやすい一生涯保障の医療保険
unacceptable	iPad Air／iPad Pro／iPad mini／パソコンラック業務用DVD・ブルーレイケースなど多数取り揃え
unacceptable	2022年医療保険死亡保障安い
acceptable	奈良市の賃貸物件情報サイト・賃貸マンション・アパート・一戸建ての物件掲載数が豊富。
acceptable	壁紙のお掃除代行
acceptable	鍵の修理をネットで依頼
unacceptable	インターネット申込みなら、一度のお手続きでメディケア生命！ネットで簡単スムーズに申込み。
acceptable	中古車を探すなら【カーセンサー】
unacceptable	死亡保険、医療保険、がん保険、就業不能保険の4つの保障からお選びください。【死亡保険】
acceptable	北九州市の賃貸物件情報サイト・賃貸マンション・アパート・一戸建ての物件掲載数が豊富。
unacceptable	死亡死亡保険国民共済内容で比較
unacceptable	初めてで分からないことも多い遺産相続。面倒な草取り値段は、専門の行政書士に相談しましょう。
acceptable	掃除のプロ」がお掃除の本質をご説明/
acceptable	栃木の賃貸物件情報を今すぐCHECK!ライフスタイルを豊かにする情報や最新の賃貸物件を多数ご用意
acceptable	画面に手をついて書ける唯一の高品質タブレット/ペーパーレスで学習机の上もスッキリ快適に!
acceptable	家具大型家電配送
acceptable	掃除のプロが自宅で開業」
acceptable	保険市場おすすめの個人年金保険
acceptable	掃除のプロが家庭を掃除することで、日頃の落としきれない汚れを徹底的に洗浄します!
acceptable	少ない運転資金で開業可能
unacceptable	介護福祉士の求人・転職なら介護ワーカー。また働いている方の声や職場の雰囲気もお伝え可能
acceptable	エブリイの中古車探し
unacceptable	【保険料精神病でも入れる保険】
unacceptable	約100種の条件からあなたにマッチした諏訪市の賃貸アパートを選べる・長野県の物件多数掲載。
acceptable	結婚式場相談/横浜で結婚式をご検討中の方へ!あなただけの理想の結婚式をお得に探そう。
acceptable	創立20年以上。安心と信頼の実績
acceptable	外壁清掃を高圧洗浄でキレイに
unacceptable	アパート横手アパート
unacceptable	水回りの水漏れをプロが解決
acceptable	作成方法はこちらから
acceptable	【住友不動産】はジェイアーバン豊富な実績と、卓越したデザイン力と最新の技術でご提案。
acceptable	掃除のプロが家庭内キレイを徹底サポート!
unacceptable	生命保険の人気TOP３を発表
unacceptable	あなたにピッタリの好条件求人をお探しします。また働いている方の介護福祉士転職完全無料
unacceptable	保険市場が選ぶ保険商品
acceptable	介護士資格の取り方/あなたにピッタリの求人掲載。専任アドバイザーが面接の同行も。
acceptable	掃除のプロが家庭の汚れを徹底洗浄
acceptable	研修が充実して安心・約95%の方が掃除業者の仕事未経験
unacceptable	賃貸マンション・家賃相場の愛媛県西条市賃貸物件も可能。学割適用の物件・ペット可など多数掲載
unacceptable	初期費用の問い合わせもカンタン・ライフスタイルを豊かにする土崎賃貸サイトならCHINTAI
unacceptable	貯蓄型死亡保険終身も
unacceptable	カーリース1年購入
unacceptable	一番安い死亡保険はどれ?人気・安い・おすすめの保険が知りたい方必見！
unacceptable	わかりづらい保険も丁寧にご説明させて頂生命保険おすすめ30代ます!相談や見直しなら保険市場へ
acceptable	キーボード、マウスなど、pc周辺機器を多数取り揃え
acceptable	掃除の会社」として独立・開業・起業|ハウスクリーニングのおそうじ本舗おそうじ本舗のフランチャイズはサポート・研修体制が充実。ハウスクリーニング業界未経験でも安心・安定して独立・開業・起業!
acceptable	サイズ・価格・用途別に探せる
acceptable	【下野市】賃貸アパート情報
unacceptable	宣材・人探し値段たら
acceptable	お得に運搬するならミツモア
unacceptable	ソニー損保の新ネット医療保険は、中間コストを抑えたダイレクト販売!【保険市場】
unacceptable	奈土地価格相場【公式】
unacceptable	最大0名の草むしり業者の業者探しはミツモアで!実績・口コミから高評価のプロを選べるから安心。
unacceptable	お60歳生命保険料!
unacceptable	ビジネスファイナンス／公式
acceptable	壁紙染色サービス
acceptable	ガラス・サッシの清掃業者
acceptable	終身保険（しゅうしんほけん）のライズ・サポート・プラスをバクっと解説。告知事項はこちらで
unacceptable	6歳以上の方にも／ご高齢の方や持病のある方も6つの入院医療保険保険料は加入時から上がりません
acceptable	単発・未経験OKなどの条件で探せるバイト情報掲載。スキマ時間にすぐ働けてすぐお金がもらえる！
unacceptable	鳥取大学の賃貸マンション情報!ライフスタイルを豊かにする情報や最新の賃貸物件を多数ご用意
unacceptable	がん保険安いところ～3位を発表
acceptable	大洲市の賃貸マンション情報なら
unacceptable	60歳医療保険必要かも
acceptable	【知立市】賃貸アパート情報
acceptable	最大5人のプロからあなた専用の提案と見積もりが届く。蛇口の取り付け方・修理業者が見つかる!
unacceptable	お客様満足度97.9%。無料でコープ共済こーぷ保険相談が出来る。申込みまで全てオンラインで完結
unacceptable	美作アパート情報
unacceptable	千葉の賃貸物件情報を今すぐCHECK!一人暮らし向け、ペットと暮らせる物件を紹介。
unacceptable	月額払いで車購入/全車保証車
unacceptable	守山の賃貸物件情報あり。一人暮らしやペット可などのテーマから選べる理想のお部屋探し。
acceptable	おそうじ本舗」「おそうじ本舗のフランチャイズ」とは!
acceptable	最新求人がメールで届く
acceptable	ミラココアの中古車探し
acceptable	設備充実×安心安全の住友不動産賃貸オフィスや賃事務所を条件に合わせて検索できる公式サイト
unacceptable	ETCカードなら楽天年会費無料!ポイントはコンビニやスーパーでのお支払いにも使える
unacceptable	宮崎市の賃貸マンション情報!毎日豊富な新着物件を様々な条件で探せる。
unacceptable	死亡保険はネットで安い?
acceptable	終身保険とはどんな保険?
unacceptable	セゾンカードならETCカードのETC利用でETCマイレージクラブが年会費永年無料
acceptable	事業資金借りるはこちら
unacceptable	化粧水・乳液状美容液で簡単2stepケア。乾燥、小ジワ、尽きない女性ブライトエイジの悩みへ
unacceptable	掛け全労済がん保険評判
acceptable	ミラジーノ1000（USEDCAR）
acceptable	デジタル顕微鏡を法人価格で購入。2000円以上送料無料、最短当日出荷！
acceptable	高岡のアパート・賃貸物件
acceptable	着るだけでテンション上がるアイテム続々入荷中XSサイズ〜フリーサイズまで展開中。
unacceptable	向け賃貸三股町賃貸
acceptable	山形単発バイトにすぐ働けてすぐお金がもらえる！メンドウな面接や履歴書も一切必要ありません！
acceptable	在宅ワーク/データ入力単発
unacceptable	バイト探しで悩んだら橋本環奈に相談!スキマ時間にすぐ働けてすぐお金がもらえる！
acceptable	福島市の写真館をお探しなら
unacceptable	生命保険の必要性型保険はこちら
acceptable	サンワサプライのラック・デスクが充実!会員ランクに応じてポイント獲得がお得に。
acceptable	ハイゼットカーゴの中古車探し
unacceptable	楽天カードの学生楽天カードアカデミー審査！好みに合わせて付帯サービスをカスタマイズできる
unacceptable	宣材・ネズミ退治の税理士
acceptable	マタニティフォト 長崎
acceptable	ラノベ原作の漫画も配信中
acceptable	制作の見積もりを依頼
acceptable	洗濯槽掃除はプロにおまかせ。
unacceptable	アンテナ水漏れ費用なら
acceptable	専用タブレットで学ぶ
unacceptable	【5人に1人】2025年には65歳以上に選損保ジャパンがん保険評判でいいかわからない方におすすめ
unacceptable	物件の更新群馬県賃貸アパート
unacceptable	武雄温泉アパート物件多数掲載。初期費用の問い合わせもカンタン！賃貸情報サイトCHINTAI。
acceptable	非IT系含め2870社8005案件の実績！あなたの希望条件に合わせて非公開案件も紹介
unacceptable	週3事務派遣
unacceptable	アンテナ設置水漏れ蛇口
acceptable	介護士グループホーム求人募集
unacceptable	不動産売却ならカウカモ！あなたの神奈川家売るで全員に1万円分のギフト券プレゼント
unacceptable	保険料が上がらない、入院や手術を一生涯保障する医療保険です。30歳女性の場合の保険料
unacceptable	死亡保険は死亡保障で選ぶべき企業死亡保険？人気の生命保険の比較・見積り・相談なら保険市場！
acceptable	土佐山田の賃貸物件情報サイト・一人暮らしやペット可などのテーマから選べる理想のお部屋探し。
unacceptable	人気のビジネスローンで資金調達・運用資金の足商工業緊急融資。実績豊富な事業者ローンサービス
acceptable	【公式】Timeeバイト短期
acceptable	持病がある方でも入りやすい保険
acceptable	公式アプリのスマホatm機能で、全国のセブン銀行atmからスムーズに借り入れ・返済が行えます。
acceptable	グループホームの求人、転職なら介護ワーカー。もっとキャリアアップできる職場へ
acceptable	盛岡の賃貸マンション・アパート・一戸建ての物件掲載数が豊富。初期費用などのお問合わせ無料！
acceptable	約100種の条件からあなたにマッチした小松市の賃貸アパートを選べる・賃貸情報サイトならCHINTAI
unacceptable	奈良不動産売る査定
unacceptable	【保険市場】定期保険ランキング
unacceptable	LOCATIONワクチン求人のライフスタイルをつかもう！あなたに合う職がきっと見つかる
acceptable	台所排水管掃除はプロにお任せ
unacceptable	介護ワーカーデメリット県求人
acceptable	全国対応/デザイナーが多数登録
unacceptable	看護師と検索した方にオススメ!専任のアドバイザーがあなたの転職をお手伝いします
acceptable	掃除のプロが専門知識・技術を駆使して、日頃の落としきれない汚れを徹底的に洗浄します!汚れやカビ、ニオイを取り除いて、キレイで快適な生活を送りませんか?
acceptable	楽々おそうじ本舗
acceptable	【香椎】賃貸・アパートを検索
unacceptable	化粧水・乳液状美容液で簡単4STEPケア。ブライトエイジ、小ジワ、尽きない女性のお肌の悩みへ
unacceptable	年会費楽天ピンクカード追加。
acceptable	【ライズ・サポート・プラス】
unacceptable	ネズミ業者家電やパソコンなども、面倒な手続きや時間を取られることなく回収することができます
acceptable	三次市の新着アパート情報を毎日更新!賃貸マンション・アパート・一戸建ての物件掲載数が豊富。
acceptable	65歳以上の方におすすめの保険
acceptable	脱サラ」や「独立・開業」を目指す方、未経験の方でも安心サポート体制が充実。ハウスクリーニング業界未経験でも安心・安定して独立・開業・起業!
unacceptable	【2022年】ネズミ撃退法
acceptable	掃除のプロがオーナーなら店舗数業界no.1のおそうじ本舗
acceptable	掃除」は、家事のプロにおまかせ
acceptable	日雇いバイトを探すなら求人情報サイトが断然おすすめ!条件を満たしていればすぐ働けます。
unacceptable	【公式】介護ワーカー：介護の看護助手募集持ちの方必見。プロがあなたの転職活動を徹底サポート
acceptable	安心」というブランド認知度の高さ
acceptable	お宮参りはアリスにおまかせ
unacceptable	人気の保険を保険市場ブロードマインド時金や月払保険料で徹底比較！保険のご相談なら保険市場。
acceptable	【派遣に特化した派遣求人サイト】即日開始、時給1700円以上等の派遣求人を探すならリクナビ派遣
unacceptable	【公式】個人事業主代替わり
acceptable	（最短当日出荷）安心のメーカーや型番から対応iPhoneSEアクセサリーなど各種メモリをお得に。
acceptable	【松江市】賃貸アパート情報
unacceptable	死亡保険・一括資料メリウス保険は死亡保障で選ぶべき／年齢と性別を入力して保険料比較も可能
unacceptable	人気のビジネスローンで資金調達・運用資金の足しに。実績豊富な事業者ローン個人事業主事業資金
unacceptable	看護師の仕事を学べる専門校。高給与、土日休み、賞与年3回など条件に合わせた求人情報多数。
unacceptable	【公式】大津市アパート
unacceptable	約100種の条件からあなたにマッチした白山市の賃貸アパートを選べる・賃貸情報サイト CHINTAI。
acceptable	【看護師求人】名古屋市で探す
unacceptable	≪見積もり無料≫アンテナの取り付け、床ワックスなど、種類・対象に応じた対策をプロにお任せ。
acceptable	おそうじ本舗」「おそうじ本舗のfc」など、安心と信頼の実績【おそうじ本舗】で開業を【fcオーナー募集】おそうじ本舗のフランチャイズはサポート・研修体制が充実。ハウスクリーニング業界未経験でも安心・安定して独立・開業・起業!
unacceptable	【1】100万円融資個人向けローン
unacceptable	ldlコレステロール高いサプリへ
unacceptable	ゼクシィ/ゼクシィ
acceptable	貯蓄型生命保険、定期保険
unacceptable	学生向け賃貸大分県賃貸情報
unacceptable	70歳キュアサポートプラス保険料の死亡保険キャンドル。告知事項は2つに限定し、申込みやすい
acceptable	介護ワーカーに転職。ここにしかない非公開の求人の中からあなたに合った求人をご提案します！
acceptable	最大5社からすぐ見積もりが届く。ミツモアならあなたの条件に合う蜂の巣駆除の業者が見つかる。
acceptable	直売カーセンサーのカーリース
acceptable	セラミド配合で高保湿!憧れのうるおいあふれるツヤ肌へ/素肌感を大事にしたい方におすすめ。
unacceptable	貯蓄型医療保険「じぶんの積立」
unacceptable	【公式】ぜくしぃネット
acceptable	別府市の賃貸物件情報サイト・一人暮らしやペット可などのテーマから選べる理想のお部屋探し。
unacceptable	生命保険年齢【5位～5位】
unacceptable	事業資金の足しに事業資金を借入
acceptable	壁紙の汚れやニオイ、キズ破れに
unacceptable	洗濯機の掃除はネズミ退治や臭い、製氷室までピカピカに!人体や環境に配慮した洗剤で徹底解決。
unacceptable	悪玉コレステロールの下げ方。小林製薬が独自に研究したコレステロール対策サプリ！
unacceptable	住友不動産販売株式会社の事務所
unacceptable	介護職員初任者研修を働きながら学べる。年収400万円以上・土日休みなどの条件で検索。
unacceptable	ラノベなど人気電子書籍が充実ギャラリーフェイク漫画無料で試し読み！人気少年・青年漫画が充実
unacceptable	浄水器カートリッジ交換依頼
unacceptable	買取依頼の流れや査定のポイントなど情報が満載。【住友不動産販売】
acceptable	全車保証車／WEB完結のカーリース
acceptable	保険市場/死亡保険 おすすめ
acceptable	高性能タブレットが年中使える。幅広い分野の教材を偏りなく取り組むことが可能に
unacceptable	新車サブスク車サブスクお得
acceptable	753/スタジオアリス公式
acceptable	あなたのお部屋探しの条件は?家賃やライフスタイルなどから選べる豊富な物件情報を多数掲載中!
acceptable	【最新】人気ランキング／個人年金保険を一括比較＆資料請求！保険の相談や見直しならコチラから
acceptable	通信教育だから小学1年生から始められる!塾・学習教室と比べて年間約「96,000円」もお得に
unacceptable	初期費用などのお武雄温泉アパート費用の問い合わせもカンタン！賃貸情報サイトCHINTAI。
acceptable	退職金の新しい選択、おそうじ本舗のフランチャイズ。
unacceptable	新潟生活支援員求人情報
acceptable	オリックス終身保険
unacceptable	東京の船橋不動産査定売却のご相談・査定でギフト券1万円分プレゼント
acceptable	鍵の複製・交換
unacceptable	安い死亡保険をお探しなら
acceptable	浴室掃除業者ならおそうじ本舗
unacceptable	【賃貸薩摩川内市】公式サイト
unacceptable	介護職の求人・転職なら介護ワーカー 垂水区。もっとキャリアアップできる職場へ
acceptable	短期でもOKな短期バイトも。利用歴に応じて付与されるEXPでグレード特典を手に入れよう！
acceptable	年会費無料／楽天カード
acceptable	【住友不動産】の建売を探すなら
acceptable	個人年金保険を保険料で比較
acceptable	結婚式場相談/埼玉で結婚式をご検討中の方へ!あなただけの理想の結婚式をお得に探そう。
unacceptable	小・中学生向け少額短期保険
acceptable	おそうじ本舗のサッシ掃除」とは!
acceptable	ラック・サンワサプライの商品がプチプラで買える。タワー型・マウント型ラックも豊富にご用意！
acceptable	法人・法人借入審査のお客様専用
acceptable	綺麗な部屋=快適な睡眠へ
acceptable	長岡市/賃貸アパート情報サイト
acceptable	月1078円～まずはホットヨガ体験
acceptable	大分の賃貸物件情報を今すぐCHECK!賃貸マンション・アパート・一戸建ての物件掲載数が豊富。
acceptable	倉敷市の新着アパート情報を毎日更新!賃貸マンション・アパート・一戸建ての物件掲載数が豊富。
acceptable	セキュリティを配慮した女性向け賃貸物件や、女性に人気の賃貸マンション・アパートが充実！
acceptable	安心の低価格・高品質サーバーラック。タワー型・マウント型ラックも豊富にご用意！
unacceptable	経理仕事内容求人
acceptable	地域密着」ブランドで独立・開業するなら
unacceptable	神奈川不動産売る売却
acceptable	鹿屋の賃貸物件情報あり。ライフスタイルを豊かにする情報や最新の賃貸物件を多数ご用意
unacceptable	医療オリックス生命緩和型：公式
unacceptable	事業資金の足しに事業資金を融資
acceptable	掃除のプロがフランチャイズ開業|ハウスクリーニングのおそうじ本舗おそうじ本舗のフランチャイズはサポート・研修体制が充実。ハウスクリーニング業界未経験でも安心・安定して独立・開業・起業!
unacceptable	高松病棟看護助手
acceptable	生の声だからこその信憑性
unacceptable	医療保険安いところなら
acceptable	オリックス生命の女性向け保険
acceptable	約100種の条件からあなたにマッチした鳥取市の賃貸物件を選べる・賃貸情報サイト CHINTAI。
unacceptable	人気のネット型死亡保険１位～３位
unacceptable	2022年版個人年金保険個人年金dc
unacceptable	全国対応の介護職専門のヘルパーの求人情報を優先的にご案内。もっとキャリアアップできる職場へ
acceptable	【松江市】賃貸・アパートを検索
unacceptable	【公式】楽天カード クレジット
unacceptable	お手頃な保険料の保険商品をご紹介／医療保険、がん医療保険71才、女性向け医療保険、定期保険
unacceptable	終身医療保険 じぶんへの保険3
unacceptable	立合いシロアリの駆除
unacceptable	神戸市の介護求人がザクザクみつかる!また転職サポートを使えばスムーズに転職ができます。
unacceptable	ネットでカンタン資料請求＆お申込み！保険医療保険の保険料商品・保険料のチェックはコチラから
unacceptable	医療高齢者生命保険80歳以上の？
acceptable	スペーシアの中古車探し
unacceptable	長野県の飯田アパート多数掲載。初期費用の問い合わせもカンタン！賃貸情報サイトCHINTAI。
acceptable	【ミニクラブマン】プロの第三者機関が見極めた‐安心のカーセンサー認定車を多数掲載です！
acceptable	掃除のプロが店舗数業界no.1/全国1,701店舗
acceptable	住友不動産神田オフィスビル
unacceptable	浴室・トイレ・キッチン・センサーライトの害獣駆除ネズミはプロにお任せ!隅々までピカピカに。
unacceptable	働き単発バイト栃木時に働けて、すぐにお金がもらえるスキマバイトサービス／Timee(タイミー)
unacceptable	【400月新着】LOCATION
acceptable	スキンケアだけでなく、ベースメイクも美容成分たっぷりのアイテムで「うるおい溢れるツヤ肌」へマンツーマンで仕上げる
unacceptable	20代~50代以上に選ばれている保険を保険30代男性既婚おすすめ化。保険のご相談は≪保険市場≫
acceptable	脱サラ」など、新しい仕事の形も
unacceptable	人とビジネス、環境にやさしい安心のオフィスビル移転対応などの最新設備オフィスなら住友不動産
acceptable	トイレの詰まりを業者に依頼
acceptable	楽天クレジットカードの作り方
unacceptable	2022年最新国保と社保の違い?
unacceptable	エブリイワゴンターボ見つかる
unacceptable	1楽天etcカード支払いなら
acceptable	ハウスクリーニングのフランチャイズで独立・開業するなら
acceptable	WEBカメラ業務用
unacceptable	敷金礼金ゼロの物件あり／賃貸薩摩川内市相場・学校名で検索：ライフスタイルに合ったお部屋探し
unacceptable	保険市場イチオシ保険市場
acceptable	茨城の賃貸物件情報を今すぐCHECK!ライフスタイルを豊かにする情報や最新の賃貸物件を多数ご用意
unacceptable	死亡保険選びをプロがサポート
unacceptable	≪簡単2分≫質問事項に答えるだけで依頼完了!エアコンの取付・交換に強いプロから見積もりが届く
unacceptable	ETVOS／ベストコスメ受賞のスキンetvosファンデーション口コミ。肌を保湿するセラミド成分配合
unacceptable	新車サブスク車定額
unacceptable	 2,141,350円 神奈川県 不動産 (総 棟数) 神奈川県 事業用不動産 住友不動産販売公式 (神奈川県)
unacceptable	鍵の110番
unacceptable	ごクレジット楽天
unacceptable	リサイクル家電やパソコンなども、排水管掃除方法・冷蔵庫などの家具家電の処分は業者にお任せ。
acceptable	小学生タブレット大人気のスマイルゼミから幼児コースが新登場!資料請求で他社と比較。
unacceptable	貯蓄型終身保険した保険も
unacceptable	賃貸天理アパート情報
unacceptable	パパ・ママ介護生命保険?
acceptable	【一宮市】賃貸アパート情報
unacceptable	1分で完了 無料相談予約
unacceptable	2022年版死亡保障安いランキング
acceptable	綺麗な店舗/清潔な店舗
unacceptable	秋田市ヨガより、効率的に無理なく柔軟なカラダづくり。いま話題のホットヨガ教室／ロイブ公式
acceptable	753の写真はプロに依頼
acceptable	式場見学予約ならお任せ。ホテルでも式場でもレストランでも、結婚式が挙げられる場所が探せる。
acceptable	【公式】セゾンのクレジット
unacceptable	シニア保険保険通院0~5位
unacceptable	最短5分で物件石川賃貸を毎日更新中！人気の厳選テーマから理想のお部屋探し【スマホでCHINTAI】
unacceptable	敷金礼金ゼロの物件あり／家賃相場・学校名で羽島市アパート：ライフスタイルに合ったお部屋探し
acceptable	活動量計公式通販サイト
acceptable	マタニティーフォト撮影の依頼
acceptable	新品同様にキレイに
acceptable	橿原市周辺の写真館を探す
unacceptable	ETCカードなら楽天カード/ETC
unacceptable	今話題鬼の千年恋漫画
acceptable	丁寧に洗浄後にワックスを2回塗布。驚きの輝きを取り戻し、床材もしっかりガードします。
unacceptable	美唄賃貸アパート向け賃貸情報
unacceptable	翻訳WEBサイト英語施工
unacceptable	死亡保険の金額の目安ってどれくらい?
acceptable	掃除のプロが教える
acceptable	橿原市の賃貸物件情報を今すぐCHECK!賃貸マンション・アパート・一戸建ての物件掲載数が豊富。
acceptable	おそうじ本舗/全国1,701店舗/ハウスクリーニング業界未経験でも安心/安定して独立・開業・起業!
acceptable	トイレのタンクの水漏れ修理
unacceptable	求人介護士ワーカー
acceptable	床の張替えや補修、コーティングなど様々なご要望に経験豊富な業者が対応。
acceptable	【中古車・中古車情報】
acceptable	永年無料のクレジットカード
unacceptable	丸亀市の賃貸アパート情報!ライフスタイルを豊かにする情報や最新の賃貸物件を多数ご用意
unacceptable	レイアウトイメージ掲載！最大約2,2事務所空室、2フロア最大2,2坪超の大型イベント会場が登場。
acceptable	【小山市】賃貸アパート情報
acceptable	脱サラ」など、新しい挑戦をお考えのあなたへ。おそうじ本舗ならしっかり稼げます。
acceptable	キャッシングサービスもあり
unacceptable	個人事業主
acceptable	前撮り撮影の依頼をご検討の方
acceptable	サーバーラック選びで失敗しないために、複数社の見積もりやプランを比較するのがおすすめ。
unacceptable	【銀行での融資をご検討の方必見】お申込みからご融資までご来店は不要。最短5起業資金調達方法
acceptable	ミニクーパーの中古車探し・カーセンサーアフター保証は料金が安い！
acceptable	おそうじ本舗」とは。ブランド認知度の高さで2020年度のご依頼は約27万件以上!
unacceptable	特別養護の介護職介護福祉士探しですか？あなたの経験を活かせる求人をご紹介。まずは会員登録
unacceptable	ディンプルキー交換を受けるには確定申告が必要です。ミツモアで税理士に確定申告を依頼しよう。
unacceptable	【取引は全国のATMで利用可能】お悩みの会社起こす資金までご来店は不要。最短1営業日で取引可能
unacceptable	楽天カードpinkざくざく貯まる
unacceptable	敷金礼金ゼロの物件あり／家賃相場・学校名で検索：ライフスタイルに合ったお部屋探鹿屋アパート
acceptable	マスクメイク時のメイクアイテム選びにお悩みなら必見!
unacceptable	リクナビワクチン求人求人
unacceptable	認知症保険とプロが入りたい生命保険ランキング2021、ネット型死亡保険の相談なら保険市場!
acceptable	【楽天カード】ETCカード
acceptable	壁紙クロスの貼り替えを検討中の方へ
acceptable	七五三の写真はプロに依頼
acceptable	メディケア生命/公式サイト
unacceptable	ら【カーセンサー】
unacceptable	初期費用の問い合わせも必見！東御市賃貸・家賃相場の賃貸物件を探すなら【スマホでCHINTAI】
acceptable	2022年死亡保険シュミレーション
unacceptable	【依頼者120万人突破】全国47都道府県でご依頼実績あり
acceptable	冷蔵庫掃除業者ならおそうじ本舗
acceptable	研修が充実
unacceptable	水漏れをプロがクリーニング
acceptable	ETCカードなら楽天カード!コンビニやスーパーでのご利用でザクザク貯まる
unacceptable	福岡県の賃貸物件情報サイト・ライフスタイルを豊かにする情報や最新の賃貸物件を多数ご用意
acceptable	ファインセーブの保険料比較
unacceptable	《年会費楽天カード発行日数》デザイン選べる楽天カード！三大あんしん機能でセキュリティー充実
acceptable	ドラム式洗濯機クリーニングなら
acceptable	兵庫県の物件多数掲載。一人暮らしやペット可などのテーマから選べる理想のお部屋探し。
unacceptable	WEBで完結のカーリース-頭金０円
acceptable	自営業者必見/好条件の求人多数
unacceptable	看護助手募集仕事
unacceptable	東京介護求人介護ワーカー大阪
acceptable	人気の個人年金保険をランキングで一括比較。保険の相談や見直しならコチラから
acceptable	赤ちゃん撮影の服装を相談
acceptable	働きたい時に働けて、すぐにお金がもらえるスキマバイトサービス／Timee(タイミー日雇い)
unacceptable	一人暮らしやペット可などのテーマから選べる理想のお部屋探秋田市賃貸【スマホでCHINTAI】
unacceptable	シニア コールセンターの求人
unacceptable	楽天カードはカンタン楽天カードはどうやって作る！年会費無料／携帯料金の支払いで簡単申し込み
unacceptable	楽天カードは1枚目も
unacceptable	オリックス生命はオリックスのグループ会社です／ライフステージに合わせて保険の加入＆見直しを
unacceptable	公式/AGAオンラインクリニック
unacceptable	浅口市の賃貸アパート情報!一人暮らしやペット可などのテーマから選べる理想のお部屋探し。
acceptable	社会福祉士・介護福祉士の受験資格なら介護ワーカー。転職サポート登録で非公開求人もご紹介
acceptable	持病があっても加入できる保険
acceptable	近江八幡市の賃貸物件情報サイト・ライフスタイルを豊かにする情報や最新の賃貸物件を多数ご用意
unacceptable	全国の業者が登録。最大5社から届く見積もりを比較して、オトクに依頼しよう。
acceptable	秋田市の賃貸物件情報サイト・賃貸マンション・アパート・一戸建ての物件掲載数が豊富。
acceptable	掃除のプロ」になりませんか?
acceptable	ウェディング婚礼
unacceptable	埼玉主任ケアマネ求人
acceptable	生命保険のことなら【保険市場】
acceptable	専用機材でしっかり洗浄した後にワックスを2回塗布。驚きの輝きを取り戻し、床材もしっかりガードします。
unacceptable	【5】ビジネスローン自営業融資
unacceptable	結婚式会場以外もフォローが充実。二次会や前撮り、指輪のごウェディング相談横浜も可能です。
acceptable	富良野介護求人スタッフ求人
unacceptable	がん保険どこが保険市場
unacceptable	子どものための保険/迷ったら
acceptable	気にお申込年金資産運用
unacceptable	和訳英語/アプリ1つでOK
acceptable	一歳お誕生日の写真撮影なら
acceptable	掃除のプロが専門機材・洗剤を使用し、スピーディーかつ丁寧に汚れを落とします。
acceptable	全国の商業カメラマンが登録。最大5名から届く見積もりを比較して、オトクに依頼しよう。
acceptable	葬儀保険比較を無理なく積み立てたい方へ。保険料シミュレーションで月払保険料がいくらか分かる
acceptable	おそうじ本舗」とは?説明会予約
acceptable	岡山の賃貸物件情報を今すぐCHECK!賃貸マンション・アパート・一戸建ての物件掲載数が豊富。
acceptable	【牛久市】賃貸・アパートを検索
unacceptable	宝塚の介護求人がザクザクみつかる!グループホーム等様々な施設形態、勤務形態で求人検索可能
acceptable	【横浜】賃貸・アパートを検索
unacceptable	全国の草刈り代行のプロが登録。条件に合った見積もりが届く。チャットで相談してプロを選べる
acceptable	老後の資金を確実に備えるならいくらの年金を何歳から、いつまで受け取る保険市場で保険を決める
unacceptable	商品内容や自分にあったオプション(特約)が分からない方は、お気軽にお問い合わせください｡
acceptable	【エトヴォス神戸】日頃のスキンケアでは物足りない。そんな方にエトヴォスのスキンケアライン
acceptable	住友不動産ホームの見学予約
acceptable	岩手県で貸家を探すならここ
unacceptable	【ゼクシー】ゼクシィに会員登録すると、ダンドリチェック等、便利な機能が使える。
acceptable	東京の様々なエリアに多様なスペックのオフィス災害対策にやさしい安心安全なオフィスビルづくり
unacceptable	オリックス生命のオリックス生命緩和型保険期間6年の場合月々6円／ネット専用定期保険ブリッジ
unacceptable	コレステロール中性脂肪下げるへ
acceptable	掃除のプロが家庭や店舗の掃除を代行!?」「ハウスクリーニングのフランチャイズで独立・開業・起業|ハウスクリーニングのおそうじ本舗おそうじ本舗のフランチャイズはサポート・研修体制が充実。ハウスクリーニング業界未経験でも安心・安定して独立・開業・起業!
acceptable	ネット申込みなら保障は申し込んだその日から！あなたのニーズに合わせて組立て自由。
acceptable	鯖江市の新着アパート情報を毎日更新!最新の空き状況や詳細情報がスマホで確認できる
unacceptable	人気駅から徒歩10分みよし市賃貸／家賃相場・学校名で検索：ライフスタイルに合ったお部屋探し
acceptable	一人で悩まず、シロアリ駆除一軒家値段プロから見積もりが届く。チャットで相談できるので安心。
unacceptable	東京の湯島駅マンション売却売却のご相談・査定でギフト券1万円分プレゼント
acceptable	エアコンや水回りの頑固な汚れ、エアコンの分解洗浄など、頑固な汚れはプロの技にお任せ！
unacceptable	中津賃貸賃貸物件
acceptable	≪衣装500着以上≫人気ブランド・新作衣装も続々登場！
unacceptable	介護ワーカー 神戸の求人、転職なら介護ワーカー。長年培った経験で安心してご利用できます
acceptable	オリックスクレジットのおまとめローンは借入れ時、借換え時の保証料が無料!24Hお申込みOK
unacceptable	全車保証車／WEB完結のカーリース
unacceptable	死亡保険シュミレーション保険
unacceptable	東京の様々なエリアに多様なスペックの住友不動産五反田にやさしい安心安全なオフィスビルづくり
acceptable	【看護師求人】大阪の求人情報
acceptable	家事代行サービスのフランチャイズ契約
acceptable	お宮参り撮影の予約はこちら
acceptable	追い焚き配管除菌クリーニング
acceptable	アンテナ大型家電配送
acceptable	住友不動産青山オフィスビル
unacceptable	【公式】水道の蛇口交換
acceptable	WEBカメラの通販・WEBカメラ／モバイルバッテリーなど、PC周辺機器を多数取り揃え
unacceptable	死亡保険貯蓄オンライン保険相談
unacceptable	【看護師求人】兵庫の求人情報
unacceptable	看護師・准看護師の求人情報なら【リクナビネクスト】転職サポート登録で非公開求人もご紹介
unacceptable	ファインセーブシュミレーション、終身保険ライズこされたご家族さまの生活を年金形式でサポート
unacceptable	埼玉の一人暮らし物件掲載数が豊富。一人暮らし向け、ペットと暮らせる物件を紹介。
acceptable	熊本のマタニティフォト撮影
acceptable	ゼクシイの結婚式場情報!少人数挙式など費用を抑えたい方向けのプランも充実
unacceptable	ブライトエイジシミ価格は？
unacceptable	(rakuten カード)・ポイントはコンビニやスーパーでのお支払いにも使える
unacceptable	害獣駆除ネズミしょう
unacceptable	万一の時に備え、病気お葬式代保険を簡単比較!気になるってホント?万が一の時家族に残せる保険
unacceptable	1時間だけタイミー兵庫
unacceptable	大仙市の賃貸物件情報!賃貸マンション・アパート・一戸建ての物件掲載数が豊富。
unacceptable	アパート排水管清掃費用方へ
unacceptable	東京の建物売買価格決め方のご相談・査定でギフト券1万円分プレゼント
unacceptable	【旧】個人事業ローン
acceptable	【初回契約後最大30日間特典あり】キャッシング・カードローンならアイフル
unacceptable	医療40代医療保険
unacceptable	iPad Air／iPad Pro／iPad mini／モバイルモニターDVD・ブルーレイケースなど多数取り揃え
unacceptable	七大生活習慣病の入院は40入院120日まで保障。医療保障・死亡保障が医療保険見積もりで一生涯
unacceptable	【銀行での融資をご検討の方必見】お個人事業ローンで大型融資をご希望の方も安心して申込み可能
unacceptable	がん保険人気ランキング
acceptable	全国のプロに雑草の手入れを依頼
unacceptable	南アルプス市 CHINTAIの情報がわかる!賃貸マンション・アパート・一戸建ての物件掲載数が豊富。
unacceptable	2022年死亡保険コーピーカード
unacceptable	大手生協生命保険べき
acceptable	子供用学資保険【親の安心と子どもの楽しい、両方叶えるなら】相談や見直しなら保険市場へ
acceptable	【三田市】賃貸アパート情報
acceptable	etvos新作【公式通販サイト】
acceptable	【名張市】賃貸アパート情報
acceptable	オリックス生命の代理店
unacceptable	介護職1級の取得を目指すなら、ヘルパー2級の取得がおすすめ。（今すぐチェック）
acceptable	広島賃貸情報サイト
unacceptable	安く保険料を安くしたいなら一括見積もりがおすすめ。死亡保険はライフイベントごとに見直そう。
unacceptable	1
unacceptable	ETCカードは楽天年会費でお得
acceptable	×廃材が出ないので環境に優しい
unacceptable	庭木剪定浴室水栓交換
acceptable	身辺調査を依頼する
acceptable	グループホーム求人大阪職
unacceptable	安い死亡保険はどこ？
unacceptable	草刈り費用しょう
unacceptable	ドブネズミ・ハツカネズミ・クマネズミなど、草むしり業者に合わせた適切な処置をプロにお任せ。
acceptable	最大5社から届く見積もりを比較して、あなたにぴったりのチラシデザイン業者を見つけましょう。
acceptable	結婚式場相談はブライダル埼玉
acceptable	ブライダルで挙式をご検討中の方へ!まずはフェア見学に参加して結婚式をイメージしよう
unacceptable	RISE／ライズ専用ページ（公式）
unacceptable	学資保険とは?20代～50代以上の人に人気の保険を確認しよう！
acceptable	ホームヘルパーの求人、転職なら介護ワーカー。また働いている方の声や職場の雰囲気もお伝え可能
unacceptable	クレジットカード楽天jcbカード楽天カードがお得！いろんなお店で楽天ポイントを貯めてポイ活を
acceptable	保険相談プレゼントキャンペーン
unacceptable	早めに資金調達が必要な方へ
unacceptable	日本橋オフィス環境
acceptable	ベンツの中古車探し・プロの第三者機関が見極めた‐安心のカーセンサー認定車を多数掲載です！
unacceptable	シニア保険探満期の保険0~5位
unacceptable	20代~50代以上の人が気に個人年金保険の年金を何歳から、いつまで受け取るかで保険を決める
acceptable	死亡保障はどこが一番お得?
unacceptable	個人年金保険ランキングTOP３
acceptable	セゾンクレジットカードサポート。限定優待やサービスでより快適な生活を求めるあなたをサポート
acceptable	楽々クリアファイル
acceptable	最新／ハローワーク掲載求人あり
acceptable	オリックスマネーのローンカード
unacceptable	オフィスビル住友不動産水道橋
acceptable	掃除のプロが高収入に?おそうじ本舗のフランチャイズで独立・開業・起業|ハウスクリーニングのおそうじ本舗おそうじ本舗のフランチャイズはサポート・研修体制が充実。ハウスクリーニング業界未経験でも安心・安定して独立・開業・起業!
acceptable	1歳お誕生日の写真スタジオ
acceptable	【公式】介護ワーカー：生活支援員情報をお持ちの方必見。プロがあなたの転職活動を徹底サポート
unacceptable	小林製薬/公式通販サイト
unacceptable	東京の売却税査定するならカウカモ！プロが不動産売却をエスコートします
acceptable	充実したビジネスサポート
unacceptable	高知の一人暮らし物件掲載数が豊富。賃貸情報サイトならCHINTAI
acceptable	赤ちゃん写真の衣装をお探しなら
unacceptable	グッドデザイン賞多数受賞。確かな提案力と技術力でいつまでjurban暮らしたいと思える家を
acceptable	≪見積もり無料≫フローリング・床の張り替えや補修、コーティングのプロから見積もりが届く。
acceptable	掃除の会社」ブランドで2020年度のご依頼は約27万件以上!
unacceptable	【人気の介護保険を徹底比較】どこを選んでいいかわからない方に、生命保険何歳までに備えよう!
acceptable	高知市/賃貸アパート情報サイト
unacceptable	浴室・トイレ人探し値段・洗面所・換気扇など水回りの掃除はプロにお任せ!隅々までピカピカに。
acceptable	【伊丹】賃貸・アパートを検索
unacceptable	公式／楽天楽天etcカード有効期限がカンタン！免許証・印鑑不要。審査完了後に約1週間で届く
acceptable	家庭用のサーバーラック。法人様の特価対応・請求書払い・掛売りも対応しております！
acceptable	掃除が仕事」になるおそうじ本舗
unacceptable	Saison/プラチナビジネス
acceptable	結婚式場相談はこちらから
acceptable	掃除業者の値段はこちらから
acceptable	土佐の賃貸物件情報を今すぐCHECK!ライフスタイルを豊かにする情報や最新の賃貸物件を多数ご用意
unacceptable	人気の介護保険1位～5位を
acceptable	掃除のプロ」がおそうじ本舗のフランチャイズ【ハウスクリーニングのおそうじ本舗】
unacceptable	20代〜50代以上におすすめの医療保険1位〜5位をランキング別に徹底比較!【保険市場】
unacceptable	自宅周辺の派遣ファッション人材派遣を探すならリクナビ派遣／新着案件多数掲載
unacceptable	水漏れやトイレの水漏れ、蛇口交換・修理のプロが多数登録中!希望条件にあっただいております。
acceptable	おそうじ本舗」ブランドで展開中!全国約1,701店舗展開中!
unacceptable	詰まり修理のプロにお任せ
unacceptable	住友不動産上野オフィスビル
acceptable	栃木の賃貸アパート／マンション
acceptable	約100種の条件からあなたにマッチした鳥取市の賃貸マンションを選べる・鳥取県の物件多数掲載。
acceptable	宮崎市の賃貸物件情報を今すぐチェック!最新の空き状況や詳細情報がスマホで確認できる
acceptable	一生に一度の思い出となるウエディング写真を、プロのカメラマンに撮影を依頼しよう。
acceptable	【岩手県】賃貸・アパートを検索
unacceptable	オリックス生命のCMでおなじみの保険会社からも見積もり可能。【〇〇〇〇】
acceptable	全国の結婚式場を検索。結婚式の費用や結婚式準備の流れ等が分かる、結婚準備マニュアルを掲載。
unacceptable	賃貸マンション長崎市アパート
unacceptable	敷金礼金新潟物件物件あり
unacceptable	初回ちはやふる漫画
unacceptable	働き短期バイト広島時に働けて、すぐにお金がもらえるスキマバイトサービス／Timee(タイミー)
unacceptable	働きバイト1日時に働けて、すぐにお金がもらえるスキマバイトサービス／Timee(タイミー)
unacceptable	事業資金のフリーランスローン
acceptable	脱サラ」や「独立・開業」もfc本部がサポート!
unacceptable	楽天カード楽天カード再発行楽天カードがお得！いろんなお店で楽天ポイントを貯めてポイ活を
unacceptable	入ってよ共済終身医療保険
unacceptable	インプレッサの式場
unacceptable	月々63歳医療保険歳女性
acceptable	楽天ETCカードのお申し込みはこちら・ポイントはコンビニやスーパーでのお支払いにも使える
acceptable	事業者ローンの申込みはこちら
unacceptable	どこ63歳死亡保険
unacceptable	法人の方は決算書1期分と本人確認書類1点で最短即日融資！赤字決算融資ローンは繰り返し利用可能
unacceptable	楽天クレジットカードの作り方/新規入会&ご利用で8,000ポイントプレゼント・年会費永年無料！
unacceptable	人気の5安い生命保険を徹底比較
unacceptable	東京のマンション査定書雛形売却のご相談・査定でギフト券1万円分プレゼント
acceptable	ミニクロスオーバーの中古車探し・カーセンサーアフター保証は料金が安い！
unacceptable	好条件の求人がザクザクみつかる！給与・休暇に妥協をしない転職なら
acceptable	中古車ならアウトバック中古
acceptable	掃除のプロが家庭訪問・おそうじ本舗実施済みのサポートを自動で実施
unacceptable	ETVOS公式ホームページ
unacceptable	公式直販株式会社エトバスだからこその豊富なラインナップ。エトヴォスの人気アイテムをチェック
unacceptable	向け賃貸熊本アパート
unacceptable	【公式】ゼクシィカウンター愛知
unacceptable	オフィスビル住友不動産上野
unacceptable	福音寺の賃貸物件情報!一人暮らしやペット可などのテーマから選べる理想のお部屋探し。
unacceptable	人気の保険1位～5位を発表
unacceptable	運命のスイフト中古台を探す
unacceptable	介護士(ケアマネージャー)になるには?専任のアドバイザーがあなたの転職をお手伝いします
acceptable	睡眠サプリ・ナイトミン
unacceptable	楽天プレミアムカードなら新規入会&ご利用で13000ポイントプレゼント・年会費永年無料！
acceptable	お近くで一番安い業者に依頼
acceptable	【埼玉】賃貸・アパートを検索
unacceptable	中古車リース会社ランキング
acceptable	貯蓄型の医療保険見積もり
acceptable	賃貸物件検索サイトで山形の賃貸物件情報をチェック!毎日豊富な新着物件を様々な条件で探せる。
acceptable	雑誌／SNSで話題のプレエイジング保湿ケア。集中体験キットが2,420円（税込）
unacceptable	保険市場おすすめの保険top3
unacceptable	死亡傷害保険通院日額比較
acceptable	約100種の条件からあなたにマッチした佐賀の賃貸アパートを選べる・【更新頻度最短5分】
unacceptable	条件緩和型保険／公式
acceptable	介護施設探しにお悩みなら、お近くの介護施設を検索。専任アドバイザーが面接の同行も。
acceptable	アイフルのビジネスローン
unacceptable	介護ワーカーの求人・転職なら介護ワーカー 名古屋にお任せください。求人情報、毎日更新中！
acceptable	小学2年生の勉強を応援/公式
acceptable	フローリングリフォーム見積もり
unacceptable	石川県の賃貸アパート情報!一人暮らしやペット可などのテーマから選べる理想のお部屋探し。
acceptable	【公式】ガス電気
unacceptable	高松ケアマネージャー廃止
unacceptable	【公式】介護介護ワーカー口コミ
unacceptable	生命保険選びで迷ったらここ
acceptable	ダイハツハイゼットカーゴ検索
unacceptable	【公式】Timee単発バイト日払い
unacceptable	【定期死亡保険】おすすめ死亡保険ネット保険をランキング。年齢と性別を入力して保険料比較も。
unacceptable	1年定期保険死亡保険ランキング
acceptable	住友不動産販売御茶ノ水店・東京の様々なエリアに多様なスペックのビルを展開。
unacceptable	岡山で家探しをご検討中の方へ!一人暮らしやペット可などのテーマから選べる理想のお部屋探し。
unacceptable	ゼクシィ 相談カウンター 梅田の情報がわかる!あなただけの理想の結婚式をお得に探そう。
unacceptable	公式／郵便局の保険
acceptable	ブライダルフェアをお探しなら。少人数挙式など費用を抑えたい方向けのプランも充実
acceptable	掃除のプロが家庭や店舗を訪問!掃除の悩みを解決!
unacceptable	約100種の条件からあなたにマッチした松本市の賃貸アパートを選べる・賃貸情報サイト CHINTAI。
acceptable	デザイン性の高いチラシを作成
acceptable	風呂掃除業者にお得な料金で依頼
unacceptable	低予算で車を検討している方へ。頭金0円中古車リース任意保険。リース満了時には車が貰えます！
unacceptable	人気の保険5位～5位を
acceptable	おそうじ 本舗を開業しませんか
unacceptable	今すぐ1分で保険料シミュレーション！資料請求＆ごオリックス生命入院給付金時から上がりません
acceptable	コールセンターの派遣 求人を、時給や職種、条件などから探す!【派遣求人ならリクナビ派遣】
acceptable	タント カスタムの中古車探し
unacceptable	の介護職介護福祉士探しは介護ワーカー：こだわり条件で希望の職場へ／プロが無料で転職サポート
unacceptable	奈太宰府土地価格【公式】
unacceptable	【公式】西新宿2丁目オフィスESG
acceptable	ケアマネジャー姫路介護職求人
acceptable	65歳以上の方にこそ、健康緩和型医療保険サービスなど5つのサービスを無料でご利用できます。
unacceptable	明石の介護求人がザクザクみつかる!全国対応の介護職専門の転職支援サイト【介護ワーカー】。
unacceptable	岐阜の賃貸物件情報を今すぐチェック!毎日豊富な新着物件を様々な条件で探せる。
acceptable	学生専用/楽天カードアカデミー
unacceptable	保障妊娠中入れる保険コープで
acceptable	パナメーラの中古車探し・車種別カタログや相場情報が充実！
unacceptable	排水管掃除方法制作を依頼する
unacceptable	死亡通院保障おすすめ期間
unacceptable	【佐野市アパート】公式サイト
unacceptable	【セゾンカード】年会費永年無料
acceptable	登戸駅の賃貸物件情報あり。ライフスタイルを豊かにする情報や最新の賃貸物件を多数ご用意！
unacceptable	滋賀児童養護施設で働くには高卒
acceptable	排水溝清掃をプロに依頼
acceptable	ハイゼットデッキバン
unacceptable	オリックス生命見積もり【公式】
acceptable	【建設派遣北関東】の派遣求人
unacceptable	鹿児島市の賃貸マンション情報!一人暮らしやペット可などのテーマから選べる理想のお部屋探し。
acceptable	脱サラ」「独立」「開業」「起業」「フランチャイズ」「開業」「ハウスクリーニング」「おそうじ本舗」「おそうじ本舗の全国組織のおそうじ本舗」のおそうじ本舗は全国で展開中!ご家庭・店舗/オフィスのあらゆる箇所を掃除のプロが徹底的に汚れを除去。まずは無料で訪問・お見積りいたします。
unacceptable	保険市場デメリット保険市場
unacceptable	頭金ゼロ円、月々定額車リース
acceptable	オリックス生命の引受基準緩和型死亡保険ファイン・サポート・プラスはネットで告知ができます。
unacceptable	坂出市のアパート情報を今すぐチェック!毎日豊富な新着物件を様々な条件で探せる。
acceptable	リクナビ派遣ナース派遣
unacceptable	賃貸甲斐向け賃貸情報
acceptable	フローリング張り替え 費用
unacceptable	生命保険最新ランキング
unacceptable	【公式】楽天楽天アカデミー
unacceptable	ピッタリガイドヘルパー資格取得
acceptable	スバルのXV中古車をチェック!初めて購入する方がわかりやすい、豊富な中古車情報
acceptable	研修体制が充実
acceptable	ブライダルフェアをお探しなら。《ゼクシィフェア》事前予約でスムーズ参加
unacceptable	佐世保市の物件探し。最新の空き状況や詳細情報がスマホで確認できる
unacceptable	中古セレナニスモを探す
acceptable	トイレつまりの料金を見積もり
unacceptable	カーリースよりリースの方がお得!手間暇かからず、スムーズに車に乗れる
acceptable	結婚までの一連の流れを写真付きで無料お見積もりでご紹介。フェア見学で今ドキ演出を体験しよう
unacceptable	【公式】TimeeTimee
acceptable	地域密着」ブランドで独立・開業・起業|ハウスクリーニングのおそうじ本舗おそうじ本舗のフランチャイズはサポート・研修体制が充実。ハウスクリーニング業界未経験でも安心・安定して独立・開業・起業!
unacceptable	学資保険シュミレーション。人気の学資保険を徹底比較・万が一のときに困らないように備えよう！
acceptable	オフィスビルの移転なら
unacceptable	学資保険の人気ランキングはコチラ。お子様の将来のために計画的な積み立てを！
unacceptable	1番安いがん保険はどれ?
unacceptable	【運動不足・ダイエット・美しさ維持】悩みに合わせて選べるレッスン！ホットヨガやヨガ長岡等
unacceptable	【保険市場】公式サイト
acceptable	おそうじ本舗」「おそうじ本舗のフランチャイズ」「ハウスクリーニング」「おそうじ本舗のフランチャイズ」の違いとは?
unacceptable	アイフルビジネスファイナンスのビジネスローン／個人事業主向け。原則、自営業融資申込み受付中
unacceptable	楽天楽天etc発行期間カードがいっぱいのカード。街でのご利用から公共料金のお支払いまで。
acceptable	オリックス生命の死亡保険ファインセーブ・今日も未来も、変わらぬ安心。
unacceptable	Makuake購入しよう.
unacceptable	万が一の時、家族に残せる保険
unacceptable	210系クラウンのみでOK
acceptable	掃除のプロが売上アップの全てをサポート!
acceptable	契約年齢18歳から70歳の医療保険
unacceptable	プライオリティ・パスが無料
unacceptable	老後に備える個人年金保険比較
unacceptable	武雄賃貸の賃貸物件あり
unacceptable	石川でお部屋探しをご検討中の方へ!毎日豊富な新着物件を様々な条件で探せる。
acceptable	甲賀市/賃貸アパート情報サイト
acceptable	【賃貸併用住宅】鳥栖市
acceptable	鍵交換・紛失・修理の費用は
acceptable	掃除のプロが集客や売り上げアップの充実サポート!
unacceptable	【公式】の金沢賃貸アパート
unacceptable	20代~50代以上の人が気になった生命保険何歳までを。に備えよう。保険の相談なら保険市場!
acceptable	ウェディング相談は横浜で
unacceptable	コープがんの定期便が500円
acceptable	貯蓄オリックス生命プラン
acceptable	業務用／19インチラック
unacceptable	死亡保障が安い死亡保険は?
acceptable	スマホで簡単オンライン相談予約
unacceptable	約100種の条件からあなたにマッチした松山市の賃貸物件を選べる・【更新頻度最短5分】
acceptable	蛇口・水栓・シャワーの交換修理
unacceptable	終身保険おすすめ50代チェック
unacceptable	宮崎の猫専門賃貸サイト・毎日豊富な新着物件を様々な条件で探せる。
unacceptable	法人の方は決算書5期分と本人確認書類5点で最短即日融資法人お金借りる診断は繰り返し利用可能
acceptable	19インチラックの通販。タワー型・マウント型ラックも豊富にご用意！
unacceptable	0生命保険種類~5位を発表
acceptable	赤ちゃんの写真撮影料金はこちら
acceptable	≪依頼料無料≫挙式・披露宴から二次会の撮影はお任せ
acceptable	妊婦のための記念写真撮影
acceptable	保険料がお手頃でも安心の保障内容の死亡保険。
acceptable	商品への名前入れも承り中
acceptable	高松の賃貸物件情報を今すぐCHECK!ライフスタイルを豊かにする情報や最新の賃貸物件を多数ご用意
unacceptable	日本橋オフィスESG
unacceptable	タイミーなど日雇い歓迎の求人をご紹介。メンドウな面接や履歴書も一切必要ありません！
acceptable	賃貸マンション・アパート・一戸建ての物件掲載数が豊富賃貸情報サイトならchintai
unacceptable	大分の賃貸物件情報を今すぐCHECK!家賃相場・学校名で検索：ライフスタイルに合ったお部屋探し
acceptable	掃除のプロが充実の実績説明会
acceptable	新潟の賃貸物件情報を今すぐCHECK!賃貸マンション・アパート・一戸建ての物件掲載数が豊富。
unacceptable	富山病院介護職員
unacceptable	楽天カードは様々な種類がご用意されています。楽天カードなら使う分だけポイント貯まる！
acceptable	電子スパイ教室漫画無料
unacceptable	山陽小野田市の新着アパート情報を毎日更新!毎日豊富な新着物件を様々な条件で探せる。
acceptable	プロの技術でキッチン、浴室やトイレ、ガラスサッシ、フローリングまで徹底洗浄!
acceptable	お近くの水道屋さん
unacceptable	医療傷害保険通院日額比較／公式
unacceptable	保障内容別に人気の保険を比較
acceptable	来店不要の自動車通販／分割払い
unacceptable	ビジネスローン専用ページ
acceptable	時給1600円以上・新着求人多数掲載!リクナビ派遣なら、複数の派遣会社に登録する必要なし
acceptable	介護ワーカー鹿児島職の求人
unacceptable	医療85歳でも入れる保険[キュア]
unacceptable	【ETVOS初めての方におすすめ】etvos新作不要メイクとスキンケアが試せるパーフェクトキット
unacceptable	シロアリ検査費用…
unacceptable	人気の漫画デザート漫画
unacceptable	鳥取ガスの問い合わせ窓口。引っ越しで電気料金、ガス料金を見直すチャンス。
unacceptable	【2022年】残クレランキング
acceptable	保険市場おすすめの保険商品
acceptable	契約前にチャットで相談可能。安心して依頼できる。予算・納期など希望条件から見積もりが届く
unacceptable	全国の許可申請など人探し熊本の作成に強い行政書士を比較。信頼できる先生にすぐに依頼しよう。
acceptable	【公式】代アニの体験入学
unacceptable	楽天カード再発行経済圏利用にも
unacceptable	【銀行での融資をご検討の方必見】お個人事業融資で大型融資をご希望の方も安心して申込み可能
acceptable	ベンツAクラスを検討の方へ
unacceptable	水道屋ネズミ業者
unacceptable	庭付き、キッチン充実、日当たり良好等、人気のこだわり条件から南郷駅の賃貸マンションを探せる
acceptable	ブライダルフェアのWEB予約はこちら。エリアや日付で簡単検索/理想の結婚式場を探そう
unacceptable	2022年がん抗がん剤費用はどれ?
acceptable	【三豊市】賃貸アパート情報
acceptable	死亡保険・全労済年金／人気の死亡保険を一括比較＆資料請求！保険の相談や見直しならコチラから
unacceptable	川口賃貸マンション多数掲載。初期費用の問い合わせもカンタン！賃貸情報サイトCHINTAI。
acceptable	掃除のプロが全国加盟店を清掃/巡回
unacceptable	化粧水・乳液状美容液で簡単2stepケア。乾燥、小ジワ、尽きない女性のブライトエイジ肌の悩みへ
acceptable	【公式】iPhoneSEアクセサリー
acceptable	日産ノート 中古車 NISSAN(日産)
acceptable	おそうじ本舗の廃業率(公式)
unacceptable	1日の入院でも入院一がん抗がん剤費用であなたに合ったプランを、がん保険の比較なら保険市場。
acceptable	ウエディング情報ならゼクシィ
acceptable	ゼクシィ縁結び|婚活するなら、ゼクシィ縁結び。安心安全の婚活を応援する総合婚活サービスリクルートのゼクシィから生まれた婚活サービス。独自のお見合い機能もあるゼクシィ縁結びでは、約80%の方が6ヶ月以内に出会っています。アプリのダウンロードや、ゼクシィ縁結びのサービスや料金について詳しく知りたい方はこちらから。
unacceptable	厳選5社を比べておトクに
unacceptable	鬼の千年恋漫画が充実
acceptable	浮気・不倫慰謝料のご相談は
acceptable	手ぶら体験レッスン０円
unacceptable	神戸 訪問介護の求人、転職なら介護ワーカー。もっとキャリアアップできる職場へ
acceptable	【日進】介護求人情報
acceptable	浴室乾燥機のクリーニングなら
acceptable	健康な髪のための頭皮環境へ
unacceptable	上田市賃貸サイト
unacceptable	賃貸アパート 日光市
unacceptable	ナイトミン使い方／小林製薬公式
acceptable	オフィスビルの快適な環境を
unacceptable	資金調達（フリーランスお金借りる方向け）／5時間オンライン申込み可能！スマホアプリもご用意
acceptable	保険市場求人なら個人年金保険
unacceptable	東京の吉祥寺駅マンション売却売却のご相談・査定でギフト券1万円分プレゼント
unacceptable	福井看護助手北海道苫小牧市求人
unacceptable	【住友不動産】は機能性と美しさを兼ね備えたジェイアーバンをご提案。憧れのジェイアーバンを
unacceptable	最新の姫路介護職求人を今すぐチェック：登録から入職まで完全無料。今年こそ転職したいあなたへ
unacceptable	タイミーなど日雇い歓迎の求人をご紹介。面接や登録会、履歴書は必要なし。
acceptable	サッシクリーニング」とは、ガラスに付いた手アカやヤニ、砂ボコリまで徹底的にキレイにするサービスです。おそうじ本舗では、ガラスに付いた手アカやヤニ、砂ボコリまで徹底的にキレイにします。お掃除が大変なサッシの細かい汚れもお任せください。
acceptable	掃除のプロが掃除機を分解洗浄!
unacceptable	低予算で車を検討している方へ。カーリース途中解約できるサイト「直売カーセンサー」です。
acceptable	岩国市の賃貸物件
unacceptable	おがん抗がん剤費用保険相談などを手厚く保障いたします!女性保険の相談や見直しなら保険市場へ
unacceptable	死亡保険の保険料がお手頃な生命保険はオリックス生命。【万一の場合も安心】
unacceptable	【ゼクシィ】カウンター梅田
acceptable	2022年死亡保険ランキング
unacceptable	24時間365日お申込み可能
unacceptable	介護職員初任者研修を無料で資料請求。全国対応の介護職専門の転職支援サイト【介護ワーカー】。
unacceptable	ガス申し込み電話手続き
unacceptable	税理士・草むしり依頼
unacceptable	【公式】フリーランスお金借りる
acceptable	掃除のプロが店舗不要!店舗数業界1位/全国1,701店舗
unacceptable	シミュレーションでアナタの頚がんは早く入れば安くなるってホント?万が一の時家族に残せる保険
acceptable	マタニティフォトを広島で撮りませんか?・マタニティフォトは妊娠8ヶ月がベストタイミング！
acceptable	モバイルモニター・工場・飲食店など、オフィス専用商品も取り扱い中。まとめ買い見積も受付中！
acceptable	広島県の賃貸/女性一人暮らし
unacceptable	生協の保険料がこんなに安い?
unacceptable	姫路の介護求人がザクザクみつかる!全国対応の介護職専門の転職支援サイト【介護ワーカー】。
acceptable	掃除のプロ」として、おそうじ本舗で働きませんか?
unacceptable	楽天カードピンク違いこちら
unacceptable	【シロアリ110番】シロアリ対策
acceptable	おそうじ本舗/独立
unacceptable	【大分】賃貸情報サイト
unacceptable	ネット申込専用だからこんなにオリックス告知書料はいつでもカンタン6分でシミュレーション可能
unacceptable	【三重県伊勢市賃貸】公式サイト
acceptable	地域密着のfc店舗
acceptable	窓サッシの掃除をお探しなら
unacceptable	【愛媛県西条市】賃貸アパート
unacceptable	新潟の一人暮らし物件掲載数が豊富。初期費用の問い合わせもカンタン！
acceptable	大和郡山市の賃貸物件情報サイト・賃貸マンション・アパート・一戸建ての物件掲載数が豊富。
unacceptable	一宮アパート情報賃貸物件
unacceptable	【公式】香川県賃貸.CHINTAI
acceptable	ドッキングステーションを法人価格で購入。椅子・机などのオフィス用品やPC周辺機器など販売
acceptable	はじめてのお宮参り撮影を一生の思い出に。衣装も充実!はじめてでも安心サポート
acceptable	ゼクシィで結婚式をご検討中の方へ!挙式のみ・プライベート感のある会場など情報満載
acceptable	沖縄のリゾートバイト/8月スタートの寮付きバイトはこちら/家賃・食費0円で
unacceptable	近く介護福祉士求人デイサービス
unacceptable	がん抗がん剤費用0選
unacceptable	小林製薬が独自に研究したコレステロール対策コレステロールを下げる薬はいつまで飲むでサポート
unacceptable	秋田市の賃貸アパート情報!一人暮らしやペット可などのテーマから選べる理想のお部屋探し。
acceptable	万一の事故も安心の対応
unacceptable	水漏れやつまり、蛇口交換や人探し値段・遠足・卒業式など学校行事撮影のカメラマンを見つけよう
unacceptable	女性専用パーソナルジム/シエラ
unacceptable	法人の方は決算書1期分と本人確認書類1点で最短即日企業運転資金はこちら／1時間WEB申込み可能
unacceptable	マッチングアプリを30代のうちに
acceptable	結婚式のカメラマンの費用は?
acceptable	働きたい時に働けて、すぐにお金がもらえるスキマバイトサービス／Timee(短期バイト広島)
acceptable	【人気】個人事業主向けローン
unacceptable	ネズミ撃退法退治
acceptable	保険市場のおすすめ定期死亡保険
unacceptable	壬生町駅の新築戸建て情報はこちらから・毎日豊富な新着物件を様々な条件で探せる。
unacceptable	毎日豊富な新着物件！さくら賃貸・家賃相場の検索も可能。学割適用の物件・ペット可など多数掲載
unacceptable	引越しや大掃除で出る不用品や草むしり業者・交換・修理のプロがアドバイスしながら撮影します。
unacceptable	法人は決算書1期分・本人確認事業資金借りる1点で最短即日融資！カードローンは繰り返し利用可能
unacceptable	日比谷花壇
acceptable	働きたい時に働けて、すぐにお金がもらえるスキマバイトサービス／Timee(タイミー)
acceptable	綺麗な店舗で集客したい方へ
acceptable	サンワダイレクトラック-EXHD
acceptable	松江の賃貸物件情報を今すぐCHECK!賃貸マンション・アパート・一戸建ての物件掲載数が豊富。
acceptable	フォレスターの中古車探し
unacceptable	よくあるご質問
acceptable	赤ちゃんの写真と、メッセージカードを付けて贈ろう。万全の対策で安心安全の撮影を。
acceptable	フローリングの業者をお探しなら
unacceptable	おひとりさま漫画
unacceptable	島根の賃貸物件情報を今すぐチェック!毎日豊富な新着物件を様々な条件で探せる。
acceptable	蛇口の水アカを丁寧に除去!/
acceptable	八頭町駅の賃貸物件情報サイト・一人暮らしやペット可などのテーマから選べる理想のお部屋探し。
acceptable	オリックスクレジットのカードローンは最短即日融資も可能!その決断に新しい追い風を。
unacceptable	20代～50代以上に選ばれている保険とは、認知症保険を保険市場店舗数・介護一時金やきたい。
acceptable	エトヴォス/パーフェクトキット
acceptable	もうすぐ満期を迎えるあなたへ、比べて納得の保険料！ネット申込で最大10,500円割引。
unacceptable	不動産売却ならカウカモ！あなたの一戸建て査定で全員に1万円分のギフト券プレゼント
unacceptable	オフィスビルESG三角広場
unacceptable	相続財産の組み立てから移動・ネズミ退治までピカピカに!人体や環境に配慮した洗剤で徹底解決。
unacceptable	個人年金保険人気ランキングNo.1
unacceptable	東京のカウカモ売却査定するならカウカモ！プロが不動産売却をエスコートします
unacceptable	オリックス生命 finesave(公式)
unacceptable	床修理費用・洗面所、風呂・トイレなどの水許可申請は行政書士にお任せ。行政書士0名以上登録。
acceptable	《エリア別・フェア検索》ウエディングドレスや挙式料、料理代などの費用確認はコチラから
acceptable	【公式】サンワサプライ
acceptable	≪見積無料≫草刈り・芝刈り
unacceptable	老後に必要な資金はいくら？
unacceptable	2021年版 生命保険の部 定期保険総合第1位(2020年1月〜12月の保険種類別申込件数)
unacceptable	あなたの保険料はどのくらい？比べてください、メディケア保険安いところ保険のお手頃な保険料！
unacceptable	基本の保障(主契約)はお客さまのニーズに合わせて、通院が出る保険円単位で保険金額が選べる。
acceptable	がん保険を賢く選んであなたに合ったプランを、がん保険の比較なら保険市場。
acceptable	入院や通院に備える手厚い保険
unacceptable	保険市場おすすめの子ども保険
unacceptable	人とビジネス、環境にやさしい安心安全住友不動産五反田やさしい安心安全なオフィスビルづくり
acceptable	掃除のプロが家庭訪問!未経験でも安心の独立・開業|ハウスクリーニングのおそうじ本舗おそうじ本舗にフランチャイズ加盟するための説明会を、ご希望日に合わせて実施しています。pcもしくはスマホで、ご自宅からも簡単にご参加いただけます。
acceptable	掃除」の数が多ければ多いほど、おそうじ本舗の売上は高くなります。依頼者から感謝の言葉をいただくことも。
unacceptable	引越の荷造り
unacceptable	オフィスビル住友不動産神田
unacceptable	iPad Air／iPad Pro／iPad mini／加湿器・DVD・ブルーレイケースなど多数取り揃え
acceptable	【生駒市】賃貸アパート情報
unacceptable	病院内のお仕事探しは、看護師転職専門の求人サイトが断然おすすめ!介護職／ヘルパー
unacceptable	賃貸横須賀情報を毎日更新中！人気の厳選テーマから理想のお部屋探し【スマホでCHINTAI】
unacceptable	2022年コーピーカード
unacceptable	マッチングアプリ30代
unacceptable	死亡医療保険終身／公式
unacceptable	約100種の条件からあなたにマッチした桑名の賃貸アパートを選べる・賃貸情報サイト CHINTAI。
acceptable	全国の福祉求人を掲載中。自分にあった職場を見つけませんか？転職アドバイザーが徹底サポート
acceptable	マタニティフォトを岡山で撮りませんか?・スタジオアリスで大切な記念日を残しませんか。
acceptable	【平塚】賃貸・アパートを検索
acceptable	新たなチャレンジを応援購入
acceptable	年中無休でタブレット教材が使える!1人でも学習が続く楽しい&理解が深まる教材を収録。
acceptable	壁紙をキレイにするなら
unacceptable	ニューボーンフォトや草刈り費用、風呂・トイレなどの水トラブルはお任せ。安全かつ手早く完了。
acceptable	マタニティフォト/岡山
unacceptable	広島の試験監督バイト情報掲載。利用歴に応じて付与されるEXPでグレード特典を手に入れよう！
acceptable	最大5社からすぐ見積もりが届く。ミツモアならあなたの要望に応えるデザイン会社が見つかる。
acceptable	常識に縛られない働き方をご提案
unacceptable	介護の求人をお探しなら全国対応の介護ワーカー。会員登録で希望条件に合った求人がメールで届く
unacceptable	≪学資保険≫子供の将来の為に計画的な積み立てを
unacceptable	法人の方は決算書5期分と本人確認書類5点で最短即日融資個人事業主代替わりは繰り返し利用可能
unacceptable	安い死亡保険の探し方
unacceptable	寒河江の新築戸建て情報はこちらから・賃貸マンション・アパート・一戸建ての物件掲載数が豊富。
unacceptable	佐賀の一人暮らし物件掲載数が豊富。初期費用の問い合わせもカンタン！
unacceptable	介護資格の取り方・選び方でお困りですか?また転職サポートを使えばスムーズに転職ができます。
unacceptable	旭川・網走の賃貸物件情報あり。おすすめの賃貸マンション・相模原賃貸アパートの物件をご紹介。
unacceptable	ソ介護ワーカー無料
unacceptable	死亡保険終身おすすめ終身保険
unacceptable	【ジャパネット】日立ラクかるスティックが2.5万円下取り値引きの29,980円。8/27まで
unacceptable	女性目線で造られたスタジオは、清潔感とお洒落な雰囲気が人気！気分が上がるホットヨガ八戸ヨガ
unacceptable	Makuakeランキングしよう.
acceptable	コペンの中古車探し
unacceptable	《東員町賃貸》公式サイト
unacceptable	旭川駅から徒歩圏内の好立地に、優雅に際立つ新築分譲タワーマンションが誕生!
unacceptable	死亡保険・死亡保険国民共済イベントごとに見直そう。保障内容・保障期間で死亡保険を比較できる
unacceptable	20代～50代以上の人生命保険ネット知りたい方必見！保険市場ならお手元のスマホやPCで比較が可能
unacceptable	和歌山大阪看護助手
acceptable	フローリングのカビ取り業者なら
unacceptable	お部屋探しの賃貸川崎市の物件あり／家賃相場・学校名で検索：ライフスタイルに合ったお部屋探し
unacceptable	東広島市の賃貸物件
unacceptable	法人の方は決算書1期分と本人事業融資書類1点で最短即日融資！カードローンは繰り返し利用可能
acceptable	オススメの業者/無料で見積もり
acceptable	≪全国対応≫お住まい付近の草取り値段を依頼。最短1分で見積もりが届く
unacceptable	「チラシバイト1日」
unacceptable	【最短即日】床修理費用
unacceptable	楽天ETCなら新規入会&利用で2000ポイント!通行料金100円につき1ポイント貯まる
unacceptable	大和八木駅賃貸／柏の賃貸
unacceptable	三豊市の新築戸建て情報はこちらから・毎日豊富な新着物件を様々な条件で探せる。
unacceptable	【公式】旧会社借入から社名変更
acceptable	40代～60代からでもOK！未経験でも開業したい方、安心して開業したい方でもはじめられます。
unacceptable	チラシデザインを料金で依頼
acceptable	【公式】オリックス・
unacceptable	{location(city)}
unacceptable	事務所空室オフィス
unacceptable	大津市の賃貸アパート・アパートをお探しの方へ。初期費用の問い合わせもカンタン！
acceptable	シーンに合ったオフィスアイテム多数／機能・用途から拡声器暖房器具関連機器を選ばず大活躍！
acceptable	長野の物件多数掲載。ライフスタイルを豊かにする情報や最新の賃貸物件を多数ご用意
acceptable	水まわりの汚れ・クリーニングなら
unacceptable	銀行フリーランスお金借りる
unacceptable	楽天プレミアムカードはお得なサービスで海外でも使える・100円につき1ポイント貯まる!
acceptable	業務用／テンキーマウス
unacceptable	結婚式場相談、ウェディング相談なら東京で。あなただけの理想の結婚式をお得に探そう。
acceptable	【賃貸併用住宅】富山の賃貸
unacceptable	WEB履歴書・面接なしの求人多数/アプリケーション/フロント/サーバーサイド
acceptable	あなたにフィットする医療保険
acceptable	【保険市場公式サイト】
unacceptable	予算内で思い通りの映像制作
acceptable	ハッピーバースデー七五三
unacceptable	奈不動産の売却【公式】
unacceptable	定期死亡保険をまとめて
acceptable	注文住宅の実例集を無料で
unacceptable	クレジットカードなら楽天ペイ。普段のお買い物や公共料金のお支払いにもご利用できる
acceptable	創業20年以上。安心と信頼の実績【安心】と【信頼】のエアコンクリーニング
acceptable	ファインセーブ/配信中
unacceptable	東京のツクルバ売却するならカウカモ！プロがマンション売却をエスコート
unacceptable	【公式】8,すみふキャンペーン
unacceptable	楽天カード/ETC一体型
unacceptable	自宅中古車リース任意保険
acceptable	オリックスクレジットはアプリでいつでもどこでもお申込みいただけます。入会金・年会費不要
acceptable	ハイゼットトラックの中古車探し
unacceptable	全国対応の姫路看護助手情報が満載。年収400万円以上などの詳細条件で検索可能。口コミも紹介
unacceptable	滋賀神戸介護求人
unacceptable	【公式】草刈り費用
unacceptable	最大５名の動画制作・編集のプロから見積もりが届く。無料チャットで相談してプロを選べます。
unacceptable	宇和島の賃貸物件情報を今すぐCHECK!毎日豊富な新着物件を様々な条件で探せる。
unacceptable	スバルヴィヴィオイタリア車
acceptable	下関の賃貸物件情報サイト・賃貸マンション・アパート・一戸建ての物件掲載数が豊富。
unacceptable	≪草刈り費用2分≫質問事項に答えるだけで依頼完了!エアコンの修理に強いプロから見積もりが。
unacceptable	一人暮らしやペット可などのテーマから選べる理想のお部屋探丸亀市アパート【スマホでCHINTAI】
unacceptable	エトヴォス町田／公式通販
acceptable	24時間のパトロール体制で安心：安全に婚活するなら、ゼクシィ縁結び。安心安全の婚活を応援する総合婚活サービスリクルートのゼクシィから生まれた婚活サービス。独自のお見合い機能もあるゼクシィ縁結びでは、約80％の方が6ヶ月以内に出会っています。アプリのダウンロードや、ゼクシィ縁結びのサービスや料金について詳しく知りたい方はこちらから。
acceptable	掃除」とは、毎日使う家具をキレイにし、清潔・快適にすることです。おそうじ本舗では、ハウスクリーニングのプロが日頃の落としきれない汚れを徹底的に洗浄。まずは、汚れやカビ、ニオイを取り除いて、キレイで快適な生活を送りませんか?
unacceptable	楽天カード/何歳おすすめ
unacceptable	排水管清掃業者札幌せんか?
unacceptable	神戸介護求人熊本市
unacceptable	賃貸物件検索サイトNo.1/金沢市の賃貸物件情報サイト・初期費用の問い合わせもカンタン！
acceptable	ハウスクリーニングのプロが専用器材・洗剤を使用し、スピーディーかつ丁寧に汚れを落とします！
unacceptable	戸畑区賃貸以下の賃貸物件も多数
acceptable	掃除のプロが自宅をまるごとお掃除!
acceptable	90日間無料動画が見放題
acceptable	iPhoneXRのアクセサリー一覧
acceptable	掃除のプロが地域や年代に応じた方法で、家庭・店舗を徹底的にキレイに!
unacceptable	ゼクシィ カウンター 横浜の情報がわかる!二次会や前撮り、指輪のご相談も可能です。
acceptable	ミラジーノ1000【カーセンサー】
acceptable	【公式】Timee／タイミー広島
acceptable	掃除」に関する資格は全国で数が少ない状況ですが、おそうじ本舗ならたくさんの職種の方と出会える可能性があります。
acceptable	埼玉の賃貸物件情報を今すぐCHECK!最新の空き状況や詳細情報がスマホで確認できる
unacceptable	気に20代生命保険おすすめは？
unacceptable	掛け金0円で、死亡保険の保険料がお手頃です。国内最大級の保険比較サイト【保険市場】
acceptable	水道の蛇口交換の施工業者
acceptable	デザイナーをお探しですか？
acceptable	セゾンカード申し込み
unacceptable	シニア保険30代男性既婚おすすめ
unacceptable	ヨガ金沢
unacceptable	LDLコレステロールをふんだんに下げる。小林製薬が独自に研究したコレステロール対策サプリ！
unacceptable	楽天特典楽天ピンクカード可能。券面デザインが1種類まで選べる。気になるカードを申し込み！
unacceptable	保険はライフイベントごとに見直そう。保障内容・保障保険30代男性既婚おすすめ保険を比較できる
unacceptable	ビジネスの中枢を担う「オフィスビルESG」、2,2坪、2フロア最大2,2坪超の大型オフィスビル。
unacceptable	資料請求専用糖尿病医療保険・オリックス生命の人気の保険は？病気・ケガによる入院を一生涯保障
unacceptable	通院の全厚済はコチラ
acceptable	愛知県の賃貸物件情報サイト・賃貸マンション・アパート・一戸建ての物件掲載数が豊富。
acceptable	【年会費無料】マスターカード
acceptable	日本全国で幅広く募集中/短期もokな高時給ニセコバイト満喫
acceptable	兵庫県の賃貸物件情報サイト・賃貸マンション・アパート・一戸建ての物件掲載数が豊富。
unacceptable	無料登録で非公開求人も
acceptable	掃除のプロが家庭の玄関までお邪魔して家をキレイに!
acceptable	家庭用のサーバーラック。学校やオフィスなどの専用商品も取り扱い中。
unacceptable	中古車情報・中古車検索
acceptable	アイフルビジネスファイナンスの事業者向けローンはこちら／年会費・保証料無料でお借入れ
acceptable	持病がある方に朗報
unacceptable	全国のシロアリの駆除清掃のプロが登録。最大0社から届く見積もりを比較しておトクに依頼しよう
unacceptable	死亡保険金額目安【5位～5位】・生命保険ネット申込みランキング・自身の万が一の時に備える保険
acceptable	360度カメラの特長や製品口コミ情報など豊富に掲載!会員ランクに応じてポイント獲得がお得に。
acceptable	掃除のプロが店舗を掃除のプロに!
unacceptable	頚がんランキング0~5位
acceptable	【公式】Timee／CM放映中！すきな時間、すきな場所、単発バイト。最短1時間で働ける！
acceptable	ガスとセットで最大５,240円プロパンガス原料のことなら「enetopiaでんき」
unacceptable	一人暮らし今泉アパート
acceptable	人気・安い・おすすめの保険が知りたい方必見！保険市場ならお手元のスマホやPCで比較が可能。
acceptable	掃除のプロが開業ハウスクリーニング
acceptable	医療保険メディケア公式サイト
acceptable	スタジオアリスで七五三の衣装をレンタル。今しかないこの瞬間を写真に残しませんか？
acceptable	ケアマネの求人/大阪
unacceptable	土地の売り方}で売れるかも
unacceptable	全国の草刈り・芝刈りの業者が登録。最大5社から届く見積もりを比較して、オトクに依頼しよう。
acceptable	【消費者金融】バレずに借りたい
unacceptable	神戸 訪問介護の求人、転職なら介護ワーカー。専任のアドバイザーがぴったりの求人をご紹介。
unacceptable	原則、ご来店・担保不要。銀行よりも早く個人事業主借り入れ必要な方も対応可能。今すぐ申込み
acceptable	1日だけバイト/面接なし
unacceptable	神栖市アパートの新着物件情報を毎日更新中！人気の厳選テーマから理想のお部屋探しを応援。
unacceptable	茨城県の賃貸大分物件
acceptable	オリックス生命はオリックスのグループ会社です／ライフステージに合わせて保険の加入＆見直しを
acceptable	有料老人ホームやグループホームなど施設形態から老人ホームを探せる。（介護職の求人）
acceptable	甲府市の賃貸物件情報サイト・一人暮らしやペット可などのテーマから選べる理想のお部屋探し。
acceptable	終身保険ライズの評判は?
unacceptable	【エトヴォス公式】愛さディアミネラルファンデーション新登場。憧れのうるおいあふれるツヤ肌へ
acceptable	掃除のプロが独立開業/安心独立・開業
unacceptable	南アルプス市 CHINTAIの情報がわかる!毎日豊富な新着物件を様々な条件で探せる。
acceptable	オリックス生命医療保険通院のグループ会社です／ライフステージに合わせて保険の加入＆見直しを
unacceptable	高知の一人暮らし物件掲載数が豊富。初期費用の問い合わせもカンタン！
unacceptable	日高市賃貸の新着物件情報を毎日更新中！人気の厳選テーマから理想のお部屋探しを応援。
acceptable	がん保険保険市場奈良
acceptable	浄水器カートリッジ交換を依頼
acceptable	介護職：大阪介護求人
unacceptable	人気の生命保険【5位～5位】・生命保険ネット申込みランキング・自身の万が一の時生命保険祝い金
unacceptable	福祉清田区介護求人
acceptable	hdmi分配器を法人価格で購入。WEBカメラ／モバイルバッテリーなど、PC周辺機器を多数取り揃え
acceptable	掃除の効いた仕事」
unacceptable	子供保険人気ランキング第1位は?
unacceptable	兵庫県の賃貸物件情報を今すぐチェック!毎日豊富な新着物件を様々な条件で探せる。
unacceptable	隙間時間で働けるバイト求人情報が満載。4月30日までに、初めて仕事をする方全員対象
unacceptable	松戸／鳥取賃貸情報物件
acceptable	ベランダ掃除はプロにおまかせ。
unacceptable	東京の様々なエリアに多様なスペックのオフィス300坪にやさしい安心安全なオフィスビルづくり
acceptable	。住み込みで働く、寮費&食費無料の全国のリゾートバイトを多数掲載
acceptable	サーバーラックの通販・法人様の特価対応・請求書払い・掛売りも対応しております！
unacceptable	熊本市の賃貸マンション情報!賃貸マンション・アパート・一戸建ての物件掲載数が豊富。
acceptable	【最短当日】キャッシングローン
acceptable	新車の月額が気になる方、必見!新車のサブスクが利用できる「直売カーセンサー」です。
unacceptable	浴室ネズミ業者・料金比較
acceptable	掃除のプロが店舗を訪問。お掃除のコツをおしえます。
unacceptable	【取引は全国のATMで利用可能】お悩みの事業者法人運転資金可能。法人・個人事業主向けローン！
unacceptable	【公式】明石老人ホームワーカー
acceptable	親御さんの積立定期預金おすすめ
unacceptable	介護職員初任者研修を無料で資料請求。専任のアドバイザーがあなたの転職をお手伝いします
acceptable	掃除の会社を独立開業を」とお考えのあなたへ。おそうじ本舗なら徹底サポート・研修体制をご用意。ハウスクリーニング業界未経験でも安心・安定して独立・開業・起業!
acceptable	宮城の単発バイト情報掲載。利用歴に応じて付与されるEXPでグレード特典を手に入れよう！
unacceptable	ビジネスローンおすすめ
unacceptable	東京の様々なエリアに多様なスペックのオフィスビル賃料にやさしい安心安全なオフィスビルづくり
acceptable	webで漫画を読むならDMMブックス
unacceptable	一人暮らしやペット可などのテーマから選べる理想のお部屋探高知賃貸マンション物件多数掲載中
unacceptable	【持病】があっても入れますか
acceptable	ジムニーの中古車探し・60秒で見積り依頼【名前・メール・郵便番号だけ】
unacceptable	生命保険シュミレーション
unacceptable	ネットライフ生命
acceptable	掃除のプロ」として独立開業をお考えのあなたへ。おそうじ本舗ならしっかり稼げます。
unacceptable	敷金礼金ゼロの出雲市賃貸物件あり／家賃相場・学校名で検索：ライフスタイルに合ったお部屋探し
unacceptable	賃貸物件金沢市サイト
unacceptable	楽天ETCカードはポイント最大3倍貯まる!ネットで簡単申し込み
unacceptable	【2022年】即日ネズミ撃退法
unacceptable	約100種の条件からあなたにマッチした宇都宮市の賃貸アパートを選べる・栃木県の物件多数掲載。
unacceptable	楽天楽天pink特典
unacceptable	「終身保険の試算してみた？」気になる保険料はいつオリックス生命代理店金額が受取れる保険です
acceptable	【小樽】賃貸・アパートを検索
acceptable	七大生活習慣病をカバーする充実のオリックス生命問い合わせの見直し・新規加入はオリックス生命
acceptable	180SXの中古車探し
acceptable	地域密着」を経営理念に全国で展開中!
acceptable	【矢巾】賃貸・アパートを検索
unacceptable	0代~60代に安い医療保険
unacceptable	【楽天カードは2枚目も作れる】ご利用シーンに合わせて使い分けよう。ポイントも楽天jcbカード
unacceptable	筑波大学の賃貸アパート情報!賃貸マンション・アパート・一戸建ての物件掲載数が豊富。
unacceptable	【公式】我孫子市賃貸.CHINTAI
unacceptable	帯広／賃貸石川県賃貸情報
acceptable	車の保険等級とは?
unacceptable	風呂釜床張り替えdiy
unacceptable	網戸のフローリング業者や洗面所・換気扇など水回りの掃除はプロにお任せ!隅々までピカピカに。
acceptable	毎月の受取りにかえて一括受取も選べます。先進医療保険のグループ会社です。お申込みはこちら
acceptable	全国のネズミ駆除の専門業者が登録。条件に合ったネズミ駆除の見積もりが届く!
unacceptable	県民共済 千葉中央店をお得に予約!保険料シミュレーションから、今すぐカンタン見積り。
acceptable	パソコンデスクラック付きの据え置きタイプからハンズフリー、ワイヤレスタイプまで豊富な品揃え
acceptable	約100種の条件からあなたにマッチした呉市の賃貸アパートを選べる・賃貸情報サイトならCHINTAI
acceptable	高知の賃貸物件情報を今すぐCHECK!賃貸マンション・アパート・一戸建ての物件掲載数が豊富。
acceptable	医療保険の一時金請求はこちら
acceptable	リングライトを法人価格で購入。1,000点以上の豊富なオリジナル商品が充実。
unacceptable	貯金が苦手なの？
acceptable	安心の事故対応【満足度94.8%】
unacceptable	20代におすすめの死亡(生命)保険
acceptable	働きたい時に働けて、すぐにお金がもらえるスキマバイトサービス／Timee(仙台日払いバイト)
acceptable	【サ高住】夜勤の求人情報
unacceptable	車用サブスクとしてご利用いただけます。リクルートが提供する「直売カーセンサー」
acceptable	≪見積無料≫お近くのプロが対応
unacceptable	お得なシニア保険はどれ？
acceptable	お宮参り写真はどうしてる?
unacceptable	持病があっても入れる
acceptable	全額返金保証/2週間お試しok
unacceptable	鯖江市の賃貸物件情報サイト・毎日豊富な新着物件を様々な条件で探せる。
acceptable	20代〜50代以上におすすめの医療保険1位〜5位をランキング別に徹底比較!【保険市場】
unacceptable	楽天マイナポイント選択可能
unacceptable	エトヴォスナイトパウダー
unacceptable	全国の芝草のプロが登録。最大5社から届く見積もりを比較して、オトクに依頼しよう。
unacceptable	最大0名のプロから選べます!ミツモアのプロフローリング業者プロにお任せ!隅々までピカピカに。
unacceptable	お近くのハチの巣駆除
acceptable	掃除のプロが店舗を清掃。おそうじ本舗のフランチャイズで独立・開業・起業|ハウスクリーニングのおそうじ本舗おそうじ本舗のフランチャイズはサポート・研修体制が充実。ハウスクリーニング業界未経験でも安心・安定して独立・開業・起業!
unacceptable	目的に合わせたプランのカンタン見積り可能！まずは通院が出る保険保険料はずっとあがりません。
acceptable	iPhone11用アクセサリーを法人価格で購入。新規会員様募集中/法人様も個人様もご登録可能!
acceptable	東京會舘の結婚式場情報。幸せウエディングを叶える情報満載
acceptable	ゼクシィでフェアをチェック・少人数挙式など費用を抑えたい方向けのプランも充実
unacceptable	最大0名のプロから選べます!ミツモアのプロは顔やフローリング業者が見えるプロなので安心です。
acceptable	店舗なしok/低資金から開業可能」/ハウスクリーニングのフランチャイズで独立・開業・起業|ハウスクリーニングのおそうじ本舗おそうじ本舗のフランチャイズはサポート・研修体制が充実。ハウスクリーニング業界未経験でも安心・安定して独立・開業・起業!
unacceptable	2022年最新・終身満期の保険~5位
unacceptable	ナイトミネラルファンデーション
unacceptable	オシャレな置き時計-ララポートお部屋に飾りたくなるオシャレな雑貨がたくさん。新作続々入荷！
acceptable	【公式】ガス電気エネトピア
acceptable	働きたい時に働けて、すぐにお金がもらえるスキマバイトサービス／Timee(須賀川単発バイト)
unacceptable	中古車残価設定ローン見積もり
acceptable	掃除のプロがオーナー・店舗スタッフのサポート!
unacceptable	医療保険見直し生命公式サイト
acceptable	松江市賃貸マンション情報
acceptable	おそうじ本舗」ブランドで展開中!安心と信頼の実績【おそうじ本舗】
unacceptable	360度宇都宮大学寮5分／人気のテーマから物件が探せて、簡単にオンライン相談・内見予約が可能！
unacceptable	人気・安い・国保と社保の違いの定期型保険が見つかる。引受基準緩和型保険の相談なら保険市場!
acceptable	【住友不動産】の新築住宅
unacceptable	【必見】2022年セルシオ後期突破
acceptable	宇都宮の賃貸マンション・アパート・一戸建ての物件掲載数が豊富。賃貸情報サイト CHINTAI。
acceptable	掃除業者をお探しなら
unacceptable	【お金を借りるならアイフル】本人確認書類の提出はメールでOK
unacceptable	介護ワーカーしつこい／他
unacceptable	prトイレつまり料金
unacceptable	ガスと電気の料金比較
unacceptable	車月々支払い料に込み
acceptable	おそうじ本舗」とは企業城下町の通称で、全国で展開中!ご家庭・店舗/オフィスの掃除はプロにお任せ!
acceptable	おそうじ本舗/ブランド認知度の高さで2020年度のご依頼は約27万件以上!
unacceptable	老後資金を無理なく積み立てたい方へ。保険料がん保険安いところで申込める保険。気になる保険。
unacceptable	熊本市アパート・アパート
acceptable	エトヴォス／公式通販
acceptable	壁紙補修業者
unacceptable	新規お申込み専用ページ
unacceptable	【死亡保険一覧】保障期間で比較
acceptable	セゾンカードはもちろん有効期限なし。実質年会費無料でずっと使える今話題の高コスパカード。
acceptable	水道・浄水器の取り付け
unacceptable	結婚式場・結婚式場をお探しなら、新宿のブライダルフェア・結婚式場へ。無料相談はこちらから。
unacceptable	お申し込みから最短1週間でお届け可能！大人気のサービス楽天ピンクカードを選ぶなら楽天カード
acceptable	DMMブックス／電子書籍
acceptable	スタジオアリス【料金】七五三
acceptable	宇和島の賃貸物件情報を今すぐCHECK!賃貸マンション・アパート・一戸建ての物件掲載数が豊富。
acceptable	【姫路】介護求人情報
unacceptable	床ワックス取付け
unacceptable	安いがん保険を一括比較
acceptable	年長さんにおすすめの通信教材をご紹介。無料資料請求で他社とカンタン比較
unacceptable	人気の医療保険1位～5位を発表
acceptable	「週仙台日払いバイトバイト」
unacceptable	山形単発バイトにすぐ働けてすぐお金がもらえる！メンドウな面接や履歴書も一切必要ありません！
unacceptable	2022年個人年金保険ランキング?
acceptable	【福井】賃貸アパート情報
unacceptable	介護職介護ワーカーしつこいをお探しします。また働いている方の声や職場の雰囲気もお伝え可能
unacceptable	ゼクシィ カウンター 横浜の情報がわかる!結婚式会場以外もフォローが充実。
acceptable	自動車保険（ダイレクト型）
unacceptable	水漏れ費用に丸投げ
acceptable	エトヴォス/定期コース
unacceptable	医療保険は持病・既往症がある方におすすめ。目的に合わせたプランのカンタン見積り可能！
unacceptable	公式83歳でも入れる医療保険
unacceptable	事業者商工業緊急融資向けローン
unacceptable	東京の任意売却物件一覧売却のご相談・査定でギフト券1万円分プレゼント
unacceptable	sbアイ保険～5位を発表
acceptable	マタニティフォト 山口
unacceptable	キッチン用蛇口・浄水器
acceptable	葬儀保険を一括比較&資料請求。
acceptable	保険市場／癌保険おすすめ
acceptable	おそうじ本舗 熊本
acceptable	岩手県の貸家情報掲載。ライフスタイルを豊かにする情報や最新の賃貸物件を多数ご用意
unacceptable	看護師・准看護師の求人情報はこちら【兵庫】専任のアドバイザーがぴったりの求人をご紹介。
unacceptable	楽天カードはポイントがとにかく貯まりやすい！コンビニやスーパーでのご利用でザクザク貯まる
unacceptable	【公式】翻訳WEBサイト英語
acceptable	掃除のプロが自宅で月商300万稼ぐ!」
acceptable	脱サラ」や「独立・開業」など、新しい働き方へのチャレンジをお考えのあなたへ。おそうじ本舗ならきっと希望に合った仕事が見つかります。
acceptable	ソリオの写真や口コミなどを掲載!60秒で見積り依頼【名前・メール・郵便番号だけ】
unacceptable	鍵をなくしたくない方へ
unacceptable	お近くの水道屋さん
acceptable	保険市場イチオシの”生命保険”
unacceptable	オフィス空住友不動産芝公園
unacceptable	奈不動産売却【公式】
unacceptable	女性保険を教育費貯め方を相談
acceptable	【公式】草むしり業者
acceptable	【浦安市】賃貸アパート情報
acceptable	蛇口の水アカも
unacceptable	トイレつまり料金槽クリーニング
acceptable	（最短当日出荷）安心のメーカーや型番から対応掃除機・会員ランクに応じてポイント獲得がお得に
acceptable	葬儀保険はどこが一番お得?
unacceptable	【2022年】死亡保険市場奈良
unacceptable	奈土地の売り方【公式】
unacceptable	神戸の激安物件をチェック!賃貸マンション・アパート・一戸建ての物件掲載数が豊富。
acceptable	洗濯機クリーニング業者をお探しなら
acceptable	草津市の賃貸物件情報サイト・一人暮らしやペット可などのテーマから選べる理想のお部屋探し。
unacceptable	ケアマネ受験資格市北区介護求人
acceptable	ゼクシィ カウンター 名古屋で結婚式をご検討中の方へ!無料相談はこちらから。
unacceptable	貯蓄死亡保険ネットコチラ
acceptable	脱サラ」でもok!おそうじ本舗の説明会は、地域や年代に応じたケース事例をご紹介。
acceptable	設備充実×安心安全住友不動産オフィスビルや賃事務所を条件に合わせて検索できる公式サイト
acceptable	オリックス生命の定期型死亡保険ファインセーブ・シンプルでわかりやすい死亡保険
acceptable	フローリング工事の施工業者
unacceptable	奈良市の賃貸物件情報を今すぐチェック!毎日豊富な新着物件を様々な条件で探せる。
unacceptable	人気のビジネスローンで資金調達・運用資金の足個人事業主貸付。実績豊富な事業者ローンサービス
unacceptable	介護福祉士給料職
unacceptable	医療保険のおすすめは50代から
acceptable	働きたい時に働けて、すぐにお金がもらえるスキマバイトサービス／Timee(スキマバイト広島)
unacceptable	エトヴォス神戸／公式通販
unacceptable	秋田デイサービス求人正社員
acceptable	好条件サービス管理責任者をお探しですか？あなたの経験を活かせる求人をご紹介。まずは会員登録
unacceptable	ネットの生命保険なら定期死亡保険「かぞくへの保険」死亡保険はライフイベントごとに見直そう。
acceptable	DXを自社アプリで解決
acceptable	「週単発バイト登録」
unacceptable	20代医療保険加入率(エース)
unacceptable	葬儀のための保険を探すなら保険市場。お葬式20代生命保険おすすめであなたに合った保険を選べる
unacceptable	アイフル個人事業主借り入れ
unacceptable	鳥取ガスのガス自由化でより安いガス料金プランを探そう!3年契約で¥48,300(税込)おトク
unacceptable	四神戸市ケアマネ求人
acceptable	宇都宮のアパート/一人暮らし
unacceptable	ETVOS／ベストコスメ受賞の方にetvosファンデーション。肌を保湿するセラミド成分配合
acceptable	防水ケースを法人価格で購入。学校・工場・飲食店など、オフィス専用商品も取り扱い中。
acceptable	石川の賃貸物件情報を今すぐCHECK!賃貸マンション・アパート・一戸建ての物件掲載数が豊富。
acceptable	人気の学資保険１位～５位を発表
unacceptable	盛岡の賃貸アパート情報を今すぐチェック!毎日豊富な新着物件を様々な条件で探せる。
unacceptable	【新宿】全天候型イベント空間
acceptable	掃除のプロ」が経営企画・プロデュース
unacceptable	オリックスの医療保険 新キュアサポート・キュア・サポート・プラス
unacceptable	【FINE SAVE】オリックス生命の医療保険は、お手頃な保険料で充実の保障内容。
unacceptable	タイミーなど日雇い歓迎の求人をご紹介。スキマ時間にすぐ働けてすぐお金がもらえる！
unacceptable	【公式】事業資金借り換え
unacceptable	ゼクシィ東京會舘で結婚式をご検討中の方へ!幸せウエディングを叶える情報満載
acceptable	住友不動産【御茶ノ水】
acceptable	40代におすすめの死亡保険
unacceptable	福井県立大学学生寮多数掲載。初期費用の問い合わせもカンタン！賃貸情報サイトCHINTAI。
unacceptable	宇都宮の賃貸物件情報を今すぐCHECK!毎日豊富な新着物件を様々な条件で探せる。
acceptable	価格相場・燃費をチェック
unacceptable	ガイド病棟看護助手
acceptable	脱サラ 企業なら
acceptable	マイホームを建てるならこちら
unacceptable	結婚式エンドロールの業者
acceptable	病気でも入りやすい、お手頃な保険料の保険です。目的に合わせたプランのカンタン見積り可能。
unacceptable	長井市アパートなら
unacceptable	死亡保険シュミレーション配信中
acceptable	サンワダイレクトでテレワーク環境を整える。人気オフィス家具から便利なマウスグッズまで勢揃い
acceptable	お急ぎの依頼もご相談ください
unacceptable	宝塚の介護求人がザクザクみつかる!全国対応の介護職専門の転職支援サイト【介護ワーカー】。
unacceptable	全国のプロが登録中!最大5社から届く見積もりを比較して、オトクに依頼しよう。
unacceptable	ご小規模企業共済(エース)
acceptable	ブライトエイジ化粧品の口コミ
acceptable	【上尾市】賃貸・アパートを検索
unacceptable	360旭川市賃貸アパートの物件あり／家賃相場・学校名で検索：ライフスタイルに合ったお部屋探し
unacceptable	生命保険1位～3位を発表
acceptable	お近くの絨毯清掃なら
unacceptable	タイミー軽作業にすぐ働けてすぐお金がもらえる！メンドウな面接や履歴書も一切必要ありません！
acceptable	広島県の女性の一人暮らし物件掲載数が豊富。女性の賃貸情報サイトならwoman.chintai
unacceptable	≪tvcm放映中≫結婚式・イベント・ネズミ撃退法、家族写真・宣材写真等の撮影依頼はミツモアで!
unacceptable	新車サブスク車サブスク利用
acceptable	【廿日市市】賃貸アパート情報
acceptable	洗濯機の掃除をプロが分解洗浄
acceptable	岩国市の賃貸アパート情報
unacceptable	家のネズミ捕り(ドラマ)を配信中
unacceptable	寒い季節には暖房機能、雨の日には洗濯物の害獣駆除ネズミをプロ技で美しく写真に残しませんか?
acceptable	浴室乾燥機ならおそうじ本舗
unacceptable	南アルプス市の新着アパート情報を毎日更新!毎日豊富な新着物件を様々な条件で探せる。
acceptable	無料で動画を作成できるアプリ
acceptable	七五三の写真撮影依頼
acceptable	こどもみらいjurban
unacceptable	排水管高圧洗浄業者の口コミ
unacceptable	全国の除草業者が登録。条件に合った除草剤の見積もりが届く!
acceptable	おそうじ本舗/掃除」の求人募集もfc本部が協力
acceptable	スタジオアリス/お宮参り撮影
acceptable	サンワダイレクト/ラック
acceptable	人気の葬儀保険を一括比較&資料請求!葬儀保険の相談、保険選びは保険市場!
unacceptable	選べる医療保険と死亡保険セット
acceptable	オフィス用キーボード
acceptable	式場の資料請求はこちら
unacceptable	トイレの水漏れたいなら
acceptable	広島の物件多数掲載。一人暮らしやペット可などのテーマから選べる理想のお部屋探し。
unacceptable	全国の許可申請など草刈り費用の作成に強い行政書士を比較。信頼できる先生にすぐに依頼しよう。
unacceptable	40代医療保険生命公式サイト
unacceptable	ホームヘルパーの求人情報がザクザクみつかる!長年培った経験で安心してご利用できます
acceptable	【山形】の単発バイトなら
acceptable	掃除のプロ」が掃除の全てをサポート!
unacceptable	新車サブスク車月額安い
acceptable	日雇いのバイト情報掲載。すきな時間、すきな場所、すきな職種で最短1時間から働けます。
unacceptable	ケアマネージャーの求人、転職なら介護ワーカー。長年培った経験で安心してご利用できます
acceptable	簡単便利なオンラインお見積りはこちら
unacceptable	蛇口の水漏れ修理補充まで
acceptable	個人法人消費者金融
unacceptable	おのつまりの方も
acceptable	フランチャイズの掃除はおまかせ
acceptable	期間限定/初年度年会費無料
acceptable	セゾンカードの作り方・利用方法をご紹介。貯まったポイントはお買物や別のポイントにも変換OK
unacceptable	積立定期預金おすすめランキング
unacceptable	【イベント実績掲載中】住友不動産新宿住友ビルに天井高2ｍ×全天候型大型イベント会場が登場！
acceptable	掃除のプロが店舗経営!?おそうじ本舗のフランチャイズで独立・開業・起業|ハウスクリーニングのおそうじ本舗おそうじ本舗のフランチャイズはサポート・研修体制が充実。ハウスクリーニング業界未経験でも安心・安定して独立・開業・起業!
unacceptable	個人事業主様向けのローンならアイフルビジネスファイナンス。来店不要で24時間カンタン申込み。
unacceptable	初回復讐の教科書漫画
acceptable	式場見学の予約はこちら
acceptable	お客様満足度97.9%。スマホとネット環境があれ郵便局貯蓄型保険の相談や見直しなら保険市場へ
acceptable	掃除のプロが店舗の掃除を独占!?おそうじ本舗のフランチャイズで独立・開業・起業|ハウスクリーニングのおそうじ本舗おそうじ本舗のフランチャイズはサポート・研修体制が充実。ハウスクリーニング業界未経験でも安心・安定して独立・開業・起業!
unacceptable	フリーランス支援金の補填
acceptable	グループホームの求人
unacceptable	住友不動産飯田橋店
unacceptable	70歳オリックス生命審査期間の死亡保険ならオリックス生命のファインセーブ。お手頃な保険料です
acceptable	脱サラ」や「独立・開業」などの企業向け開業支援サービス
unacceptable	水漏れや排水管掃除相場、蛇口交換・紛失・修理のプロから見積もりが届く。相談できるので安心!
unacceptable	学生向け賃貸所沢市賃貸
unacceptable	楽天プレミアムカードなら新規入会&利用で7000ポイントプレゼント・【2枚目作成も可能】
unacceptable	【排水管掃除相場ランキング】
unacceptable	約100種の条件からあなたにマッチした大村市の賃貸アパートを選べる・毎日豊富な新着物件！
acceptable	【上尾】賃貸・アパートを検索
unacceptable	学生に熊本市アパート
acceptable	ミニクラブマン 中古車探し
acceptable	ドラム式洗濯機クリーニングならおそうじ本舗
acceptable	ハイラックス
acceptable	メデイケア生命の医療保険
unacceptable	約100種の条件からあなたにマッチした高山市の賃貸アパートを選べる・岐阜県の物件多数掲載。
unacceptable	宮崎の賃貸物件情報を今すぐCHECK!人気の厳選テーマから理想のお部屋探し【スマホでCHINTAI】
unacceptable	不動産品川区不動産売却
acceptable	5歳児の自宅学習におすすめ
unacceptable	土日祝日介護福祉士転職求人
unacceptable	初期費用の問い合わせもカンタン・ライフスタイルを豊かにする矢巾アパートサイトならCHINTAI
unacceptable	保険市場おすすめ死亡保険TOP３
unacceptable	お客さまのニーズに合わせて、100万円単位で保険メディケア／気になる保険料を今すぐチェック！
unacceptable	毛穴エトヴォス口コミファンデ
acceptable	風呂掃除はプロにお任せ
acceptable	【公式】サボンモーヴ
unacceptable	単発バイト登録にすぐ働けてすぐお金がもらえる！メンドウな面接や履歴書も一切必要ありません！
unacceptable	鳥取ガスの株式は持込可能。3年契約で¥48,300(税込)おトク
unacceptable	【個人事業主】事業資金をご融資
acceptable	【公式】Timee／タイミー福山市
unacceptable	定期死亡保険が安いおすすめ
unacceptable	約100種の条件からあなたにマッチした岩国市の賃貸アパートを選べる・山口県の物件多数掲載。
unacceptable	楽天カードは様々な種類がご用意されています。貯めたポイントは月々のお支払いにご利用可能
unacceptable	1日の入院でも入院一時63歳死亡保険が気になった保険をチェック!相談や見直しなら保険市場へ
unacceptable	葬儀保険比較はどこ?
acceptable	チラシ・フライヤー制作はプロに依頼しよう。ミツモアなら最大で５名のデザイナーから選べる。
unacceptable	別府市の賃貸物件情報サイト・家賃相場・学校名で検索：ライフスタイルに合ったお部屋探し
acceptable	60代におすすめの死亡(生命)保険
unacceptable	害虫駆除草刈り費用
unacceptable	サービス楽天ピンクカード申込
acceptable	介護施設検索サイトで愛知県の介護施設を探そう!専任のアドバイザーがぴったりの求人をご紹介。
acceptable	スタジオアリス【753】写真
acceptable	お急ぎのケースもご相談下さい
acceptable	野々市アパート情報
unacceptable	豊富な物件情報でこだわり条件の賃貸情報サイトを滋賀で。初期費用などのお問合わせ無料！
acceptable	介護資格の取り方・選び方でお困りですか?介護職に特化した求人情報を数万件掲載。
acceptable	【公式】住友不動産のオフィスビル
acceptable	【日野町】賃貸・アパートを検索
unacceptable	死亡死亡保障安いネットはどこ？
acceptable	隙間時間で働けるバイト求人情報が満載。メンドウな面接や履歴書も一切必要ありません！
unacceptable	悪玉コレステロールを減らしたい！小林製薬の紅コレステロールを下げるサプリコレステヘルプ
acceptable	甲賀市の賃貸物件情報を今すぐCHECK!賃貸マンション・アパート・一戸建ての物件掲載数が豊富。
unacceptable	盛岡の賃貸物件情報を今すぐCHECK!賃貸マンション・アパート・一戸建て情報検索。
unacceptable	トイレつまり料金・確定
unacceptable	住友不動産西新宿五丁目プロジェクトの詳細情報はこちらから・まずはお問い合わせを
unacceptable	悪玉コレステロールを下げる食事
acceptable	掃除のプロが自宅をピカピカに
acceptable	研修が充実して安心/約95%の方が掃除業者の仕事未経験で活躍
acceptable	松山デイサービス求人正社員
unacceptable	蛇口の取り付け方の鍵屋
unacceptable	名寄アパート情報アパート情報
unacceptable	看護助手のお給料が業界最安水準!また転職サポートを使えばスムーズに転職ができます。
acceptable	保険商品オリックス生命ケガ通院
unacceptable	お客様満足度97.9%。ネット環境があればアプリのダウンロード少額短期保険商品一覧を一緒に解決
unacceptable	がん保険選びは安さと保障期間で頚がんオンライン保険相談など。保険のことなら、なんでも解決。
unacceptable	お近くの蛇口の水漏れ修理
unacceptable	新潟市の賃貸アパート情報!ライフスタイルを豊かにする情報や最新の賃貸物件を多数ご用意
unacceptable	約100種の条件からあなたにマッチした桑名市の賃貸アパートを選べる・賃貸情報サイト CHINTAI。
unacceptable	【公式】介護ワーカー：が神戸介護求人お持ちの方必見。プロがあなたの転職活動を徹底サポート
unacceptable	【女性専用】インストラクターも女性だから安心。ダイエットや筋トレを取り入れたヨガ金沢も。
unacceptable	県民共済 静岡中央共済は、静岡第一生命が運営しています。まずは無料で資料請求！
acceptable	クレジットカードならセゾン
unacceptable	三ツ沢上町駅の賃貸物件情報サイト・毎日豊富な新着物件を様々な条件で探せる。
acceptable	始めよう1人暮らし/女性向け賃貸
unacceptable	保険市場/生命保険比較
unacceptable	0県民共済沖縄ないランキング
acceptable	保険市場奈良子ども保険
unacceptable	楽天楽天マイナポイント
unacceptable	不動産売却ならカウカモ！あなたのちんたいで全員に1万円分のギフト券プレゼント
unacceptable	オリックス生命は告知終身保険おすすめ50代を限定特典もあります。お申込み・資料請求はこちら
unacceptable	納車前のセルシオ後期ます。
acceptable	高ファッション人材派遣の求人
unacceptable	5コープ共済こーぷランキング
unacceptable	持病や入院・手術の経験のある方も加入しやすい保険で一生涯の安心をしっかりサポート・プラス
unacceptable	【公式サイト】賃貸横須賀
unacceptable	掛け捨て18歳医療保険貯蓄型死亡保険キュア・サポート・プラスは持病のある方も申込めます。
unacceptable	保険料が安い医療保険は？
acceptable	全国の家具・荷物運搬業者が登録。最大5社から届く見積りを比較して、オトクに依頼しよう。
acceptable	【帯広】賃貸・アパートを検索
acceptable	掃除の会社を独立開業を。おそうじ本舗見ました」とおっしゃってください。
unacceptable	高圧洗浄・翻訳WEBサイト英語
unacceptable	奈良市の賃貸物件
unacceptable	全国の草刈り代行のプロが登録。最大5社から届く見積もりを比較して、オトクに依頼。
unacceptable	賃貸 瀬田
acceptable	壁紙クロス掃除ならおそうじ本舗
acceptable	【介護職ヘルパー求人】
acceptable	掃除」で稼ぐならおそうじ本舗
unacceptable	結婚式場相談は安心の神奈川で
unacceptable	介護福祉士の求人募集
unacceptable	佐世保市の賃貸物件情報サイト・毎日豊富な新着物件を様々な条件で探せる
unacceptable	東京會舘のブライダルフェア・見学予約はこちら。結婚準備のことならゼクシィへお任せ！
unacceptable	アパート排水管清掃費用洗浄
unacceptable	入ってよ高額生命保険
unacceptable	【公式】住友不動産上野
acceptable	掃除のプロが起業 | おそうじ本舗おそうじ本舗のフランチャイズはサポート・研修体制が充実。ハウスクリーニング業界未経験でも安心・安定して独立・開業・起業!
unacceptable	近くの近くのデイサービス求人
unacceptable	≪見積もり無料≫最大5名のプロ/弁理士から見積もりが届く。口コミを比較してプロを選べる。
unacceptable	長野駅の賃貸物件情報ならスタディサプリ進路・毎日豊富な新着物件を様々な条件で探せる。
acceptable	ハウスクリーニングの相場は?
acceptable	病院内のお仕事探しは、看護師転職専門の求人サイトが断然おすすめ!詳細条件で検索可能
unacceptable	浴室水栓交換比較
unacceptable	みんなが選ぶがん保険第1位は
unacceptable	期間限定／初年度年会費無料
unacceptable	【アイフル】WEBなら最短25分で融資可能
unacceptable	大型家電配送清掃
unacceptable	長野介護ワーカー
unacceptable	アイフル事業資金公式
acceptable	境港市の新着アパート情報を毎日更新!賃貸マンション・アパート・一戸建ての物件掲載数が豊富。
unacceptable	LDLコレステロールが気になる方の内臓脂肪の吸収を抑える・悪玉コレステロールを減らしたい！
acceptable	三井ダイレクト損保の自動車保険
unacceptable	人気の引受基準緩和型保険が見つかる。お葬式費用で身内に迷惑はかけたくないという方へおすすめ
unacceptable	etcカード無料楽天コチラ
acceptable	ゼクシィ 結婚
acceptable	【個人年金保険】年齢・性別、月払保険料を選択するだけで簡単比較
unacceptable	公式／支持率Noショートステイ
unacceptable	「週タイミー兵庫バイト」
acceptable	掃除のプロが家庭のキッチンをピカピカに
acceptable	掃除のプロがフランチャイズ開業
unacceptable	税理士草むしり依頼
acceptable	お宮参り撮影のスタジオなら
acceptable	少ない労力で、キレイで快適な生活を送りませんか？
unacceptable	楽天プレミアムキャンペーン.1
unacceptable	小松賃貸やペット可などのテーマから選べる理想のお部屋探し。初期費用などのお問合わせ無料！
acceptable	条件に合わせて簡単に物件探しが可能
unacceptable	即香川県アパート物件あり
acceptable	洗濯機の水漏れをプロが修理
unacceptable	運命のアウトバック新型。
unacceptable	奈スミトモフドウサンハンバイ【公式】
acceptable	セットメニューもオススメ
acceptable	掃除のプロ」が講師をする
acceptable	高松の賃貸物件情報を今すぐCHECK!賃貸マンション・アパート・一戸建ての物件掲載数が豊富。
acceptable	約100種の条件からあなたにマッチした高知市の賃貸物件を選べる・【更新頻度最短5分】
acceptable	掃除のプロ」が教えるおそうじ本舗
unacceptable	鍵屋さんの鍵屋さんなら
acceptable	【入会金・年会費無料】24時間・365日ご利用可能なオリックスクレジット会員のWEB完結ローン！
acceptable	壁紙クロスの張り替え。エコ洗剤で洗浄&消臭!
acceptable	年中無休でタブレット教材が使える!スイッチONで今日のおすすめ学習内容を自動で選定。
unacceptable	高圧シロアリ検査費用
unacceptable	学資保険のデメリットを解説
unacceptable	鳥取で光熱費を抑える方法
unacceptable	短期バイト探しなら仙台のバイト情報掲載。メンドウな面接や履歴書も一切必要ありません！
acceptable	愛媛の賃貸物件情報を今すぐCHECK!ライフスタイルを豊かにする情報や最新の賃貸物件を多数ご用意
acceptable	中古車情報／35gtr中古を探す
unacceptable	楽天ピンクカード追加.1
acceptable	《22年最新の賃貸情報》一人暮らし向け、ペットと暮らせる物件を紹介。スマホで簡単お部屋探し
unacceptable	はじめてのご融資はコチラ。旧ビジネクストはWEBでラクラクお申込み。
acceptable	対象箇所：キッチン・換気扇・翌室・洗面台・トイレ・簡易清掃・床バキューム
acceptable	仙台の単発単発バイト情報掲載。メンドウな面接や履歴書も一切必要ありません！
acceptable	脱サラ」や「独立・開業」に関するお悩みを解決いたします
unacceptable	オフィスビルをお探しならBCP。人とビジネス、環境にやさしい安心安全なオフィスビルづくり
acceptable	【楽天カード】年会費永年無料
unacceptable	秋田市ヨガ／ロイブは無料体験などお探しの方へ。月々1078円～通い放題！ピラティスレッスンも。
unacceptable	20代～50代以上の人が気になった保険をランキング別に徹底全労済の保険。比較なら保険市場！
acceptable	子供のための保険/貯蓄型
acceptable	中古車カイエンを今すぐ【検索】
acceptable	楽天カードピンクカード
unacceptable	ヴォクシー煌イタリア車
unacceptable	【持病】があっても入れますか？オリックス生命の医療保険・死亡保険は入院歴があっても申込める
unacceptable	楽天ピンクカード違い.1
acceptable	40代~60代も活躍中!未経験でも開業したい方、安心して開業したい方でもはじめられます。
acceptable	最短1分で見積もり
unacceptable	【年齢】で保険を諦める前に
unacceptable	鳥取の一人暮らし物件掲載数が豊富。賃貸情報サイトならCHINTAI
unacceptable	がん抗がん剤費用サポート
unacceptable	浴室浴室水栓交換まで
unacceptable	【旧】フリーランス支援金
acceptable	フォトウェディングの写真撮影
acceptable	天童市/賃貸アパート情報サイト
acceptable	漫画無料で試し読み！漫画・コミック・小説ならDMMブックス（旧電子書籍)！人気コミックや小説、写真集など24時間いつでもどこでも購入してすぐ読める！ダウンロード期限なし！PC・スマートフォン・タブレット対応。
unacceptable	気分に合わせていつでもスマホ上の券面デザインを変更が可能！日経優秀製品・セゾンカード特典。
acceptable	【ゼクシィ】東京會舘
acceptable	すぐ真似できるコーディネート画像が満載で、欲しい水着･ラッシュガードが見つかる
acceptable	山梨市の賃貸物件情報サイト・一人暮らしやペット可などのテーマから選べる理想のお部屋探し。
unacceptable	【1】個人事業主キャッシング
unacceptable	【介護職ヘルパー求人】
acceptable	【ゼクシィ】結婚式場情報の一覧
unacceptable	軽自動車中古ヴォクシー煌を探す
acceptable	看護師と検索した方にオススメ!全国対応の介護職専門の転職支援サイト【介護ワーカー】。
unacceptable	賃貸野洲市賃貸物件
unacceptable	カーナビのサブスク・新車のサブスクが利用できる「直売カーセンサー」です。
unacceptable	エトヴォス公式エトヴォス誕生日
unacceptable	面倒な手続き・作業は全て草刈り!口コミ評価からプロを選べる安心の見積もりサイト【ミツモア】
unacceptable	【1位～3位】生命保険
acceptable	看護師の仕事探しなら
unacceptable	入院+入院の保険ランキング
unacceptable	お買い物がスムーズに／楽天ポイントカード年会費無料／新規入会＆ご利用で1ポイントプレゼント
acceptable	【松山】賃貸情報なら
unacceptable	エトヴォス定期／公式ECサイト
acceptable	掃除のプロが会社設立|ハウスクリーニングのおそうじ本舗おそうじ本舗のフランチャイズはサポート・研修体制が充実。ハウスクリーニング業界未経験でも安心・安定して独立・開業・起業!
unacceptable	2022年版コーピーカード?
acceptable	スマイルゼミ小学1年生・無料資料請求でもれなく全員にお得なプレゼント
unacceptable	オリックス/新キュアサポート
unacceptable	ここにしかない非公開の求人の神戸市ケアマネ求人まで完全無料。今年こそ転職したいあなたへ
acceptable	清掃会社で独立開業するなら
unacceptable	出雲市の賃貸マンション情報!賃貸マンション・アパート・一戸建ての物件掲載数が豊富。
unacceptable	日吉津村でアパート探し。一人暮らしやペット可などのテーマから選べる理想のお部屋探し。
acceptable	七五三の着物レンタルならスタジオアリスにお任せください。万全の対策で安心安全の撮影を。
acceptable	運送業者をお探しの方へ
acceptable	ミニクロスオーバーの中古車探し
acceptable	掃除の会社」とも呼ばれ、ハウスクリーニング業界では業界no.1の店舗数。全国1,701店舗展開中!
unacceptable	アンテナのつまり
unacceptable	介護職の求人・転職なら介護ワーカー 垂水区。また働いている方の声や職場の雰囲気もお伝え可能
unacceptable	土地の売り方せ
acceptable	お宮参り記念写真撮影の依頼
acceptable	すぐに対応してもらえる業者に依頼したい方必見!最大5名のプロから見積もりが届く。
acceptable	フローリング掃除のワックスがけ
unacceptable	ネズミ退治専門の業者を探す
acceptable	【OIOI/マルイ】web cannel
acceptable	掃除の会社」/ハウスクリーニングで独立・開業・起業|ハウスクリーニングのおそうじ本舗おそうじ本舗のフランチャイズはサポート・研修体制が充実。ハウスクリーニング業界未経験でも安心・安定して独立・開業・起業!
acceptable	スキマ時間にすぐ働ける
acceptable	1時間だけバイトする？
unacceptable	高知市の新築戸建て情報はこちらから・毎日豊富な新着物件を様々な条件で探せる。
acceptable	全国１,701店舗・業界店舗数No.１
unacceptable	【死亡保険】みついすみともダイレクトの医療保険をランキング別に徹底比較。比較なら保険市場！
unacceptable	住友不動産半蔵門。
acceptable	最大５社からすぐ見積もりが届く。ミツモアならあなたのこだわり・要望に合わせてフローリング・床張り替え業者が最適な提案・見積もりをしてくれます。フローリング・床の張り替えはミツモアで。
unacceptable	がん保険入るタイミング型とは
unacceptable	敷金礼金ゼロの物件あり／家賃相場・学校名で検索：ライフスタイルに合ったお部屋探諏訪アパート
unacceptable	学資保険、いつから入るべき？
acceptable	【24時間依頼可能】カンタン2分で無料見積もり完了
unacceptable	結婚式場探しは結婚相談所横浜
acceptable	ワゴンRの中古車探し
acceptable	人気漫画をスマホでイッキ読み
acceptable	デイサービスの求人募集
acceptable	約100種の条件からあなたにマッチした高知市の賃貸マンションを選べる・高知県の物件多数掲載。
acceptable	【2022年】フローリング業者
unacceptable	1枚目の楽天ピンクカード口コミ
unacceptable	岡山で家探しをご検討中の方へ!賃貸マンション・アパート・一戸建ての物件掲載数が豊富。
acceptable	楽天カードアカデミー審査
acceptable	介護介護ワーカー岡山求人
acceptable	おそうじ本舗」ブランドで展開中!全国1,701店舗・業界店舗数no.1
unacceptable	【5最新】hokennichiba
acceptable	SPOOX
unacceptable	「週その日にバイト」
acceptable	ゼクシィ／結婚情報総合サイト
unacceptable	20代~50代以上の人が気になった保険をチェック!相談や生命保険何歳までオンラインで無料相談
unacceptable	定期型まで保険を選べる。若い60歳生命保険料に医療保険に入ったほうが月額保険料は安くなる?
acceptable	掃除のプロが開業サポート!
unacceptable	千葉県の賃貸アパート情報を今すぐチェック!毎日豊富な新着物件を様々な条件で探せる。
acceptable	死亡保険のみおすすめ
acceptable	オリックス生命の保険商品・保険料のチェックはコチラから!まずは保険料シミュレーション
unacceptable	≪価格満足度92%≫最大5名の除草業者から見積もりが届く。おトクなプロを選べる。
unacceptable	結婚式場・結婚式場をお探しなら、千葉県のウエディングパークへ。特典付き紹介会場数多数。
unacceptable	敷金礼金ゼロの物件賃貸物件金沢市／家賃相場・学校名で検索：ライフスタイルに合ったお部屋探し
unacceptable	ゼクシィ 相談カウンター 梅田の情報がわかる!二次会や前撮り、指輪のご相談も可能です。
unacceptable	賃貸物件を探すなら熊本市東区
acceptable	掃除のプロが家庭訪問・おそうじ本舗で使用する洗剤を調合して提供します。
unacceptable	湯梨浜町アパートの物件多数掲載。初期費用の問い合わせもカンタン！賃貸情報サイトCHINTAI。
acceptable	インターネットからのお申し込みで、最大10,500円の割引。24時間365日いつでもお申込み頂けます。
unacceptable	普段のお楽天カードetc複数でとにかく貯まりやすい！コンビニやスーパーでの給油でポイントが1倍
acceptable	住友不動産八重洲ビルヂング
acceptable	掃除のプロが会社を設立
unacceptable	一サービス管理責任者は介護ワーカー：こだわり条件で希望の職場へ／プロが無料で転職サポート
acceptable	大阪看護助手県日光市求人
acceptable	【住友不動産】資料
unacceptable	公式-ファインセーブ死亡保険
unacceptable	がんの入院・通院を一生涯保障する医療保険です。保険市場ならお手元のスマホやPCで比較が可能
unacceptable	人気の個人年金保険をランキングで一括比較。老後資金を無理なく積み立てたい方へ。
unacceptable	名古屋市守山区の賃貸物件情報サイト・毎日豊富な新着物件を様々な条件で探せる。
unacceptable	毎日豊富な新着物件！静岡県賃貸・家賃相場の検索も可能。学割適用の物件・ペット可など多数掲載
unacceptable	福岡で部屋探しをご検討中の方へ!賃貸マンション・アパート・一戸建ての物件掲載数が豊富。
unacceptable	＜公式＞ローズゴールド色のクレジットカード、デビュー。セゾンカード即日発行etcにサポート！
unacceptable	石鹸で落とせるファンデーション
acceptable	住友不動産水道橋オフィスビル
unacceptable	【評判】キュア・ネクスト
unacceptable	がん抗がん剤費用0≫
acceptable	福岡の物件を借りる/一人暮らし
acceptable	札幌のマタニティフォト撮影
acceptable	全国のカメラマンが多数登録
unacceptable	【etvos】ファンデーション
acceptable	ガラス・サッシクリーニング業者
unacceptable	セゾンカード即日発行etc
acceptable	マタニティフォトなら札幌店にお任せください。母となる第一歩の思い出をマタニティフォトで。
unacceptable	83歳の方も入れる死亡保険
unacceptable	セゾンカードならスマホで簡単申し込み!お支払い1000円ごとに1ポイント貯まります。
acceptable	スマホアクセサリー、ワークデスク、会議テーブルなどシーンや用途に合わせて幅広いラインナップ
unacceptable	善通寺市のアパート情報が満載!ライフスタイルを豊かにする情報や最新の賃貸物件を多数ご用意
acceptable	掃除のプロが充実」と聞くと、なんだか難しそうだな...と思われがちですが、清掃業のプロがお掃除の仕方をレクチャーするので、未経験でも安心・安定して独立・開業・起業!
unacceptable	女性保険の加入は早めの準備を!女性死亡保障安いをランキング別に徹底比較!比較なら保険市場。
acceptable	ファンデーションならエトヴォス
acceptable	エディオンのエアコンクリーニング
acceptable	偽造防止チップ搭載で安全・安心
acceptable	楽天カードは2枚目も作成可能。券面デザインが2種類まで選べる。気になる楽天アカデミーが貯まる
acceptable	専用機材で洗浄後にワックスを2回塗布。驚きの輝きを取り戻し、床材もしっかりガードします。
unacceptable	ナース派遣福岡の派遣求人情報
acceptable	おそうじ本舗」「おそうじ本舗のフランチャイズ」の違いとは!
acceptable	公式サイト/chintai
unacceptable	求人人材獲得
unacceptable	最新の安い生命保険はこちら
unacceptable	人気の死亡保険を一括比較&資料請求。 ネット申込専用だから実現できたお手頃な保険料！
acceptable	約90%が学ぶ習慣の定着を実感!まずはプレゼント付きの資料請求。
acceptable	賃貸・アパートを検索/兵庫
unacceptable	目指せ【声優デビュー】
unacceptable	短期でも長期に亘って稼げる短期集中プランも・人気・安い・おすすめの保険が知りたい方必見！
acceptable	ブライダルウェディング
acceptable	商標・意匠・特許申請を依頼
acceptable	【七尾市】賃貸アパート情報
acceptable	ふたりの大切なウエディングをサポート。結婚準備のことならゼクシィへお任せ!
unacceptable	オリックス生命医療保険保険
unacceptable	【2022年】死亡保険ランキング！女性保険の加入メリットとは妊娠中入れる保険コープを比較可能
unacceptable	約100種の条件からあなたにマッチした福井市の賃貸アパートを選べる・メールで簡単問い合わせ
unacceptable	垂水区の介護求人がザクザクみつかる!また転職サポートを使えばスムーズに転職ができます。
acceptable	プリンタキーボードおすすめ
unacceptable	約100種の条件からあなたにマッチした金沢市の賃貸アパートを選べる・石川県の物件多数掲載。
unacceptable	個人事業主アイフル個人事業
acceptable	掃除のプロがオーナーの仕事」
unacceptable	中古車ならアウトバック中古
unacceptable	愛媛介護福祉士給料
unacceptable	単発・未経験OKなど条件で探せるバイト情報掲載。4月30日までに、初めて仕事をする方全員対象
acceptable	約100種の条件からあなたにマッチした長崎市の賃貸マンションを選べる・長崎県の物件多数掲載。
acceptable	ルークスの中古車探し・60秒で見積り依頼【名前・メール・郵便番号だけ】
acceptable	年中講座/スマイルゼミ
acceptable	橿原市の賃貸物件情報サイト・一人暮らしやペット可などのテーマから選べる理想のお部屋探し。
acceptable	鳥取で光熱費を安くしたい!あなたにピッタリの料金プランをすぐに診断。
acceptable	【一宮】介護職の求人情報
acceptable	スタジオアリスのマタニティ衣装・初めての家族写真はきっとお子さまに想いが伝わる大切な一枚。
unacceptable	楽天プレミアムカードならETCカードのETC利用でポイント最大5倍に!ネットで簡単申し込み
acceptable	脱サラ」や「独立・開業」を検索した方へ
unacceptable	学生楽天etc発行期間
unacceptable	終身保険ライズ シュミレーション・教育資金・豊かなセカンドライフ・葬儀費用・お墓代などに…
acceptable	【宇和島】賃貸・アパートを検索
acceptable	掃除の会社」/独立開業
unacceptable	お楽天アカデミーカード
unacceptable	インターネット申込みなら、一度のお手続きで医療保険も郵便局の保険もまとめてお申込みが可能。
acceptable	少年・おじさまと猫漫画も配信中
acceptable	A1中古【カーセンサー】
unacceptable	【人気】法人様向けローン
unacceptable	国内最大級の保険比較サイトで比べるとピッタリの引受基準緩和型保険が見つかる。
acceptable	結婚式に必要な費用はこちらから!少人数から大人数プラン等さまざまな挙式スタイルをご紹介
acceptable	楽天カードマイナポイントコチラ
unacceptable	鳥取環境大学のパンフ&願書を資料請求!毎日豊富な新着物件を様々な条件で探せる。
acceptable	ゼクシィでブライダルフェア。家族・親族のみの結婚式なら、ゼクシィで検索！
unacceptable	加古川の介護求人がザクザクみつかる!また転職サポートを使えばスムーズに転職ができます。
acceptable	山口市の賃貸アパート情報
unacceptable	楽天ポイントカード作り方お考えなら、楽天カードで決まり！お得にポイントを貯めて、活用しよう
unacceptable	事業資金個人事業主資金繰り
acceptable	保険市場おすすめの葬儀保険
acceptable	デスク机ラック／オフィス用品
acceptable	≪全国対応≫ミツモアだったらお住まいのエリアで家具・荷物運搬に対応できる業者が見つかる。
unacceptable	即日アイフル個人事業
acceptable	掃除のプロが店舗をまるごと掃除!
acceptable	沖縄のリゾートバイト/8月スタートアルバイト情報札幌即日開始可能な案件あり
acceptable	スズキエスクード中古を掲載
acceptable	自動車保険の見積り比較で今より安い自動車保険がすぐに見つかる。お得な割引プランもご用意。
unacceptable	お近くの水道のつまり修理
unacceptable	【募集中】看護助手
acceptable	【おすすめのセール対象作品が充実】人気漫画を無料で試し読み！人気の少女・女性漫画が充実
unacceptable	総社市の賃貸アパート情報!一人暮らしやペット可などのテーマから選べる理想のお部屋探し。
acceptable	好立地でオフィスをお探しなら
unacceptable	入院保障が手厚い、女性医療保険
acceptable	【9月新着】介護職の求人
acceptable	≪全国対応≫簡単2分で依頼完了
acceptable	業界未経験の事務派遣求人も
acceptable	おそうじ本舗」ブランドで全国1,701店舗展開中!
unacceptable	ゴールドカードを持つならこの一枚。あなたに合った特典セゾンカード複数・サービスも豊富。
acceptable	人気保険比較でおすすめが分かる
unacceptable	賃貸アパート&マンション広島
acceptable	事務所移転のご相談なら
acceptable	脱サラ」や「独立・開業」など、新しい事に挑戦するあなたを全力でサポート!
unacceptable	死亡保険は掛け捨てではなく貯蓄性のある死亡保険。国内最大級の保険比較サイト≪保険市場≫
acceptable	ディサービスの求人情報がザクザクみつかる!年収400万円以上・土日休みなどの条件で検索。
unacceptable	楽天グループのカードローン!普段のお買い物や公共料金のお支払いにもご利用できる
unacceptable	介護加西介護求人グループホーム
unacceptable	人とビジネス、環境にやさしい安心のオフィスビル賃料対応などの最新設備オフィスなら住友不動産
unacceptable	楽天経済圏を活用するなら、楽天カードがお得！いろんなお店で楽天ポイントを貯めてポイ活を
acceptable	おそうじ本舗の掃除機売れ筋ランキング!ご家庭・店舗/オフィスのあらゆる箇所を掃除のプロが徹底的に汚れを除去。まずは無料で訪問・お見積りいたします。
acceptable	荷物1つで即日開始ok
acceptable	オリックス保険ライズ15歳～75歳
unacceptable	結婚式場相談なら《大宮》
acceptable	研修は本部が実施
acceptable	派遣の仕事探しならリクナビ派遣
unacceptable	セゾンプラチナはビジネスのパートナーに。通常22,000円（税込）の年会費が期間限定で無料！
acceptable	洗濯槽掃除の業者をお探しなら
unacceptable	運転資金の足しに運転資金を融資
unacceptable	約100種の条件からあなたにマッチした大村市の賃貸アパートを選べる・長崎県の物件多数掲載。
unacceptable	医療メディケア生命料が一生涯あがらない医療保険。充実の保障で保険料はずーっとあがらない！
acceptable	(終身)生命保険・貯蓄保険
unacceptable	介護ワーカーに転職。高時給の求人情報を知りたい方へ：無料登録で非公開求人も
unacceptable	毎日豊富な新着物件！出水賃貸・家賃相場の検索も可能。学割適用の物件・ペット可など多数掲載
unacceptable	愛知の賃貸物件
acceptable	スタジオアリスの着物レンタル、着付け、披露宴のセットをお得に楽しむ!初めてでも安心お任せ！
acceptable	【便利屋】開業前の方必見
acceptable	所沢市/写真館の予約
acceptable	自分た家族も認知症になるかもしれない。検査、個人年金保険とはをランキング形式で比較可能
unacceptable	東広島市の賃貸物件情報サイト・更新頻度最短5分・駅近物件で快適な生活を送りたい！
unacceptable	ゼクシィ カウンター 広島で結婚式をご検討中の方へ!結婚式会場以外もフォローが充実。
unacceptable	お近くの専門床ワックスが多数登録。最大0名から届く見積もりを比較して、オトクに依頼しよう。
unacceptable	【公式】金貸し個人
unacceptable	ナイトミン製薬の眠る力
acceptable	法人様向けローン
acceptable	1年定期保険死亡保険ランキング
unacceptable	オンラインで顔見ながら保険相談
acceptable	仙台の単発単発バイト情報掲載。すきな時間、すきな場所、すきな職種で最短1時間から働けます。
acceptable	掃除のプロが専門知識を持つだけで、お客様は快適にサービスを受けることができます。
unacceptable	生協の「ほけん」は、健康に不安がある人も入りやすい「生協ほけん」比較なら保険市場。
acceptable	掃除が苦手な人でも安心」
acceptable	スタジオアリス 七五三の衣装・お子さまの大切な記念写真を撮るならスタジオアリスで決まり！
unacceptable	向け賃貸出水賃貸
unacceptable	資金ショート融資決算書5期分と本人確認書類5点で最短即日融資！カードローンは繰り返し利用可能
unacceptable	帯広市の賃貸アパート情報!新着物件を約100種類のこだわりテーマから検索
unacceptable	死亡保険の保険料がお手頃な生命保険はオリックス生命。さらにお申込みしやすくなりました！
acceptable	福井市の賃貸物件情報・最新の空き状況や詳細情報がスマホで確認できる
unacceptable	死亡保険、医療保険、がん保険、就業不能保険のシンプルなラインナップ。比較なら保険市場
unacceptable	人気のシニア保険を分生命保険年齢もしれない。ランキング化。保険の相談、保険選びは保険市場！
unacceptable	オンライン、店舗、引受基準緩和型保険死亡保険までオンラインでも来店でももれなくプレゼント。
acceptable	キーボードを法人価格で購入。椅子・机などのオフィス用品やPC周辺機器など販売
acceptable	掃除のプロが家庭をキレイに!人生を豊かにするおそうじ本舗
unacceptable	全国対応の介護福祉士になるには情報が満載！専任のアドバイザーがあなたの転職をお手伝いします
unacceptable	東京の様々なエリアに多様なスペックのオフィス空室にやさしい安心安全なオフィスビルづくり
unacceptable	入院や通院の一時金も対応
acceptable	水道・水漏れ修理のプロを探す
acceptable	楽天カードなら使う分だけポイント貯まる！ポイントはコンビニやスーパーでのお支払いにも使える
unacceptable	ゼクシイの結婚式場情報!ゼクシィに会員登録すると、ダンドリチェック等、便利な機能が使える。
unacceptable	介護士資格の取り方/あなたにピッタリの求人掲載。年収400万円以上・土日休みなどの条件で検索。
unacceptable	治療中の入院や通院に備える保険
unacceptable	ガレージスズメバチの巣を依頼
unacceptable	プロが死亡保険国民共済
unacceptable	銀行社会保険個人事業主
acceptable	フランチャイズの清掃業者なら
acceptable	ファインセーブ保険15歳～75歳
unacceptable	古物商のネズミ業者代行に強い行政書士から見積もりが届く。無料チャットで相談してから決める。
acceptable	人気の女性主人恋日記漫画も充実
unacceptable	医療保険精神病でも入れる保険で
acceptable	掃除のプロ」が講師のfcビジネス
acceptable	洗濯槽の掃除業者をお探しなら
acceptable	介護職/姫路市の求人情報
acceptable	楽天ゴールドカード
unacceptable	小林製薬が独自に研究した認知機能を対策サプリ悪玉コレステロール下げるにはに試してみませんか
unacceptable	【公式】ブライトエイジシワ
unacceptable	越前市 CHINTAIの情報がわかる!最新の空き状況や詳細情報がスマホで確認できる
unacceptable	夜勤サ高住大阪求人あり
unacceptable	近くの水道屋さん
unacceptable	1分で完了無料相談予約
acceptable	【公式】しちごさん/写真撮影
unacceptable	橿原土地価格で住宅住友不動産販売【公式】
acceptable	第二の人生はここから始まる。おそうじ本舗の説明会は、地域や年代に応じたケース事例をご紹介
unacceptable	緊急融資資金の調達ならこちら
unacceptable	【カウカモ】会員数27万人超
acceptable	小学生タブレットno.1のスマイルゼミから幼児コースが新登場!無料資料請求で他社とカンタン比較
unacceptable	セゾンプラチナビジネスアメリカンエキスプレス・実用性とグレードを兼ね備えたビジネスカード
unacceptable	満85歳まで入れる医療保険。 ネット申込専用だから実現できたお手頃な保険料！
unacceptable	宮崎市の賃貸物件情報サイト・人気の厳選テーマから理想のお部屋探し【スマホでCHINTAI】
acceptable	専門業者が完全に駆除
acceptable	オリックス生命の定期型死亡保険ファインセーブの口コミは?お手頃な保険料を今すぐチェック！
acceptable	約100種の条件からあなたにマッチした佐賀の賃貸アパートを選べる・賃貸情報サイト CHINTAI。
unacceptable	建設業・草刈り費用代行に強い行政書士から見積もりが届く。無料チャットで相談してから決める。
acceptable	バーコードリーダーを法人価格で購入。椅子・机などのオフィス用品やPC周辺機器など販売
unacceptable	神宮寺駅の新築戸建て情報はこちらから・毎日豊富な新着物件を様々な条件で探せる。
acceptable	苫小牧市アパート物件はこちら
acceptable	グッドデザイン賞多数受賞。確かな提案力と技術力でいつまでも暮らしたいと思える家
acceptable	【ETVOS初めての方におすすめ】etvos新作不要メイクとスキンケアが試せるパーフェクトキット
unacceptable	ゼクシイの結婚式場情報!今ドキ最新演出やドレス試着など、彼と楽しめるフェア情報がいっぱい
unacceptable	秋田県の物件多数掲載。初期費用などのお横手アパートそうかな？と思ったら【スマホでCHINTAI】
unacceptable	LenovoNPO法人pc
acceptable	掃除のプロが家庭を訪問!おそうじ本舗
unacceptable	一人暮らしやペット可などのテーマから選べる理想のお部屋探しや周南アパートに役立つ情報も掲載
acceptable	エリア別人気のある結婚式場も掲載中!今ドキ少人数での結婚式・式場で記念撮影をするプランほか
unacceptable	トイレの水漏れ現場から学校まで
acceptable	結婚式情報ならゼクシィ！ウエディングドレスや挙式料、料理代などの費用確認はコチラから。
unacceptable	デザイン・マーケティングpr
acceptable	【善通寺市】賃貸アパート情報
unacceptable	法人または個人事業主向けの融資。アイフルビジネスファイナンスは即日融資も可能。
acceptable	2022年保険市場デメリット?
unacceptable	最新求人がメールで届く非公開神戸介護求人あり。長年培った経験で安心してご利用できます
acceptable	子供のための医療保険
unacceptable	1分で保険料試算／保険金額、保険期間は70歳オリックス生命お手続き受付の方に特におすすめです
unacceptable	住友不動産六本木ヒルズの式場
acceptable	フローリングの掃除をお探しなら
acceptable	年会費無料／楽天PINKカード
acceptable	洗濯槽の掃除をプロに依頼
acceptable	貯蓄性のある終身保険ライズ。
acceptable	ジュークの中古車探し
unacceptable	公式etcカード発行楽天
unacceptable	一人暮らし福島市ペット可賃貸
unacceptable	廿日市市の賃貸物件情報サイト・更新頻度最短5分・駅近物件で快適な生活を送りたい！
acceptable	自動車保険が初めての方も他社から乗り換えの方も。お得な割引プランもご用意。
unacceptable	埼玉県白岡市賃貸物件あり
unacceptable	貯蓄型のライズサポートプラス
acceptable	施設撮影の料金比較
acceptable	【姫路】賃貸・アパートを検索
unacceptable	大津市の賃貸アパート・アパートをお探しの方へ。毎日豊富な新着物件を様々な条件で探せる。
unacceptable	賃貸 甲斐
acceptable	コールセンター受電を探す
acceptable	動画サイトのおすすめを紹介
unacceptable	神戸市西区 デイサービスの求人、転職なら介護ワーカー。転職サポート登録で非公開求人もご紹介
acceptable	掃除のプロが専門機材を使用し、入居者様のハウスクリーニングを行うサービスです。
unacceptable	花丸大吉保険1位~5位
acceptable	法人・事業者向けに事業資金をご融資。」アイフルビジネスファイナンスは最短即日融資も可能。
acceptable	結婚式場相談はウェディング千葉
unacceptable	水道のつまりを修理の相場確認
unacceptable	床修理費用家電やパソコンなども、面倒な手続きや時間を取られることなく回収することができます
unacceptable	奈マンションの売却【公式】
acceptable	清掃会社」のフランチャイズで独立するなら。依頼年間約27万件【不況に強い】おそうじ本舗がおすすめ
unacceptable	選べる条件緩和型保険・特定112疾病への備えなど、気になる保障をパワーアップできる医療保険。
unacceptable	夜中に目が覚める、眠りが浅くなった。小林製薬が年齢とともに低下するナイトミン質をサポート
unacceptable	ミツモアで安心蜂の巣駆除
acceptable	看護師・准看護師の求人情報・全国対応の介護職専門の転職支援サイト【介護ワーカー】。
unacceptable	【修正申告】税理士
unacceptable	ニューボーンフォトや人探し値段、風呂・トイレなどの水トラブルはお任せ。安全かつ手早く完了。
unacceptable	設備充実×安心安全の住友不動産西新宿5丁目プロジェクト2,2人収容可能な巨大イベント空間誕生。
unacceptable	死亡保険は安い保険がおすすめ
unacceptable	≪見積もり無料見積もり≫最大0名の害獣駆除ネズミから見積もりが届く!おトクなプロを選べる。
unacceptable	1日の入院でも入院一がん医療保険しなら保険市場／月払保険料・保障期間で生命保険を比較可能
acceptable	掃除のプロが店舗を丸ごとキレイに
acceptable	掃除のプロが家庭や店舗を掃除!
unacceptable	茨城茨木ケアマネジャー求人
acceptable	水戸市の物件一覧/一人暮らし
unacceptable	【即日】申オリックス緩和医療
unacceptable	【公式】スマホで巣子賃貸公式
acceptable	帯広市の賃貸アパート情報なら
acceptable	札幌の賃貸アパート&マンション
unacceptable	一人暮らしやペット可などの栗東市賃貸マンションそうかな？と思ったら【スマホでCHINTAI】
unacceptable	シニア死亡保険無理なく積み立てたい方へ。保険料シミュレーションで月払保険料がいくらか分かる
acceptable	静岡県の賃貸物件情報サイト・賃貸マンション・アパート・一戸建ての物件掲載数が豊富。
unacceptable	約100種の条件からあなたにマッチした深谷市の賃貸アパートを選べる・賃貸情報サイト CHINTAI。
acceptable	鹿児島の賃貸物件情報を今すぐCHECK!賃貸マンション・アパート・一戸建ての物件掲載数が豊富。
acceptable	つぎ込んだ汚れをプロの技術で洗浄
unacceptable	中古車アルトこちら
unacceptable	オリックス生命医療保険キュア・サポート・プラス。6高齢者生命保険80歳以上／オリックス生命
acceptable	約100種の条件からあなたにマッチした松本市の賃貸アパートを選べる・賃貸情報サイトならCHINTAI
unacceptable	カーリースの審査はこちら【原則、在籍確認なしのカーリース】リース満了時には車が貰えます！
acceptable	スタジオアリス/753キャンペーン
unacceptable	カーリースより月々支払いがお得
unacceptable	【公式】セゾンパールカード
acceptable	八代の賃貸物件情報あり!ライフスタイルを豊かにする情報や最新の賃貸物件を多数ご用意
acceptable	最新の活動量計年間ランキング・1,000点以上の豊富なオリジナル商品が充実。
unacceptable	賃貸マンション・アパート・一戸建ての物件掲載数が豊富、薩摩川内市の公式サイトに掲載
unacceptable	急いで資金緊急融資・借入れならアイフルビジネスファイナンス／アイフルの新しいビジネスローン
unacceptable	オフィスビル住友不動産五反田
acceptable	おそうじ本舗」などのフランチャイズは、加盟店を募集すると、翌月以降に約95%がお客様からの紹介で埋まってしまいます。また、新規開業の加盟店は約95%が5年以上経過しています。つまり、あなたの店舗では、お客様からの紹介で客足が遠のいている可能性があるのです。 おそうじ本舗のフランチャイズはサポート・研修体制が充実。ハウスクリーニング業界未経験でも安心・安定して独立・開業・起業!
acceptable	結婚式場相談は【関東】で
acceptable	【公式】住友不動産の家づくり
acceptable	【シロアリ対策】予防・消毒
unacceptable	介護ワーカー広島県広島市求人
acceptable	保険市場おすすめの保険top3
unacceptable	人気の生命保険会社ランキング・自身の万が一の時に備える保険・比較なら保険市場
acceptable	ヘッドセットバーコードリーダー
unacceptable	車用サブスクを検索。頭金0円でお好みの新車をサブスクで利用できる「直売カーセンサー」です。
acceptable	掃除のプロが家庭まるごと徹底的に綺麗に!
acceptable	熊本市東区の賃貸物件情報サイト・ライフスタイルを豊かにする情報や最新の賃貸物件を多数ご用意
acceptable	リーフの中古車探し
unacceptable	アイフルのビジネスカードローン
acceptable	敷金・礼金0、最終支払い金額が安くなることが話題のおそうじ本舗
acceptable	保険／オリックス生命
acceptable	矢巾の賃貸物件情報あり。ライフスタイルを豊かにする情報や最新の賃貸物件を多数ご用意
unacceptable	一度にまとめ20代医療保険加入率
unacceptable	【Saison クレジットカード】貯まったポイントはお買物や別のポイントにも変換OK
acceptable	最大5社からすぐ見積もりが届く。ミツモアならあなたのこだわり・要望に合わせてチラシ・フライヤー作成会社が最適な提案・見積もりをしてくれます。
acceptable	保険の悩み相談／Webで簡単予約
acceptable	オリックス生命の入院(医療)保険
unacceptable	約100種の条件からあなたにマッチした松江市の賃貸アパートを選べる・島根県の物件多数掲載。
unacceptable	人気・安い・保険市場オンラインの保険が気になった保険をチェック!相談や見直しなら保険市場へ
unacceptable	経営を法人運転資金？
unacceptable	排水管高圧洗浄とは
unacceptable	【個人年金保険】ランキング比較
acceptable	楽天プレミアム会員
unacceptable	【銀行での融資をご検討の方必見】お設備資金融資で大型融資をご希望の方も安心して申込み可能
acceptable	オリックスクレジット株式会社
unacceptable	大洲市の賃貸マンション情報!賃貸マンション・アパート・一戸建ての物件掲載数が豊富。
unacceptable	【公式】セゾンパール
acceptable	市川市の賃貸情報なら
unacceptable	少年・復讐の教科書漫画も配信中
acceptable	水道水栓・シャワーの交換工事
unacceptable	苫小牧市アパート
acceptable	会津若松市の賃貸アパート情報
acceptable	ガス台をリースするなら
acceptable	選んで安心／新メディフィットＡ
acceptable	掃除のプロが店舗をまるごとピカピカに
acceptable	ビジネスローンは個人事業主でも最短即日融資が可能!来店不要で24時間カンタン申込み
unacceptable	自宅に届ける中古車購入サービス
unacceptable	マッチングアプリ20代婚活アプリ
unacceptable	ファインセーブ/配信中
acceptable	保険料が変わらない死亡保険なら
acceptable	佐賀市の賃貸アパート情報なら
unacceptable	オリックスファインセーブしたら
unacceptable	楽天クレジットカード VISA入会&ご利用で5,000ポイントプレゼント・【2枚目作成も可能】
acceptable	マタニティフォト/沖縄
acceptable	【岸和田市】介護求人情報
unacceptable	アパート排水管清掃費用残そう
unacceptable	【女性専用】インストラクターも女性だから安心。ダイエットや筋トレを取り入れたヨガ新潟も。
acceptable	パソコンラック、ワークデスク、会議テーブルなど、パソコンラックならではのお得なサービス！
unacceptable	WEBでカンタン資料請求／あなたのご自宅でじっくり検討。お手頃な85歳でも入れる保険や死亡保険
acceptable	石川でお部屋探しなら
unacceptable	毎日豊富な新着物件！別府市賃貸・家賃相場の検索も可能。学割適用の物件・ペット可など多数掲載
unacceptable	がん保険県民共済/埼玉
unacceptable	事業の資金繰りにビジネスローン
acceptable	飾り棚エスモ物置
acceptable	おそうじ本舗」「おそうじ本舗のフランチャイズ」「ハウスクリーニングで独立・開業・起業|おそうじ本舗のフランチャイズはサポート・研修体制が充実。ハウスクリーニング業界未経験でも安心・安定して独立・開業・起業!
unacceptable	賃貸マンション八幡東区賃貸
unacceptable	20代~50代以上の人が気になった保険をチェック!相談や国保と社保の違いはチャットで相談。
acceptable	働きたい時に働けて、すぐにお金がもらえるスキマバイトサービス／Timee(タイミー兵庫)
unacceptable	賃貸みよし市情報
acceptable	オンライン保険相談の保険市場
acceptable	地域密着」創業20年以上の実績
unacceptable	雨樋蛇口の取り付け方・修理
unacceptable	一時金保険／公式
unacceptable	保険市場が保険相談キャンペーン実施中。オンラインでも来店でももれなくプレゼント。
acceptable	《公式》CHINTAI／毎日新着更新
unacceptable	【至急】事業融資ローン
acceptable	全国の水道工事業者が登録。最大5社から届く見積もりを比較して、オトクに依頼しよう。
acceptable	【守山】賃貸・アパートを検索
acceptable	松江の賃貸物件情報を今すぐCHECK!ライフスタイルを豊かにする情報や最新の賃貸物件を多数ご用意
unacceptable	2022年最新／死亡
acceptable	【FINE SAVE】解約払戻金のない掛け捨て型の死亡保険ならオリックス生命のファインセーブ。
unacceptable	住友不動産青山ビルヂング
unacceptable	【公式サイト】倶知安賃貸
acceptable	ライズ／オリックス生命
unacceptable	シニア保険保険通院~5位
unacceptable	≪一番ネズミ退治に効くもの≫税理士とのマッチング豊富なので安心。税理士を探すならミツモア!
unacceptable	楽天カードetcカード年会費紹介
unacceptable	2022年コーピーカードランキング
unacceptable	翻訳WEBサイト英語の施工
unacceptable	人気駅から徒歩10分賃貸大曲あり。ライフスタイルを豊かにする情報や最新の賃貸物件を多数ご用意
unacceptable	【ゼクシィ】カウンター渋谷
unacceptable	豊富な実績を持つ住友不動産販売が不動産の購入・売却をサポート!まずはお問い合わせを
unacceptable	オリックス生命の公式ホームページはこちら・オリックス生命／1分で保険料シミュレーション！
unacceptable	【機能性表示食品】加齢などの睡眠の質低下。気になる悪玉コレステロール下げるにはおすすめ！
acceptable	介護保障個人年金保険とは5～5位
acceptable	【亀山】賃貸・アパートを検索
acceptable	プレーヤーを法人価格で購入。椅子・机などのオフィス用品やPC周辺機器など販売
unacceptable	お近くの蛇口浄水器
unacceptable	（オリックス生命）持病のある方や、85歳までのご死亡保険終身おすすめの方に特におすすめです
unacceptable	失敗しないエアコン業者探しはミツモアで!実績・人探し熊本から高評価のプロを選べるから安心。
acceptable	派遣の仕事探し【リクナビ派遣】
acceptable	ハウスクリーニングで独立するなら
unacceptable	アイフルビジネスファイナンスの事業者向けローンはこちら/年会費・保証料無料でお借入れ
unacceptable	【2022年】女性保険ランキング！女性保険の加入メリットとは？保険の悩みはオンラインで無料相談
acceptable	結婚式の会場の決め方で迷ったら
unacceptable	タイミー福山市にすぐ働けてすぐお金がもらえる！メンドウな面接や履歴書も一切必要ありません！
unacceptable	敷金礼金ゼロのアパート宇部市あり／家賃相場・学校名で検索：ライフスタイルに合ったお部屋探し
unacceptable	エトヴォス／公式
acceptable	シニア コールセンターの求人
unacceptable	カーリースと違って任意保険込みの定額料金/3年・5年・7年の契約期間でカーライフが楽しめる!
unacceptable	「週日雇いバイトアプリバイト」
unacceptable	新潟市西区賃貸物件物件
unacceptable	原則資金ショート融資不要
acceptable	セットメニューなら全機種対応
acceptable	個人年金保険はライフイベントごとに見直そう。保障内容・保障全労済年金で死亡保険を比較できる
unacceptable	公式/住友不動産日本橋
acceptable	【安曇野】賃貸・アパートを検索
acceptable	働きたい時に働けて、すぐにお金がもらえるスキマバイトサービス／Timee(タイミーバイト)
unacceptable	楽天etcカード発行楽天／公式
acceptable	約100種の条件からあなたにマッチした高知市の賃貸物件を選べる・賃貸情報サイト CHINTAI。
unacceptable	【公式】の西条賃貸
acceptable	オリックス生命の資料請求は最短即日発送。ネットで申込める保険を検討中の方に特に総合医療保険
acceptable	脱サラ」や「起業」もfc本部がサポート!
unacceptable	都心にある2棟を超えるオフィスBCPオフィスや賃事務所を条件に合わせて検索できる公式サイト
acceptable	快適なオフィス環境をご提案。オフィスビル事業を通じて都市と社会に貢献する【住友不動産】
unacceptable	持病があっても入れる死亡保険【1位〜3位】・生命保険ネット申込みランキング・自身の万が一の時に備える保険
acceptable	パソコンデスク、ラックの通販。タワー型・マウント型ラックも豊富にご用意！
unacceptable	20代~50代以上の人があった相談保険掛け捨て平均金額を簡単比較!気になることはチャットで相談。
acceptable	≪明朗会計≫事前に料金分かる
acceptable	受付・販売・事務の求人
unacceptable	【丸亀市アパート】公式サイト
unacceptable	【公式】セゾンカード
unacceptable	ライズ公式ホームページ
unacceptable	【公式】Timee単発バイト募集
acceptable	【ダイハツ】の中古車情報多数
acceptable	【2022】ビジネスローン
unacceptable	【ファインセーブ シュミレーション】病気や事故、災害でも同額の死亡保障が受取れます。
unacceptable	生命保険種類0~5位
unacceptable	オリックス生命のがん保険カスタマーセンター・オリックス生命はネットでカンタンお申込み
acceptable	介護求人羽曳野熊本市
acceptable	キャラクターの衣装も
acceptable	愛知県の介護求人がザクザクみつかる!全国対応の介護職専門の転職支援サイト【介護ワーカー】。
acceptable	【桑名】賃貸・アパートを検索
acceptable	【知多】介護求人情報
acceptable	おそうじ本舗」「おそうじ本舗 fc」紹介ページです。おそうじ本舗は全国で展開中!
acceptable	スマホ完結オリックスマネー融資
acceptable	掃除のプロが店舗をまるごと掃除。ハウスクリーニングのプロが専用機材・洗剤を使用し、スピーディーかつ丁寧に汚れを落とします。
unacceptable	神戸市北区の介護求人がザクザクみつかる!また転職サポートを使えばスムーズに転職ができます。
unacceptable	介護職の求人・転職なら介護ワーカー。また働いている方の声や職場の雰囲気もお伝え可能
acceptable	おそうじ本舗」「おそうじ本舗のフランチャイズ」「おそうじ本舗のフランチャイズ2つ」の3プランをご用意しております。「おそうじ本舗」「おそうじ本舗のフランチャイズ」はサポート・研修体制が充実。ハウスクリーニング業界未経験でも安心・安定して独立・開業・起業!
acceptable	山形の賃貸物件情報サイト・賃貸マンション・アパート・一戸建ての物件掲載数が豊富。
unacceptable	がん保険安いところ～5位を発表
acceptable	短期バイトなら【広島】
acceptable	バッグモバイルモニター
unacceptable	【公式】住友不動産田町
unacceptable	初回東京タラレバ娘漫画
unacceptable	融資フリーランス決算書5期分と本人確認書類5点で最短即日融資！カードローンは繰り返し利用可能
unacceptable	入院・通院・小規模企業共済ある方、健康に不安がある方も入りやすい「限定告知型医療終身保険」
unacceptable	【5人に1人】2025年には65歳以上の高齢者で認知症を共済積立年金、新型コロナ対応の医療保険。
unacceptable	rakuten カードはこちら
acceptable	カーペット・絨毯クリーニング
acceptable	窓の清掃ならおそうじ本舗
acceptable	約100種の条件からあなたにマッチした長崎市の賃貸アパートを選べる・賃貸情報サイト CHINTAI。
unacceptable	【旧】個人事業主初期費用
unacceptable	112歳女性の場合の保険料／お手頃な保険料の医療保険。保険料は一生涯あがりませ医療保険見直し
unacceptable	【楽天カード】楽天カード学生枠
acceptable	中古車情報リーフ中古
acceptable	郡山市/写真館の予約
unacceptable	返礼率コープ共済こーぷはどれ
acceptable	パソコンラック、ワークデスク、会議テーブルなど、デスク机ラックならではのお得なサービス！
acceptable	沖縄のリゾートバイト/8月スタートニセコバイト即日開始可能な案件あり
unacceptable	都内でオフィスを300坪以上購入。東京の様々なエリアに多様なスペックのビルを展開。
acceptable	おそうじ本舗」のfcオーナー募集中
unacceptable	ネズミ退治に効くもの、税務・節税相談、給与計算など対応可能。人生を決める一枚をミツモアで。
unacceptable	保険比較・相談の【保険市場】
acceptable	【入会金・年会費無料】24時間・365日ご利用可能なオリックスカードローンのWEB完結ローン！
unacceptable	約100種の条件からあなたにマッチした福岡市の賃貸マンションを選べる・快適な生活を送りたい！
unacceptable	【公式】住友不動産オフィス
acceptable	サッシクリーニング」とは、ガラスに付いた手アカやヤニ、砂ボコリまで徹底的にキレイにすることで、ハウスクリーニングでは取りきれない汚れを洗浄するサービスです。おそうじ本舗では、技術認定スタッフがこれまで洗浄が難しく対応できなかった「サッシクリーニング」を、プロならではの技術で洗浄します。汚れやカビ、ニオイを取り除いて、キレイで快適な生活を送りませんか?
unacceptable	東京の渋谷ホームズ売買するならカウカモ！プロがマンション売却をエスコート
acceptable	約100種の条件からあなたにマッチした鳥取市の賃貸アパートを選べる・【更新頻度最短5分】
unacceptable	壬生の賃貸物件情報を今すぐCHECK!毎日豊富な新着物件を様々な条件で探せる。
acceptable	おそうじ 本舗の店舗一覧
unacceptable	人気・安い・おすすめのがん抗がん剤費用気になった保険をチェック!相談や見直しなら保険市場へ
unacceptable	垂水区の介護求人がザクザクみつかる!全国対応の介護職専門の転職支援サイト【介護ワーカー】。
unacceptable	入院保険おすすめ：公式
unacceptable	まとめ保険都民共済
unacceptable	【新宿住友ビル三角事務所空室】
unacceptable	頭金ゼロ円、月々定額車定額
acceptable	初めての家族写真はきっとお子さまに想いが伝わる大切な一枚。公式hpへアクセス!
unacceptable	姫路の介護求人がザクザクみつかる!グループホーム等様々な施設形態、勤務形態で求人検索可能
acceptable	お近くの介護施設を検索!給与・休暇に妥協をしない転職なら
acceptable	壁紙クロスの貼り替えも
unacceptable	セゾンプラチナビジネス年会費
acceptable	おそうじ本舗」とは安全、安心、信頼のブランドralphinus(アルペン)の正規販売店です。
acceptable	【周南】賃貸・アパートを検索
unacceptable	貯蓄収入保障定期保険どちら~5位
unacceptable	お生活支援員求人
acceptable	学校やオフィスなどの専用商品も取り扱い中。まとめ買い見積も受付中!
acceptable	【公式】タイミー広島
acceptable	賃貸・アパートを検索/飯塚
unacceptable	悪玉コレステロールを下げる食品を一覧で徹底比較!中高年の悪玉コレステロール対策におすすめ。
unacceptable	収入保障定期保険どちら1位~5位
acceptable	持病や入院・手術の経験がある方も加入しやすい医療保険おすすめ30代の安心をしっかりサポート
acceptable	富山の賃貸アパート&マンション
unacceptable	"持病20代医療保険加入率""朗報"""
unacceptable	行橋駅の新築戸建て情報はこちらから・毎日豊富な新着物件を様々な条件で探せる。
unacceptable	生協の学資保険は、どこがいい?
unacceptable	看護介護ワーカー紹介
acceptable	死亡保険は死亡保障で選ぶべき・国内最大級の保険比較サイト・年齢と性別を入力して保険料比較も
acceptable	ロッキーの中古車探し・ネットで探すならカーセンサー。
acceptable	頑固な汚れ、引っ越し時のハウスクリーニングは、お掃除のプロにおまかせ!詳細はこちらから!
acceptable	壁紙掃除業者／壁紙染色サービス
acceptable	TOPARDS【トパーズ】
acceptable	坪数や間取りから事例を探せる
unacceptable	最新の加東介護求人を今すぐチェック：登録から入職まで完全無料。今年こそ転職したいあなたへ
acceptable	毎日つけるものだからちゃんとこだわりたい。もっときれいに見せたい。もっと優しくされたい。もっと優しくされたい。もっと優しくされたい。そんな願いをかなえるのは、あなた自身です。／エトヴォス公式
acceptable	結婚写真だけ/費用見積もり
acceptable	【浅口市】賃貸アパート情報
acceptable	【豊橋】賃貸・アパートを検索
acceptable	丁寧に洗浄後にワックス仕上げ
acceptable	終身保険人気ランキングNo.1
acceptable	オリックスクレジットのカードローンは即日融資も可能・オリックス・クレジットのマネーサービス
acceptable	西尾市/賃貸アパート情報サイト
acceptable	全国の排水管洗浄の専門業者が登録。条件に合った排水管洗浄の見積もりが届く!
acceptable	【公式】Timee単発バイト
unacceptable	旭川・網走の賃貸物件あり。おすすめ賃貸甲斐の物件掲載数が豊富。賃貸情報サイトならCHINTAI
unacceptable	えっ今から入れる 共済?
unacceptable	開業資金・自己資金なし
acceptable	約100種の条件からあなたにマッチした山形市の賃貸アパートを選べる・賃貸情報サイトならCHINTAI
acceptable	≪全国対応≫お近くのカメラマン多数
acceptable	全国対応の介護ケアマネ受験資格情報が満載。転職のプロが無料でサポート。詳細条件で検索可能
unacceptable	オリックス生命の資料請求は最短即日発送。ネットで申込める保険を検討中の方に特に総合医療保険
acceptable	ゼクシィ／ブライダルフェア
acceptable	浴室掃除の業者をお探しなら
acceptable	飛騨高山の賃貸物件情報サイト・一人暮らしやペット可などのテーマから選べる理想のお部屋探し。
acceptable	≪カンタン2分≫質問事項に答えるだけで依頼完了
acceptable	ラパンの中古車探し
acceptable	ご利用内容をメールでお知らせ
unacceptable	湯沢市の賃貸物件情報サイト・賃貸マンション・アパート・一戸建ての物件掲載数が豊富。
unacceptable	保険市場/葬儀保険 おすすめ
unacceptable	法人の方は決算書1期分個人事業主救済制度融資はこちら。旧ビジネクストはWEBでラクラク申込み。
acceptable	東京會舘の結婚式場情報。結婚準備のことならゼクシィへお任せ！
unacceptable	楽天クレジットカード/ETC
acceptable	オフィスビルの空室情報
acceptable	風呂掃除業者ならおそうじ本舗
unacceptable	楽天カードの審査はこちら【原則、在籍確認なしの楽天カード】券面デザインが選べる
unacceptable	オリックス生ゴルフクラブ予約専門ページ。病気・ケガによる入院を一生涯保障する保険も
acceptable	iPhone、スマホケース／スタンド／充電器など、スマホのサーバーラック業務用を多数取り揃え
acceptable	漏水調査の費用はこちらから
acceptable	脱サラ」も 「ハウスクリーニング」も使っている言葉だから簡単そうだと思うのですが、実はそうではありません。正しい使い方をしないと、余計な出費や労力をかかってしまいます。 脱サラして独立・開業・起業|ハウスクリーニングのおそうじ本舗おそうじ本舗のフランチャイズはサポート・研修体制が充実。ハウスクリーニング業界未経験でも安心・安定して独立・開業・起業!
acceptable	【公式】Timee／CM放映中！すきな時間、すきな場所、須賀川単発バイト。最短1時間で働ける！
acceptable	大分中津の賃貸物件情報サイト・一人暮らしやペット可などのテーマから選べる理想のお部屋探し。
acceptable	ワイヤレス／活動量計
unacceptable	公式/新キュアサポートプラス
acceptable	【おすすめのセール対象作品が充実】話題の漫画を無料で試し読み！冒険少年漫画BL・TL漫画が充実
acceptable	オリックス生命は告知内容を限定した保険も取扱い。持病のある方、入院歴のある方にもおすすめ
acceptable	丸亀市の賃貸物件情報サイト・賃貸マンション・アパート・一戸建ての物件掲載数が豊富。
unacceptable	葬祭仏具の費用を一括見積り
acceptable	【松本市】賃貸・アパートを検索
unacceptable	≪簡単2分≫質問事項に答えるだけで依頼完了!テレビのプロに排水管清掃業者札幌できるので安心。
acceptable	ビジネスローンの申込みはこちら
acceptable	教育ローンの審査が不安な方へ
unacceptable	製薬会社の本気の結晶
unacceptable	高圧ネズミ退治に効くもの
unacceptable	オススメキッチンつまり直し方
acceptable	おそうじ本舗」とは業界店舗数no.1の全国展開中の企業です。脱サラ・独立・開業なら「おそうじ本舗」!全国加盟店の平均月商約110万円!
unacceptable	楽天スーパーETCカードはポイントざくざく貯まる、お得なクレジットカード!ネットで簡単申し込み
acceptable	独立・開業するなら【おそうじ本舗】
acceptable	ハリアーの中古車探し
acceptable	ネットで申込み
unacceptable	オリックスのファインセーブ シュミレーション・今日も未来も、変わらぬ安心。
unacceptable	シニア保険通院~5位
unacceptable	排水管掃除方法物の乾燥機能が大活躍。便利なったら修理・交換・修理のプロに任せればラクラク!
acceptable	掃除のプロ」がオーナー代行
unacceptable	【公式】排水管清掃業者札幌
acceptable	結婚式場をネットで簡単予約
unacceptable	【公式】住友不動産浜松町
acceptable	掃除」に関するit製品・セミナー情報を表示しています。おそうじ本舗では、業界店舗数no.1の実績を誇る掃除のプロ集団が、出張・訪問・おそうじ本舗・おそうじ本舗の全国店舗で、あなたの悩みを解決いたします。
unacceptable	公式ブライトエイジ定期新提案
acceptable	選べる保険は三つある/あなたに合う一生涯保障の死亡保険
acceptable	人材派遣会社社員転職など
acceptable	キッチン掃除の料金はこちらから
unacceptable	【公式】アイフルの契約はコチラ
acceptable	マタニティフォト撮影ならスタジオアリスにお任せください。今、この瞬間をスタジオアリスで
unacceptable	ウェディング相談埼玉カウンター
unacceptable	20代〜50代以上に人気の生命保険1位〜5位をランキング別に徹底比較!比較なら保険市場。
acceptable	鹿児島県出水市の賃貸物件情報サイト・賃貸マンション・アパート・一戸建ての物件掲載数が豊富。
acceptable	【三田市】介護求人情報
unacceptable	水漏れやつまり、蛇口交換や人探し熊本・遠足・卒業式など学校行事撮影のカメラマンを見つけよう
acceptable	姫路市の介護求人がザクザクみつかる!全国対応の介護職専門の転職支援サイト【介護ワーカー】。
acceptable	オリックスのキャッシング
unacceptable	全国の排水管洗浄業者が登録。希望条件に合った排水管洗浄の見積もりが届く!
unacceptable	賃貸アパート/高知市
unacceptable	生命保険のおすすめは30代から
acceptable	新作アイテム続々入荷中
unacceptable	ネットで申し込むなら定期死亡保険「かぞくへの保険」まずは無料で資料請求！
unacceptable	【公式】オフィス災害対策
unacceptable	メディケア生命男性
acceptable	パソコンデスク、ラックの通販。法人様の特価対応・請求書払い・掛売りも対応しております！
unacceptable	介護ワーカー公式サイト：非公開の好条件求人も／プロと介護ワーカー大阪の転職をお手伝いします
acceptable	約100種の条件からあなたにマッチした松山市の賃貸アパートを選べる・賃貸情報サイトならCHINTAI
unacceptable	【公式】lifenet
unacceptable	滋賀県賃貸マンションの無料
acceptable	札幌の不動産賃貸情報サイト
unacceptable	福井市の賃貸物件情報サイト・毎日豊富な新着物件を様々な条件で探せる。
acceptable	今ドキ最新演出をチェック!幸せウエディングを叶える情報満載/結婚式準備はゼクシィ
unacceptable	東京住友不動産事務所
unacceptable	60歳生命保険料保険をどれ?
acceptable	近くのデイサービスの求人情報がどこよりも詳しくわかる!あなたの理想の職場がきっと見つかる!
acceptable	人気のヒーター・暖房器具を厳選紹介!椅子・机などのオフィス用品やPC周辺機器など販売
unacceptable	【賃貸下松市】公式サイト
unacceptable	派遣の求人を探すなら/事務
unacceptable	【生命保険】おすすめはこちら
acceptable	保険料が安い00091888保険市場
unacceptable	エトヴォスファンデ成分しなら
acceptable	壁紙掃除を業者に依頼
unacceptable	【ゼクシィ】相談カウンター横浜
unacceptable	【神戸市】看護助手の求人・転職なら介護ワーカー。転職サポート登録で非公開求人もご紹介
unacceptable	70歳オリックス保険ライズの方や、持病のある方もぴったりな保険が見つかる。資料請求はこちら
unacceptable	アパート排水管清掃費用・確定
unacceptable	楽天マイナポイント楽天
acceptable	保険料シミュレーションから、今すぐカンタン見積り｡お見積りの内容で資料請求いただけます｡
acceptable	お部屋に関するお問い合わせ無料
acceptable	お宮参り写真撮影のご依頼を多数いただいております。万全の対策で安心安全の撮影を。
acceptable	お風呂・トイレの水漏れまで
unacceptable	アイフル事業資金借りる
unacceptable	おすすめの葬式保険は?20代～50代以上に人気のある葬儀保険をランキング別に徹底比較！
acceptable	保険シミュレーション人気top5
unacceptable	介護施設のカイゴワーカー求人をお探しします。また働いている方の声や職場の雰囲気もお伝え可能
unacceptable	化粧水・乳液状美容液で簡単4STEPケア。ブライトエイジ評判、小ジワ、尽きない女性の悩みへ
unacceptable	フリーランスお金借りる
acceptable	オリックス生命死亡保険200万円や入院・手術の経験がある方も加入しやすい一生涯保障の終身保険
unacceptable	Keyおじさまと猫漫画
unacceptable	保険市場デメリット
acceptable	オシャレなララポート・カバー探すなら＆ｍall。お部屋に置きたくなる可愛い家具を多数ご用意！
unacceptable	賃貸マンション千葉物件あり
unacceptable	壬生駅の新築戸建て情報はこちらから・毎日豊富な新着物件を様々な条件で探せる
acceptable	一人暮らし物件を探すなら
unacceptable	【保険市場】おすすめの死亡保険を比較。保険をランキング。年齢と性別を入力して保険料比較も。
unacceptable	老後に備える個人年金保険とは
unacceptable	生命保険/既往歴が確認できる
acceptable	シニア保険はどこが一番お得?
unacceptable	ブライトエイジ評判
unacceptable	保険市場無料以上
acceptable	リングライトを法人価格で購入。椅子・机などのオフィス用品やPC周辺機器など販売
acceptable	掃除のプロが独立・開業!未経験でも安心の独立・開業|ハウスクリーニングのおそうじ本舗おそうじ本舗のフランチャイズはサポート・研修体制が充実。ハウスクリーニング業界未経験でも安心・安定して独立・開業・起業!
unacceptable	単発・未経験OKなどの条件で探せるバイト情報掲載。4月30日までに、初めて仕事をする方全員対象
unacceptable	ウェディング相談は横浜で
unacceptable	ガス開通手続きはお早めに
unacceptable	函館ケアマネジャー求人転職
acceptable	脱サラ」がテーマのcmでお馴染みのおそうじ本舗。店舗数業界1位/全国1,701店舗
unacceptable	溜まっはいすいこうのつまり安く
unacceptable	アパート情報宮崎神宮アパート
acceptable	排水管高圧洗浄/料金はこちら
acceptable	保険市場/葬儀保険 おすすめ
acceptable	【死亡保険】おすすめの積立定期預金おすすめ病気やがんに手厚い保障の保険をランキングでご紹介
acceptable	掃除のプロ」が全国47都道府県を掃除のプロが徹底的に汚れを除去。まずは無料で訪問・お見積りいたします
unacceptable	技術料を【通算2,000万円】まで保障
unacceptable	挙式のみのブライダルフェアも
unacceptable	カーリースとレンタカーを比較
acceptable	【公式】Timee須賀川単発バイト
unacceptable	床修理費用の施工業者
acceptable	【保険市場】死亡保険を比較可能
acceptable	脱サラ」「独立・開業」「フランチャイズ」「開業・起業」など、ご希望に合わせてお選びいただけます。
acceptable	最大5名のプロから提案
unacceptable	楽天カードは2枚目楽天プレミアムカード審査落ちお買い物や公共料金のお支払いにもご利用できる
acceptable	清掃・警備のお仕事探しなら
acceptable	パサートヴァリアント中古車提供
acceptable	中津市の賃貸マンション・アパート・一戸建ての物件掲載数が豊富。【更新頻度最短5分】
acceptable	熊本県の賃貸物件情報サイト・賃貸マンション・アパート・一戸建ての物件掲載数が豊富。
acceptable	しつこいカビ、水アカ、皮脂汚れ、浴槽・壁・床・天井・窓などお風呂場一式をプロがピカピカに！
acceptable	【2022年】医療保険ランキング
unacceptable	【公式】鈴鹿賃貸アパート
unacceptable	【名寄アパート】
unacceptable	全国の草刈り・芝刈りのプロが登録。条件に合った草刈り・芝刈り・除草業者が見つかる!
unacceptable	八十歳でも入れる保険は?
acceptable	おそうじ本舗/やめました フランチャイズで独立・開業・起業|ハウスクリーニングのおそうじ本舗おそうじ本舗のフランチャイズはサポート・研修体制が充実。ハウスクリーニング業界未経験でも安心・安定して独立・開業・起業!
unacceptable	【終身ライズ命】保険商品一覧
unacceptable	【医療保険】ネットで簡単申込み
acceptable	ビジネスローン【法人向け】
unacceptable	人気の生命保険をランキング化
acceptable	人気の学資保険1位～5位を発表
unacceptable	1楽天カード申し込み大学生が1倍
unacceptable	積立貯金ランキング5位～5位
acceptable	戸建ての外壁の汚れを徹底洗浄
unacceptable	賃貸アパート 松江市
acceptable	日本全国で幅広く募集中/短期もokな高時給十勝アルバイト情報満喫
unacceptable	楽天カードの学生限定カード！年会費無料／携帯料金のetcカードクレジットなし楽天簡単申し込み
acceptable	掃除のプロ」ブランドで店舗数業界1位/全国1,701店舗
acceptable	一般事務・在宅ワーク派遣求人も
acceptable	ハウスクリーニングの開業」では、ハウスクリーニング業界未経験でも安心・安定して独立・開業・起業!
acceptable	平均月商約111万円
acceptable	掃除のプロが店舗主代行も
unacceptable	／メディケア生命保険
unacceptable	TOP5位～5位を発表
unacceptable	厳選3社を比べておトクに
unacceptable	アイフル個人事業
unacceptable	都心にある2棟を超える事務所BCPオフィスや賃事務所を条件に合わせて検索できる公式サイト
unacceptable	ライズの生命保険/どんな保険に入ればいいか分からない方必見・【万一の場合も安心】
unacceptable	熊本市南区アパート物件あり
acceptable	老後資金を無理なく積み立てたい方へ。保険料シミュレーションで月払保険料がいくらか分かる
unacceptable	死亡保険生命保険会社評価
acceptable	秋田市介護福祉介護求人羽曳野
unacceptable	一人暮らしやペット可などの郡山市マンション掲載数が豊富。賃貸情報サイトならCHINTAI
unacceptable	住友不動産麹町店
acceptable	ネット型保険相談と店舗型の保険を比較
acceptable	綺麗な仕事」
acceptable	最新の活動量計年間ランキング・椅子・机などのオフィス用品やPC周辺機器など販売
acceptable	公式認定店
acceptable	札幌市中央区/写真館
acceptable	【入会金・年会費無料】24時間・365日ご利用可能なVIPローンカードのWEB完結ローン！
acceptable	オリックス生命/WEBで見積もり
acceptable	鹿児島市の賃貸物件情報サイト・一人暮らしやペット可などのテーマから選べる理想のお部屋探し。
acceptable	ハウスクリーニングのフランチャイズで独立・開業・起業｜ハウスクリーニングのおそうじ本舗おそうじ本舗のフランチャイズはサポート・研修体制が充実。ハウスクリーニング業界未経験でも安心・安定して独立・開業・起業！
unacceptable	楽天プレミアムカードなら13000ポイントがお得にもらえます・100円につき1ポイント貯まる!
unacceptable	住友不動産八重洲ビルヂング
unacceptable	【公式】エトヴォス神戸
acceptable	オプション(特約)を組み合わせて自分なりの安心を。保障は一生涯！保険料はずっとあがりません。
acceptable	山形の単発バイト情報掲載。利用歴に応じて付与されるEXPでグレード特典を手に入れよう！
acceptable	水栓取付のみの依頼もOK
unacceptable	シロアリの駆除の1枚
acceptable	地域密着」を売りにしているおそうじ本舗。店舗数業界1位/全国1,701店舗
unacceptable	不動産売却ならカウカモ！あなたの店舗売買のライターが取材／その魅力をアピールします
unacceptable	初期費用の問い合わせもカンタン・ライフスタイルを豊かにする賃貸物件金沢市サイトならCHINTAI
unacceptable	お得に使える楽天のショッカード
acceptable	アプリ作成ならヤプリ【公式】
acceptable	エアコンをキレイに!【公式】おそうじ本舗
acceptable	アイフルビジネスファイナンスの事業者向けローンはこちら/年会費・保証料無料でお借入れ
unacceptable	とにかくお得にポイント貯めるなら楽天カード。街でのご利用から公共料金の楽天マイナポイント
unacceptable	全国の水道屋床ワックスが登録。最大0名から各種写真撮影の見積もりが届く。相談できるので安心!
acceptable	疾病保険（医療）保険
acceptable	約100種の条件からあなたにマッチした盛岡の賃貸アパートを選べる・賃貸情報サイト CHINTAI。
acceptable	おそうじ本舗」「おそうじ本舗」のブランドで展開中!全国約1,701店舗/業界店舗数no.1 まずはお気軽にご相談ください!
acceptable	おそうじ本舗」は全国で展開中!ご家庭・店舗/オフィスのあらゆる箇所を掃除のプロが徹底的に汚れを除去。まずは無料で訪問・お見積りいたします。
unacceptable	楽天カードは2枚目も作成可能。普段のお買い物や公共料金のお支払いにもご利用できる
acceptable	当日・翌日午前中に完了するハウスクリーニング
unacceptable	シロアリ駆除一軒家値段のクリーニングならおまかせ。ミツモアのプロは顔が見えるプロだから安心
acceptable	SPOOX/同時視聴
unacceptable	窓に合う採寸や防音・遮音効果も考慮したいフローリング業者必見。気軽にチャットでプロに相談。
unacceptable	ナイトミンサプリ…
unacceptable	【累計1万口座以上の契約実績】法人向けビジネスインディード個人事業主掲載は繰り返し利用可能
acceptable	パソコンデスク、ラックの通販。学校やオフィスなどの専用商品も取り扱い中。
unacceptable	新規申し込み、他社からのりかえ、鳥取ガス問い合わせのことなら「enetopiaでんき」
acceptable	タフトの中古車探し
unacceptable	≪見積もり無料≫水漏れ・漏水でお困りなら!最大5名のプロから比較検討できる
acceptable	スキマバイトアプリNo.1
acceptable	介護職の求人/大阪の求人情報
acceptable	フリーランスエンジニア案件多数
acceptable	呼び出しベルの専用ホームページ
unacceptable	中古車残クレ中古車
acceptable	エアコンクリーニングのプロ厳選
acceptable	【ゼクシィ】結婚相談カウンター
acceptable	死亡保険をご検討中の方へ
unacceptable	がんの入院・通院を一生涯保障する医療保険です。保険料シミュレーションで保険料をチェック
acceptable	研修制度が充実。ハウスクリーニング業界未経験でも安心・安定して独立・開業・起業！
acceptable	DXを自社アプリで丸ごと解決
acceptable	保管・貯蔵に最適!物置が特別価格。物置23,900円から/リクシル物置通販
unacceptable	気にスバルエクシーガ中古車へ
acceptable	【求人件数50,000件以上】リクナビ派遣なら週3日可能な事務職が見つかる
unacceptable	式場選びは式場ウェディング
acceptable	デイサービスの求人、転職なら介護ワーカー。給与・休暇に妥協をしない転職なら
unacceptable	キッチンでの蛇口交換にも対応
unacceptable	学生向け山梨賃貸
acceptable	ガス代を安くしたいならプロパンガスの見直しを。あなたにピッタリの料金プランをすぐに診断。
acceptable	【家事代行】転職・求人情報
unacceptable	83歳でも入れる医療保険内容
acceptable	jurbanキャンペーン
acceptable	スイッチONで今日のおすすめ学習内容を自動で選定。万が一の故障・破損でも安心の保証をご用意
acceptable	【邑南町】賃貸・アパートを検索
unacceptable	年金保険型～5位を発表
unacceptable	【公式】ゼクシィカウンター広島
unacceptable	小林製薬の快眠ナイトミン評判が浅くなった。小林製薬が年齢とともに低下する睡眠の質をサポート
acceptable	店舗なしok/低資金から開業可能」や「最短14日間/集中研修できる」など、フランチャイズの多様な特長をチェック。
unacceptable	がん保険の人気1位~3位を発表
acceptable	面倒な壁紙の貼り替えやクロスの貼り替えなどはプロにお任せ! 浴室クリーニングなら安心と信頼のおそうじ本舗にお任せください!
acceptable	医療保険保険市場オンライン
acceptable	マカロン新作続々入荷中
unacceptable	お仕事サービス管理責任者
unacceptable	ネズミの忌避剤/消臭剤
unacceptable	立合いシロアリ駆除一軒家値段
unacceptable	【CURE Next】キュア・ネクスト
acceptable	壁のハウスクリーニングなら
acceptable	マウス・キーボードを法人価格で購入。椅子・机などのオフィス用品やPC周辺機器など販売
acceptable	パンフレット進呈！オフィス空室に巨大イベント空間誕生。スポーツなど多彩なイベントに対応。
unacceptable	個人事業借入／公式
unacceptable	365日24時間、お住まい・通勤・通学先で簡単に除草・芝刈り。いたみなどの心配もありません!
acceptable	オフィスの移転をお考えの方。東京の様々なエリアに多様なスペックのビルを展開。
unacceptable	「週短期バイト広島バイト」
acceptable	1/5まで【1,100円引き】プロの仕上がりをご家庭でも。”お掃除グッズ”プレゼント中!
acceptable	七五三のお返し写真付で贈る
acceptable	女性漫画充実／DMMブックス
unacceptable	【2022年】即日大型家電配送
acceptable	エアコンの洗浄＆水まわりのクリーニングはセットプランがオススメ
unacceptable	宇和島市の賃貸マンション情報!ライフスタイルを豊かにする情報や最新の賃貸物件を多数ご用意
unacceptable	掛け金0円で安い死亡保険はどれ
unacceptable	名古屋の一人暮らし物件掲載数が豊富。賃貸情報サイトならCHINTAI
unacceptable	鳥取市賃貸賃貸物件
unacceptable	楽天カードの入会&キャンペーン
acceptable	アイフルは個人事業主でも事業資金の調達が可能。返済シミュレーションで計画的な資金繰り
acceptable	急ぎの換気扇クリーニングは
unacceptable	法人・個人事業主向けローン
acceptable	掃除のプロが入居者宅を訪問。普段の掃除では手の届かない所に重点を置いて丁寧にクリーニングします。
unacceptable	悪玉コレステロールに要注意
unacceptable	はじめてのご融資はこちら。旧アイフルビジネスローン口コミ相談も可能です。年会費・保証料無料
acceptable	リクナビ派遣／和歌山の派遣求人
unacceptable	予算内で制作できることが魅力
acceptable	オリックス生命の生命保険は告知内容を限定した保険も取扱い。持病のある方、入院歴のある方に
unacceptable	貯蓄ライズのある質問
acceptable	最大5社を比較できるのでおトク!料金・口コミを見て信頼できる業者を選べる。
acceptable	札幌市の賃貸マンションなら
unacceptable	【公式】バイトアプリおすすめ
acceptable	愛知県の介護求人がザクザクみつかる!グループホーム等様々な施設形態、勤務形態で求人検索可能
unacceptable	ケアマネジャー初任者研修
acceptable	掃除の会社」を意味するcyberace(シベール)。企業風土の改革による顧客満足度の向上と、店舗の効率的な運営のためのサポートをいたします。
unacceptable	葬儀のための保険を探すなら保険市場。お葬式費用で身内に迷惑は安い生命保険の比較は保険市場で
acceptable	はじめてのお宮参り撮影を一生の思い出に。衣装も充実！初めてでも安心お任せ！
unacceptable	大洲市の賃貸アパート情報を今すぐチェック!毎日豊富な新着物件を様々な条件で探せる。
acceptable	住友不動産飯田橋ファーストビル
unacceptable	≪出張写真撮影ok≫最大0名のプロに駆除・予防ネズミ退治の見積もりが届く。相談できるので安心!
unacceptable	いつも通り楽天カードを楽天カードお得に作る楽天Edyカードなら普段のお買い物が便利でお得に！
unacceptable	楽天クレジットカードはポイントざくざく貯まる、お得なクレジットカード!券面デザインが選べる
acceptable	【オリックス生命】終身医療保険
acceptable	保険市場が選ぶ死亡保険1位~3位
unacceptable	楽天クレジットカードの作り方/新規入会&ご利用で8,000ポイントプレゼント・【2枚目作成も可能】
acceptable	介護福祉士になるには
acceptable	【ゼクシー】ゼクシィなら、結婚式場決め手のポイントや利用した感想、式場写真など情報が満載。
unacceptable	最新求人がメールで届く非公開ケアマネ受験資格あり。長年培った経験で安心してご利用できます
acceptable	【ディサービス】の求人情報
acceptable	教育費ってどれぐらいかかる?
unacceptable	高アパート排水管清掃費用
acceptable	老後に必要な資金を今から蓄える個人年金保険をおすすめ。保険比較のことなら保険市場！
acceptable	楽天プレミアムカードに切り替え
unacceptable	お部屋探徳山賃貸マンションはCHINTAI・学校名が見つかる。タイプに合うお部屋探しを応援
acceptable	香川の賃貸物件情報を今すぐCHECK!賃貸マンション・アパート・一戸建ての物件掲載数が豊富。
unacceptable	働きたい時に働けて、すぐにお金がもらえるスキマバイトサービス／Timee(タイミー軽作業)
unacceptable	中古車通販なら直売カーセンサー
acceptable	1時間タイミー兵庫
unacceptable	艶肌ファンデーションをお試し
unacceptable	2022年版郵貯子供保険?
unacceptable	約100種の条件からあなたにマッチした坂井市の賃貸アパートを選べる・賃貸情報サイト CHINTAI。
acceptable	排水管掃除の相場をチェック
acceptable	ポスター制作をプロに丸投げ
acceptable	ビジネスローンの審査はこちら
unacceptable	死亡保険のみおすすめ
acceptable	【東御市】賃貸・アパートを検索
acceptable	【公式】住友不動産環境
unacceptable	約100種の条件からあなたにマッチした深谷市の賃貸アパートを選べる・毎日豊富な新着物件！
unacceptable	新車サブスク新車月額
unacceptable	【公式】介護ワーカー：がヘルパーの求人お持ちの方必見。プロがあなたの転職活動を徹底サポート
unacceptable	人気漫画をスマホでイッキ
unacceptable	【死亡保険】おすすめの死亡保険をランキング。年齢と性別を入力し死亡保険ネット保険料比較も。
unacceptable	自分た家族も認知症保険市場求人が知りたい方必見！保険市場ならお手元のスマホやPCで比較が可能
unacceptable	約100種の条件からあなたにマッチした長崎市の賃貸アパートを選べる・毎日豊富な新着物件！
acceptable	独立・開業」についてのご相談は、0120-15-9192またはおそうじ本舗おそうじ本舗のフランチャイズフォームからお問い合わせください。
acceptable	華やかなアイテム
acceptable	掃除のプロ」を自任。プロならではの技術と道具で、日頃の落としきれない汚れを徹底的に洗浄します。汚れやカビ、ニオイを取り除いて、キレイで快適な生活を送りませんか?
unacceptable	七色生命保険特約付き保険は？
acceptable	日雇いのバイト情報掲載。利用歴に応じて付与されるEXPでグレード特典を手に入れよう！
acceptable	ジムニー中古車をお探しの方へ
unacceptable	ネット申し込みが多い保険とは
acceptable	沖縄のリゾートバイト/8月スタートの十勝アルバイト情報が見つかります
unacceptable	入院+保険のおすすめをご紹介
unacceptable	年齢・性別から選べるおすすめの生命保険をご紹介・生命保険の比較・見積り・相談なら保険市場！
unacceptable	【個人年金保険】さまざまな視点でのランキングを一挙公開。人気のオンライン保険市場を比較可能
acceptable	【御殿場】賃貸・アパートを検索
acceptable	スプークス バリュープラン
acceptable	唐津市の新着アパート情報を毎日更新!賃貸マンション・アパート・一戸建ての物件掲載数が豊富。
acceptable	2週間無料キャンペーン/動画配信
unacceptable	人気のランキンキングや補償内容でも比較できる。お得なキャンペーンも紹介中。
acceptable	≪公式≫ミツモアでプロを探す
unacceptable	人とビジネス、環境にやさしい安心安全住友不動産水道橋やさしい安心安全なオフィスビルづくり
acceptable	おそうじ本舗の「壁紙染色」なら、新品同様にキレイにすることができます!
acceptable	フェアレディZの中古車探し
acceptable	必要なスキルは人生経験だけではない。おそうじ本舗の説明会は、ビジネスマナーから相続・税金対策まで、開業後のサポート体制を徹底的にサポートします。
acceptable	フローリング業者管高圧洗浄
unacceptable	2022年死亡保険63歳死亡保険
unacceptable	2022年最新保険ランキング
acceptable	苫小牧市/一人暮らし女性必見
unacceptable	【公式】Timee単発バイト栃木
unacceptable	最新社会保険個人事業主
unacceptable	生命保険祝い金分かる
acceptable	360度カメラの専用ホームページ
acceptable	学生にお得なクレジットカード
unacceptable	お近くの蛇口の取付
unacceptable	保険市場/保険市場
acceptable	郡山市/賃貸アパート情報サイト
unacceptable	グループホーム求人募集職場
unacceptable	岡山でお部屋探し!ライフスタイルを豊かにする情報や最新の賃貸物件を多数ご用意
acceptable	【神戸市北区】介護求人情報
acceptable	掃除のプロが集客や売上アップの充実サポート!
unacceptable	保険は保険30代男性既婚おすすめイベントごとに見直そう。保障内容・保障期間で保険を比較できる
acceptable	エリア･地図から検索可能
acceptable	漏水の調査・修理はプロにお任せ
acceptable	熊谷市の新着アパート情報を毎日更新!最新の空き状況や詳細情報がスマホで確認できる
acceptable	川崎市の賃貸物件情報サイト・賃貸マンション・アパート・一戸建ての物件掲載数が豊富。
acceptable	ゼクシィ/東海の結婚式場
unacceptable	【公式】法人でお金を借りる
unacceptable	介護職員介護ワーカーデメリット
unacceptable	ネズミ駆除超音波【業界最速級】
unacceptable	アイフルビジネスファイナンスは創業・事業資金の調達・運用までワンプロダクトでご対応
acceptable	介護職の求人情報【神戸】
acceptable	楽天ポイントカード生活をお考えなら、楽天カードで決まり！お得にポイントを貯めて、活用しよう
unacceptable	動画ネズミ撃退法
acceptable	全国の建築カメラマンが登録。最大5名から届く見積もりを比較して、オトクに依頼しよう。
acceptable	スキマ時間のバイト探しなら
unacceptable	最大5社/リフォーム会社から提案
acceptable	鹿児島市の賃貸マンションなら
acceptable	簡単無料見積もりはこちら
acceptable	個人事業主で独立開業
acceptable	ウェディング相談千葉し
unacceptable	乳がんに終身保険おすすめ50代
unacceptable	【9月新着】介護職
acceptable	【愛媛】賃貸・アパートを検索
acceptable	地域密着」ブランドで全国約1,701店舗展開中!
acceptable	楽々台所
acceptable	デイサービスの求人情報/神戸市
acceptable	老後の不安に備える個人年金保険比較
unacceptable	排水管クリーナー洗浄
unacceptable	制作動画を低予算で依頼
acceptable	短期・単発バイト多数/岡山
unacceptable	カーリースより車のサブスク
unacceptable	入っていてよかった生命保険をランキング。人気・安い・おすすめの保険が知りたい方必見！
acceptable	介護資格の取り方・選び方でお困りですか?専任のアドバイザーがあなたの転職をお手伝いします
acceptable	スプークスを無料で試すなら
acceptable	当日のエアコンクリーニング｜おそうじ本舗今日をキレイに。明日を快適に。おそうじ本舗は、ハウスクリーニングのプロ集団です。プロならではの技術と道具で、日頃の落としきれない汚れを徹底的に洗浄します。汚れやカビ、ニオイを取り除いて、キレイで快適な生活を送りませんか？
acceptable	簡単60秒で無料登録!cto・技術顧問・エンジニアの方を募集中!
unacceptable	わかりづらい保険も丁寧にご説明させて頂き掛け捨て保険月いくらのダウンロード等事前準備不要。
unacceptable	【公式】Timee単発バイト
acceptable	介護士枚方市デイサービス求人
acceptable	少ない運転資金で開業可能!15日間の集中特訓で未経験でも安心。
acceptable	蛇口の水アカも丁寧に除去!
acceptable	【公式】オリックス・クレジット
acceptable	地域密着」をコンセプトとしたおそうじ本舗は、創業20年以上。安心と信頼の実績多数!全国約1,701店舗展開中!
acceptable	【境町】賃貸・アパートを検索
acceptable	七五三の写真撮影を依頼
unacceptable	【必見】個人事業主
unacceptable	すみふれあう 池袋の情報がわかる!東京の様々なエリアに多様なスペックのビルを展開。
unacceptable	【日払い】のバイトなら郡山
acceptable	トイレの水漏れをプロが解決
acceptable	介護職専門のアドバイザーが対応
acceptable	水の詰まりをプロが解決
unacceptable	人気駅から徒歩10分高知賃貸あり。ライフスタイルを豊かにする情報や最新の賃貸物件を多数ご用意
unacceptable	楽天クレジットカード/VISA/VISA
acceptable	子どもが先生に褒められだした
unacceptable	楽天クレジットのカードローンは、ご入会&ご利用で最大31,000ポイントプレゼント!
unacceptable	敷金礼金ゼロの物件あり／家賃相場・学校名で検索：ライフスタイルに合った物件探岡山市北区賃貸
unacceptable	埼玉の賃貸物件情報を今すぐCHECK!一人暮らし向け、ペットと暮らせる物件を紹介。
unacceptable	岩手の賃貸物件情報を今すぐCHECK!賃貸マンション・アパート・一戸建て情報検索。
unacceptable	ゼクシィ カウンター 名古屋で結婚式をご検討中の方へ!結婚式会場以外もフォローが充実。
unacceptable	【公式】セゾンセゾンカード特典
unacceptable	高知賃貸情報を毎日更新中！人気の厳選テーマから理想のお部屋探し【スマホでCHINTAI】
unacceptable	あなたの保険料はどのくらい？比べてください、メディケア通院が出る保険保険のお手頃な保険料！
unacceptable	【公式サイト】甲斐市賃貸
unacceptable	長崎市で一人暮らしをしたい方へ!最新の空き状況や詳細情報がスマホで確認できる
acceptable	名東区 介護職の求人情報
acceptable	保険市場が選ぶ保険商品sure open prime
acceptable	ハウスクリーニングのフランチャイズで独立・開業・起業|ハウスクリーニングのおそうじ本舗おそうじ本舗のフランチャイズはサポート・研修体制が充実。ハウスクリーニング業界未経験でも安心・安定して独立・開業・起業!
acceptable	おそうじ本舗のフランチャイズ店
acceptable	名古屋市でグループホームの求人情報。全国対応の介護職専門の転職支援サイト【介護ワーカー】。
acceptable	ネズミ捕り業者をお探しなら
unacceptable	個人アイフル事業資金
unacceptable	すみふれ中野
acceptable	寒河江市の賃貸アパート情報なら
unacceptable	事業者向けビジネスローン個人
acceptable	オススメ業者12選【費用・口コミで比較】水のトラブルの依頼を無料で一括見積もり。あなたのこだわり・要望に合わせて水道職人が最適な提案・見積もりをしてくれます。
acceptable	マンションの売却相談【受付中】
unacceptable	カーリースの審査はこちら【原則、在籍確認なしのカーリース】契約書、車はご自宅へお届け。
acceptable	デスク・机・ラックの品揃えが豊富。学校やオフィスなどの専用商品も取り扱い中。
unacceptable	結婚式場ブライダルフェア
unacceptable	【2022年最新版】
acceptable	店舗なしok/低資金から開業可能」など、今注目のfcビジネスをご紹介します。
acceptable	台所掃除ならおそうじ本舗
acceptable	SPOOX ログインID/公式
unacceptable	死亡保険って一体いくら?
acceptable	fcスタッフの募集情報なら
acceptable	働きたい時に働けて、すぐにお金がもらえるスキマバイトサービス／Timee(単発バイト広島)
acceptable	最大5社を比較できるのでおトク。料金・口コミを見て信頼できるプロを選べる。
acceptable	個人事業主で起業するには
acceptable	AD-スマホアクセサリー16VGA
acceptable	掃除のプロが全国展開」
acceptable	事業ローン融資調達・借入れならアイフルビジネスファイナンス／アイフルの新しいビジネスローン
unacceptable	業界最メディケア生命保険水準の保険料で安心の保障内容！シンプルで安心をお手頃価格でご提供。
acceptable	綺麗なお店でお客様をおもてなし
unacceptable	終身保険rise株式会社
unacceptable	加古川の介護求人がザクザクみつかる!グループホーム等様々な施設形態、勤務形態で求人検索可能
acceptable	地域密着」「安心」「安全」
unacceptable	ビジネスローンの申込みはこちら
unacceptable	床修理費用の施工
acceptable	釧路市の賃貸アパート・マンション情報を今すぐチェック!学割適用の物件・ペット可など多数掲載
acceptable	約100種の条件からあなたにマッチした山口の賃貸アパートを選べる・【更新頻度最短5分】
acceptable	がん保険：契約年齢18歳～60歳
unacceptable	福島市の賃貸物件情報を今すぐチェック!毎日豊富な新着物件を様々な条件で探せる。
acceptable	スペーシアの中古車探し・60秒で見積り依頼【名前・メール・郵便番号だけ】
acceptable	沖縄のリゾートバイト/8月スタートのニセコバイトが見つかります
acceptable	壁紙を貼り替えずに「染色」することで新品同様にお部屋の明るさを取り戻せます。
acceptable	キーボード/マウス/webカメラ/モバイルバッテリーなど、pc周辺機器を多数取り揃え
unacceptable	アパート東根賃貸
unacceptable	どこ死亡保険シュミレーション
unacceptable	相模原市中央区の賃貸物件情報サイト・毎日豊富な新着物件を様々な条件で探せる。
acceptable	おそうじ本舗 札幌
acceptable	【日立市】賃貸アパート情報
acceptable	マイカーの月額料金が気になる方へ。リクルートが提供する「直売カーセンサー」
unacceptable	Key一式さんは恋を知りたい漫画
unacceptable	オフィスネズミ撃退法
unacceptable	県民共済 静岡中央共済は、静岡第一生命が運営しています。詳細はこちら。
acceptable	たった3分の入力で最も安い癌保険が分る。保険市場ならお手元のスマホやPCで比較が可能
unacceptable	【24時間ご依頼可能】気になったタイミングでいつでもご利用い排水管クリーナーはプロに依頼。
unacceptable	宇佐市の賃貸物件情報サイト・家賃相場・学校名で検索：ライフスタイルに合ったお部屋探し
unacceptable	【一宮アパート】公式サイト
acceptable	【大阪】介護のお仕事を探す
acceptable	オリックス生命の死亡保険ファインセーブ・お手頃な保険料を今すぐチェック！
unacceptable	賃貸奈良市賃貸マンション
acceptable	脱サラ」や「独立・開業」に関するセミナーを、ご希望日に合わせて実施しています。pcもしくはスマホで、ご自宅からも簡単にご参加いただけます。
unacceptable	入ってよメリウス保険不安
unacceptable	おうちから、プロのアドバイザーにゼクシィ相談カウンター大分しよう。Web予約はこちらから。
acceptable	働きその日にバイト時に働けて、すぐにお金がもらえるスキマバイトサービス／Timee(タイミー)
acceptable	マタニティフォト 札幌
unacceptable	加古川の介護求人がザクザクみつかる!全国対応の介護職専門の転職支援サイト【介護ワーカー】。
acceptable	洗濯槽清掃の業者をお探しなら
acceptable	24時間WEBでお申込みOK
acceptable	睡眠をケアする機能性表示食品
acceptable	ガレージ鍵交換を依頼
unacceptable	事業自営業融資ローン
unacceptable	目的に合わせたプランのカンタン見積り可能！まずはメディケア生命保険料はずっとあがりません。
acceptable	掃除の会社」/フランチャイズで独立・開業・起業|ハウスクリーニングのおそうじ本舗おそうじ本舗のフランチャイズはサポート・研修体制が充実。ハウスクリーニング業界未経験でも安心・安定して独立・開業・起業!
unacceptable	オリックス生命の引受基準緩和型死亡保険ファイン・サポート・プラスはネットで告知ができます。
unacceptable	楽天プレミアムカードならETCカードの年会費永年無料・楽天ポイントが貯まる楽天ETCカード！
unacceptable	神戸市ケアマネ求人／障害者施設他の求人を掲載。長年培った経験で安心してご利用可能
unacceptable	30歳男性の場合／保険金額500万円オリックス生命入院給付金キャンドル。告知事項はこちらで確認
acceptable	簡単便利なエアコンクリーニング
acceptable	全国の排水管洗浄業者が登録。最大5社から届く見積もりを比較して、オトクに依頼しよう。
acceptable	中古車情報多数・お得な中古車を見定めやすい!1台1台の車体状態や写真が充実・中古車を探す
acceptable	介護福祉士資格の取り方・選び方でお困りですか?転職サポート登録で非公開求人もご紹介
acceptable	チラシ制作するなら
unacceptable	ブライダルフェアー
unacceptable	東京の売却時にかかる費用売却のご相談・査定でギフト券1万円分プレゼント
unacceptable	アイフル個人事業主の
unacceptable	基本の保障(主契約)はお客さまのニーズに合わせて、自由にメディケアもまとめてお申込みが可能。
acceptable	老後の資金を確実に準備できる個人年金保険を比較
acceptable	スタジオアリスマタニティフォト
unacceptable	2022年最新保険掛け捨て平均金額
acceptable	熊本市の賃貸物件情報サイト・賃貸マンション・アパート・一戸建ての物件掲載数が豊富。
unacceptable	【ネット型死亡保険】おすすめの定期死亡保険をランキング
unacceptable	プロに頼めば大切な草刈り・芝刈り・除草はプロにお任せ!隅々までピカピカに。
acceptable	はじめてのお客様専用
acceptable	保険料を見直すならこの保険
unacceptable	【岐阜】賃貸アパート・マンション
acceptable	基本の保障内容(主契約)はお客さまのニーズに合わせてカスタマイズ可能。
unacceptable	1日の入院でも全労済の保険一時金や月払保険料で徹底比較。ランキング1位の商品とは保険市場！
acceptable	綺麗な部屋で新年を迎えよう!
unacceptable	三重県の物件多数掲載。初期費用の問い合わせもカンタン！賃貸情報岡山情報サイトCHINTAI。
unacceptable	結婚式場の相場を知りたい方は、まずは相場をチェック!ゼクシィなら、全国最大級の紹介式場数！
unacceptable	玉名の賃貸物件情報あり。一人暮らしやペット可などのテーマから選べる理想のお部屋探し。
acceptable	レガシィB4の中古車探し
acceptable	水回りの頑固な汚れ、エアコンの分解洗浄など、頑固な汚れはプロの技にお任せ！
unacceptable	意匠・意匠・特許取得費用は?
unacceptable	秋田市介護介護求人羽曳野求人
unacceptable	通院保障保険りません
acceptable	おそうじ本舗/ハウスクリーニング
acceptable	小倉一人暮らし女性必見
acceptable	【鹿嶋市】賃貸アパート情報
acceptable	掃除のプロが独立・開業
unacceptable	大阪で住宅売却柏原不動産売却を知ろう
acceptable	冷蔵庫掃除とセットで1500円お得
unacceptable	病気やケガで入院、通院を一生涯保障する医療保険です。【メディケア生命】
acceptable	純正切替器／詰め替え切替器など、多数取り揃え。メーカーや型番から対応切替器の検索が可能
acceptable	【高田市】賃貸アパート情報
unacceptable	【ABF】公式ホームページ
acceptable	掃除のプロが家庭を掃除のプロに!」そんなおそうじ本舗のフランチャイズ。全国加盟店で説明会を開催しています。
unacceptable	台所水漏れ修理/全国対応
unacceptable	≪依頼料0円≫最大0名のスズメバチの巣・修理のプロから見積もりが届く。相談できるので安心。
acceptable	憧れのマイホームを建てよう
acceptable	【公式】U-NEXT／31日間無料
acceptable	【藤岡】賃貸・アパートを検索
acceptable	掃除屋として独立開業
acceptable	【海津市】賃貸・アパートを検索
acceptable	《全額返金保証》２週間お試しOK
unacceptable	券面楽天カードetc複数が貯まる
acceptable	奈良の賃貸物件情報を今すぐCHECK!賃貸マンション・アパート・一戸建ての物件掲載数が豊富。
acceptable	単発・未経験OK・完全在宅・フルリモートのバイト求人も多数・」そんなときはスキマバイト！
acceptable	あなたにフィットする生命保険
unacceptable	万一の時に備え、病気やケガの時sony損害保険があればアプリのダウンロード等事前準備不要。
unacceptable	賃貸富雄賃貸マンション
acceptable	オリックスVIPローンカード
unacceptable	お風呂・防除草取り値段
acceptable	カーセンサー（CARSENSOR.net）
acceptable	一都三県限定」のフランチャイズで、約95%がお近くのfc店舗で取り扱っているfcオーナー様の店だそうです。
acceptable	楽天マイナポイント機能付き楽天カードでポイントが貯まる。加盟店でのご利用でザクザク貯まる
acceptable	脱サラ」や「独立・開業」は、fc本部がサポート!全国加盟店の平均月商約110万円
acceptable	掃除のプロが売上アップのサポート!
acceptable	旭川市の賃貸物件情報サイト・最新の空き状況や詳細情報がスマホで確認できる
acceptable	有料老人ホームやグループホームなど老人ホームが充実した介護施設を特集。経験者優遇の求人も
unacceptable	鳥取ガスenetopiaインターネット料金enetopiaガスとネット同時にお申込でお得
unacceptable	新規ご利用で今ならポイント優遇あり／新規入会・ご利用でギフト券最大1,1セゾンカード複数！
acceptable	動画配信サービス【8日間無料】
acceptable	福島市の賃貸物件情報サイト・一人暮らしやペット可などのテーマから選べる理想のお部屋探し。
acceptable	壁紙掃除代行【おそうじ本舗】
acceptable	楽天カードの楽天学生クレジット限定カード！好みに合わせて付帯サービスをカスタマイズできる
acceptable	全国の平均月商約110万円!おそうじ本舗の説明会は、地域や年代に応じたケースの事例をご紹介。
acceptable	パソコンラックの通販ならサンワサプライ。学校やオフィスなどの専用商品も取り扱い中。
acceptable	在庫確認は無料・中古車情報多数
unacceptable	個人事業インディード個人事業主掲載翌日には融資可能／フリーランスの方に人気のビジネスローン
unacceptable	神奈川の賃貸物件情報を今すぐCHECK!毎日豊富な新着物件を様々な条件で探せる。
acceptable	見てからでは遅い!おそうじ本舗の強味とは!
unacceptable	初期費用などのお新居浜市アパート費用の問い合わせもカンタン！賃貸情報サイトCHINTAI。
unacceptable	東広島西条アパート賃貸物件
unacceptable	ソニー損保の新ネット医療保険は、中間コストを抑えたダイレクト販売!いざという時に備えてる？
acceptable	石けんetvosパーフェクトキット
unacceptable	悪玉コレステロールを下げたいldlコレステロール高いサプリで、気になるコレステロール対策を
unacceptable	個人事業主は金融機関からの融資が困難？法人借入審査事業主向け。原則、保証人・担保不要で融資
acceptable	蛇口からポタポタ水が出ていても、原因は特定しにくいもの。放っておいても悪くなる一方なので、プロに調査を依頼しよう。
unacceptable	ゼクシィ カウンター 名古屋で結婚式をご検討中の方へ!無料相談はこちらから。
acceptable	神戸市の介護求人がザクザクみつかる!全国対応の介護職専門の転職支援サイト【介護ワーカー】。
acceptable	赤ちゃんもご家族もリラックスできるスタジオをご用意
acceptable	【国内初】EX Intelligence
acceptable	豊後大野市の賃貸物件情報サイト・賃貸マンション・アパート・一戸建ての物件掲載数が豊富。
unacceptable	Keywordノート中古大阪
acceptable	全国のネズミ駆除の専門業者が登録。条件に合ったネズミ駆除・ネズミ退治に効くもの・予防まで。
unacceptable	生協の「ほけん」は、健康に不安がある人も入りやすい「生協ほけん」比較なら保険市場
unacceptable	どこ教育資金保険
acceptable	賃貸オフィス・賃貸アパートを検索
acceptable	ノートパソコンやマウスなどおすすめのキーボードをご紹介。法人様も個人様もご登録可能！
acceptable	WEB業界で話題のハウスクリーニング
acceptable	【保険市場の2022年生命保険人気ランキング】備えたい保障内容から人気商品を徹底比較。
unacceptable	住友不動産上野店
acceptable	【神戸市】賃貸・アパートを検索
acceptable	テレビ電話で全国販売店にオンライン相談。顔出し無しでご利用できます。家で生の中古車が見れる
unacceptable	お近くの蛇口・浄水器取付
acceptable	WRX中古車カーセンサー
acceptable	【セゾンカード】お申し込み
unacceptable	保険市場／保険比較･相談の【保険市場】最大級の保険情報サイト取扱保険会社数89社。オンライン保険相談では、ご自宅で保険のご相談や見直し、申込までできると好評。お客さま専用の設計書や商品パンフレットを見ながら保険の検討ができます。お客様満足度97.9%。東証１部上場会社が運営する｢保険市場｣にご相談ください。
acceptable	掃除代行サービス/独立開業
acceptable	問い合わせはこちら
unacceptable	滋賀病棟看護助手
acceptable	基本の保障内容(主契約)はお客さまのニーズに合わせて、自由にカスタマイズ可能。
acceptable	宮崎の賃貸マンションなら
unacceptable	介護加西介護求人専門の転職支援サイト【介護ワーカー】。転職サポート登録で非公開求人もご紹介
acceptable	霧島市賃貸マンション情報
acceptable	ご予約はこちらから
unacceptable	保険市場おすすめ死亡保険TOP
acceptable	来店不要で24時間カンタン申込み/安心して事業資金の調達をするならアイフルグループにお任せ。
unacceptable	ファインセーブの評判は?オリックス生命の生命保険は、お手頃な保険料で充実の保障内容。
acceptable	約100種の条件からあなたにマッチした神戸の賃貸アパートを選べる・賃貸情報サイトならCHINTAI
unacceptable	Keyアカゴヒガン漫画
unacceptable	楽天カードは2枚目も作成可能。2種類の国際ブランドが選べて、様々な楽天カード再発行で使える！
unacceptable	ネット申込みが多い医療保険とは
acceptable	人気の学保険市場オンライン
acceptable	パソコンラック、各種ラックサンワサプライで目当てのアイテムをお得にGET！新商品も続々入荷中
unacceptable	神戸の介護求人がザクザクみつかる!また転職サポートを使えばスムーズに転職ができます。
unacceptable	浴室・トイレ・キッチン・洗面所、草むしり依頼は顔や口コミ、評価が見えるプロなので安心です。
unacceptable	机ラックデスク中／法人様も個人様もご登録可能！会員ランクに応じてポイント獲得がお得に。
acceptable	カードローンのおすすめは?
acceptable	【札幌市】賃貸アパート情報
unacceptable	老後の資金を確実に備えるならいくらの年金を何歳から、いつまで受け取るかで保険を決める
unacceptable	人気駅・岐阜県賃貸物件多数掲載。初期費用の問い合わせもカンタン！賃貸情報サイトCHINTAI。
unacceptable	ゼクシィ/東京會舘
unacceptable	終身医療保険「じぶんへの保険3」は保険料が上がらず、入院や手術を一生涯保障します。
acceptable	約100種の条件からあなたにマッチした松江市の賃貸アパートを選べる・賃貸情報サイトならCHINTAI
acceptable	【諫早】賃貸情報
unacceptable	楽天ポイントカード作り方が登場
unacceptable	草刈り費用/宣材写真
unacceptable	【銀行での融資をご検討の方必見】お申込みからご融資までご来店は不要。最短1法人借り入れせ。
unacceptable	LDLコレステロールをふんだんに下げる。小林製薬の紅麹サプリで、気になるコレステロール対策を
acceptable	換気扇クリーニングの相場は?
acceptable	ブライトエイジの値段はこちら
acceptable	【データ入力】派遣求人を探すなら
acceptable	はじめての申込みならこちら／アイフルファイナンス事業主向け。原則、保証人・担保不要で融資
unacceptable	佐野市の賃貸物件情報サイト・人気駅・栃木県の物件多数掲載・快適な生活を送りたい！
unacceptable	【出張対応】好みの浴室水栓交換を取付が可能。簡単2分で見積もり依頼完了。最短1分でお届け。
unacceptable	【2022年冬版】看護師求人サイト
unacceptable	学資保険はいつから始める?
unacceptable	法人の方は決算書1期分と本人確認書類1点で最短即日事業融資が必要な方も対応可能。今すぐ申込み
unacceptable	東京すみふオフィス
unacceptable	人とビジネス、環境にやさしい安心の住友不動産青山対応などの最新設備オフィスなら住友不動産
acceptable	賃貸・アパートを検索/神奈川
unacceptable	目的に合わせたプランのカンタン見積り可能！まずは無料で資料メディケア生命保険いただけます。
acceptable	【玉名】賃貸・アパートを検索
unacceptable	高齢者でも生命保険死亡保険なし
unacceptable	20代～50代以上の人が気になった少額短期保険商品一覧をランキング化。保険の相談は≪保険市場≫
acceptable	お風呂掃除業者ならおそうじ本舗
unacceptable	【公式】Timeeスキマバイト
unacceptable	楽天プレミアムカードなら新規入会&ご利用で7000ポイントプレゼント・【2枚目作成も可能】
unacceptable	事業資金の足しに事業ローン
acceptable	今、共済積立年金？
acceptable	【学資保険】いざというときに困保険市場デメリットないように備えよう。保険のご相談は保険市場
acceptable	水回りのクリーニングなら
acceptable	浄水器の取り付け工事
acceptable	【観音寺市】賃貸アパート情報
acceptable	【半田市】賃貸・アパートを検索
unacceptable	≪価格満足度92%≫最大５名の除草業者から見積もりが届く！おトクなプロを選べる。
unacceptable	わかりづらい保険も丁寧にご説明させて頂き。個別年金保険社以上の保険会社から最適なプランを。
acceptable	アリスのマタニティフォト
acceptable	掃除のプロが家庭訪問。ご家庭でなかなか落ちない汚れをプロ専用の器材・洗剤を使用しスピーディーかつ丁寧に仕上げます
acceptable	おそうじ本舗」「おそうじ本舗のフランチャイズ」について検索している方へ。おそうじ本舗のフランチャイズはサポート・研修体制が充実。ハウスクリーニング業界未経験でも安心・安定して独立・開業・起業!
acceptable	壁紙のカビ取り業者を探す
acceptable	30歳男性の場合／保険金額500万円オリックス生命ケガ通院キャンドル。告知事項はこちらで確認
unacceptable	東京の様々なエリアに多様なスペックのオフィスビルESGにやさしい安心安全なオフィスビルづくり
unacceptable	水漏れやつまり、蛇口交換やアパート排水管清掃費用の掃除はプロにお任せ!隅々までピカピカに。
acceptable	19インチラックの通販なら。法人様の特価対応・請求書払い・掛売りも対応しております
unacceptable	【公式】水漏れ蛇口
acceptable	掃除のプロ」を自負するおそうじ本舗fcは全国で展開中!ご家庭・店舗/オフィスのあらゆる箇所を掃除のプロが徹底的に汚れを除去。まずは無料で訪問・お見積りいたします。
unacceptable	【公式】会社借入
unacceptable	ウェディング相談なら埼玉で。結婚式会場以外もフォローが充実。
acceptable	事務所・事務所の賃貸なら
unacceptable	楽天ETCカードの作り方。通行料金100円につき1ポイント貯まる
unacceptable	楽天カードの作り方/新規入会&ご利用で8000ポイントプレゼント・【2枚目作成も可能】
unacceptable	介護職1級の取得を目指すなら、ヘルパー2級の取得がおすすめ。詳細条件で検索可能
unacceptable	法人の方は決算書5期分と本人確認書類5点で最短即日融資！個人事業主向け融資は繰り返し利用可能
acceptable	高コールセンター受電の求人
unacceptable	看護師の求人・転職なら介護ワーカー 。専任のアドバイザーがあなたの転職をお手伝いします
acceptable	急いで資金調達したいなら／アイフルビジネスファインナスのビジネスローン／24時間申込み受付中
unacceptable	東京の富岡西不動産売却売却のご相談・査定でギフト券1万円分プレゼント
acceptable	40代・50代から新しい仕事の形
acceptable	兵庫県の物件多数掲載。ライフスタイルを豊かにする情報や最新の賃貸物件を多数ご用意
unacceptable	秋田市介護福祉介護求人羽曳野
unacceptable	死亡保険は死亡保障で選ぶべき・国内最大級の保険比較サイト・年齢と性別を入力して保険料比較も
acceptable	掃除」の仕事は、肉体的にも精神的にもキツイです。しかし、やりがいは抜群!やった分だけ、しっかり稼げます。
acceptable	式場を貸切で挙式
unacceptable	介護ワーカーが京都で働きたい方
unacceptable	お近くの蛇口や浄水器取付
acceptable	VIPローンカードを徹底比較!融資のみならず、多様なシーンに最適なマネーサービス誕生。
unacceptable	個人なら確定申告個人事業主貸付事業者ローン／年会費・保証料不要。まずは貸付条件を確認する。
acceptable	豊富なカラーバリエーション
unacceptable	通院にも手厚い保険
unacceptable	2枚目カード作成で1,
unacceptable	最大5社から見積もりがすぐ届く
unacceptable	賃貸 草加市
acceptable	赤ちゃん写真のお値段はこちら
unacceptable	お近くの蛇口交換のプロ
acceptable	【2022年】即日床張り替えdiy
acceptable	最短オリックスキャッシング
unacceptable	入院+保険共済のダブルエール
unacceptable	日帰り入院から長期の入院、手術を一生涯カバーする医療保険です。比較なら保険市場
unacceptable	エトヴォス公式etvos新作ストア
unacceptable	保険市場おすすめの死亡保険TOP3
acceptable	床の張り替え・修理・交換
acceptable	北九州市の賃貸物件情報サイト・ライフスタイルを豊かにする情報や最新の賃貸物件を多数ご用意
acceptable	その日にバイトにすぐ働けてすぐお金がもらえる！メンドウな面接や履歴書も一切必要ありません！
unacceptable	LOCATION精神病でも入れる保険
unacceptable	事業者向けビジネスローン
acceptable	掃除のプロが自宅をまるごとキレイに!
acceptable	憧れの挙式スタイルを叶えよう
unacceptable	越前市の新着アパート情報を毎日更新!福井県の人気駅＆エリアランキングは？
acceptable	【エトヴォス】ファンデーション
unacceptable	水道の詰まりを料金で解決
unacceptable	楽天カード再発行ました。
unacceptable	【公式ホームページ】保険市場
unacceptable	【公式】ビジネスローン
acceptable	住友不動産二世帯住宅住宅
acceptable	玄関ドアの鍵交換ならおまかせ
unacceptable	楽天カードetcキャンペーン考えなら、楽天カードで決まり！お得にポイントを貯めて、活用しよう
acceptable	オリックスマネー【公式】
acceptable	マイナポイント楽天カード可能
acceptable	お宮参り撮影に最適なスタジオ
acceptable	効率的な集約で売上UPの事例多数
unacceptable	個人年金保険最新ランキング
acceptable	持病があっても入れる入院保険
unacceptable	全車保証ありのカーリースがご利用可能。リクルートが提供する「直売カーセンサー」
unacceptable	融資してほしい・ご返済
acceptable	八頭町駅の賃貸物件情報サイト・賃貸マンション・アパート・一戸建ての物件掲載数が豊富。
acceptable	【入会金・年会費無料】24時間・365日ご利用可能なオリックスクレジットアプリのWEB完結ローン！
unacceptable	大阪で住宅売却不動産売却福岡を知ろう
unacceptable	新潟介護福祉士求人デイサービス
acceptable	アルトワークスの中古車探し
acceptable	ブライダルフェアの当日予約もOK
unacceptable	死亡20代医療保険加入率期間
unacceptable	一人暮らしやペット可などのテーマから選べる理想のお部屋探し。初期費用などの東根賃貸掲載中
acceptable	脱サラして独立・開業|ハウスクリーニングのおそうじ本舗おそうじ本舗のフランチャイズはサポート・研修体制が充実。ハウスクリーニング業界未経験でも安心・安定して独立・開業・起業!
acceptable	スマイルゼミ 4年生の料金
unacceptable	オリックス生命の定期型がん保険Wish（ウィッシュ）は一時金保障に特化した保険です。
unacceptable	がん保険／オリックス生命公式
unacceptable	【大津市アパート】公式サイト
acceptable	プロの技術で窓や壁をキレイに
acceptable	掃除のプロ」がオーナーになり、おそうじ本舗のフランチャイズで独立・開業・起業!
unacceptable	新潟サ高住大阪求人
acceptable	姫路の賃貸物件情報を今すぐCHECK!ライフスタイルを豊かにする情報や最新の賃貸物件を多数ご用意
unacceptable	足利市賃貸アパート賃貸物件
acceptable	掃除のプロが会社設立・開業|ハウスクリーニングのおそうじ本舗おそうじ本舗のフランチャイズはサポート・研修体制が充実。ハウスクリーニング業界未経験でも安心・安定して独立・開業・起業!
unacceptable	永久不滅ポイントの活用で経費削減。セゾンカード特典・サービス賞、最優秀賞を受賞したカード
unacceptable	【西条賃貸】公式サイト
acceptable	【エトヴォス公式】肌に優しい使い心地で、思わず毎日使いたくなる肌に優しいファンデーション。
unacceptable	浮気・不倫慰謝料の探偵探しなら
acceptable	一戸建ての売却・査定はこちら
unacceptable	悪玉コレステロールの上昇をしっかり抑制し、血圧を下げます。悪玉コレステロールを減らしたい！
acceptable	掃除の会社」として業界未経験の開業実績は約95%
unacceptable	【公式】Timeeバイト橋本環奈
unacceptable	マッチングアプリ女性婚活アプリ
acceptable	大阪で介護士の求人・転職なら介護ワーカー 。また働いている方の声や職場の雰囲気もお伝え可能
acceptable	【公式】micoameri
unacceptable	【公式】宇都宮大学寮
unacceptable	2枚目の楽天カードは引き落とし楽天カードお得に作るを分けられる。用途に応じて賢く使い分け！
acceptable	オリックスクレジットは借入れ時、借換え時の保証料が無料!《2022年 ノンバンクカードローン
acceptable	おそうじ本舗」ブランドで全国展開中!全国約1,701店舗/業界店舗数no.1
unacceptable	【宮城】単発バイト・バイト探し
unacceptable	福井県賃貸を随時更新
acceptable	キッチンつまり直し方
unacceptable	安曇野市の賃貸物件情報・一人暮らしやペット可などのテーマから選べる理想のお部屋探し。
acceptable	ETCカードをお持ちなら楽天カードにセットアップ!街でのご利用から公共料金のお支払いまで。
unacceptable	≪全国対応≫ミツモアだったらお住まいのエリアでビザ申請・入管業務に強い行政書士が見つかる!
acceptable	在宅ワークに最適なデータ入力
unacceptable	【公式】オフィス環境
unacceptable	法人向けローン自営業ローン
acceptable	医療保障が手厚い、女性医療保険
unacceptable	介護士になるには?
unacceptable	不動産査定カウカモ売却
acceptable	千葉の賃貸物件情報を今すぐCHECK!最新の空き状況や詳細情報がスマホで確認できる
unacceptable	ビジネスローン即日融資
unacceptable	初期費用の問い合わせもカンタン・ライフスタイルを豊かにする情報や最新の膳所賃貸を多数ご用意
unacceptable	スカイライン400r中古アメリカ車
unacceptable	敷金礼金ゼロの半田市アパートあり／家賃相場・学校名で検索：ライフスタイルに合ったお部屋探し
acceptable	【姫路市】介護求人情報
unacceptable	お申し込みから最短1週間でお届け可能！大人気の楽天カードプレミアム比較を選ぶなら楽天カード
acceptable	ブライトエイジの効果とは
unacceptable	広島市安佐南区CHINTAIの情報がわかる!賃貸マンション・アパート・一戸建ての物件掲載数が豊富。
acceptable	島根県の物件多数掲載。一人暮らしやペット可などのテーマから選べる理想のお部屋探し。
unacceptable	人気駅＆エリア賃貸川口の物件あり／家賃相場・学校名で検索：ライフスタイルに合ったお部屋探し
unacceptable	福井市の賃貸アパート情報!最新の空き状況や詳細情報がスマホで確認できる
unacceptable	【2022年】個人型確定拠出年金
acceptable	プロに依頼/ミツモア
unacceptable	東京のカウカモ不動産売却売却のご相談・査定でギフト券1万円分プレゼント
acceptable	はじめてのご融資はこちら。お悩みの際はお電話店を出したい資金も可能です。年会費・保証料無料
acceptable	人気の死亡保険ランキング。一括見積りであなたに合った保険を選べる。格安死亡保険を比較可能
acceptable	インプレッサスポーツの中古車
acceptable	注文住宅住友不動産メーカー
acceptable	医療保険資料請求性もある方もある方もぴったりな保険が見つかる。まずは保険料シミュレーション
unacceptable	東京會舘のブライダルフェア・見学予約はこちら。式場探しや結婚式の疑問をゼクシィが解決！
acceptable	【阿蘇】賃貸・アパートを検索
acceptable	ファインセーブの評判は?
acceptable	結婚式場見学予約はこちら
acceptable	【公式】個人事業主向けローン
unacceptable	一時払込終身保険？
acceptable	はじめてのお宮参り撮影を一生の思い出に。はじめてのお宮参り写真は一生の思い出に。
acceptable	ブライダルフェアで結婚式をご検討中の方へ!プロポーズされたら、まずはブライダルフェアへ！
unacceptable	介護求人介護ワーカー口コミ
acceptable	癌保険をご検討の方
acceptable	クレジットなし/楽天カード
unacceptable	出雲市の新築戸建て情報はこちらから・毎日豊富な新着物件を様々な条件で探せる。
unacceptable	お申し込み特典楽天pinkこちら
acceptable	レンジフード清掃はプロにお任せ
acceptable	苫小牧の賃貸物件情報サイト・おすすめの賃貸マンション・アパートの物件をご紹介。
unacceptable	癌保険の比較･見積は保険市場
acceptable	スマイルゼミ小学3年生・タブレットで学ぶ幼児・小学生・中学生の通信教育。
unacceptable	すぐに運転資金・資金調達が必要な方。アイフルビジネスファイナンスは個人事業主お金即日融資！
acceptable	全国47都道府県お近くの店舗で浴室クリーニングを提供中!
acceptable	エクストレイルの中古車探し・60秒で見積り依頼【名前・メール・郵便番号だけ】
unacceptable	納得のいく保険選びをプロがサポート
acceptable	まずは無料のお見積りお家の気になる汚れは全部お掃除。
unacceptable	諫早の賃貸物件情報サイト・人気駅・長崎県の物件多数掲載・快適な生活を送りたい！
acceptable	楽天カードは引き落とし楽天カードはどうやって作るを分けられる。用途に応じて賢く使い分け！
acceptable	無料チャットで依頼完了
unacceptable	相続を専門とする有能な税理士なら大幅な相続税対策が可能に!簡単・おネズミ退治に依頼しよう。
unacceptable	ビジネスローンおすすめローン
acceptable	配管洗浄でピカピカの鏡に
unacceptable	メニュー草むしり依頼制作やパソコンなども対応。家具運搬、大型運搬はプロに任せて一気に解決。
unacceptable	不動産家売買サイト
acceptable	【大牟田市】賃貸アパート情報
acceptable	サーバーラックの通販・学校やオフィスなどの専用商品も取り扱い中。
unacceptable	医療保険も定期保険も安心の保障内容。保険料シミュレーションで保険料をチェック
unacceptable	最大５名のプロ／見積もりが届く
unacceptable	福島介護ワーカー口コミ求人
unacceptable	中津の賃貸物件情報サイト・家賃相場・学校名で検索：ライフスタイルに合ったお部屋探し
unacceptable	宮城土地売却なら
acceptable	専門業者が1匹残らず駆除
unacceptable	水栓取付のみの依頼もOK！お近くのプロに今すぐ相談。最短１分で見積もりが届く
acceptable	ハウスクリーニング」のフランチャイズが人気。全国1,701店舗展開中!
acceptable	はじめてのお誕生日撮影を一生の思い出に。初めてでも安心お任せ!
unacceptable	未使用バレーノ中古台突破
unacceptable	【死亡保険】世帯主に万が一の事があった場合の必要生活資金は平均5,558万円。ご相談は保険市場
acceptable	富山市の賃貸物件
acceptable	はじめてのお宮参り撮影を一生の思い出に。スタジオアリスで大切な記念日を残しませんか。
acceptable	病気やケガで働けなくなったときに、給付金を受け取れる保険です。まずは無料で資料請求！
acceptable	（最短当日出荷）安心のメーカーや型番から対応サンワダイレクトラックなど各種メモリをお得に。
acceptable	【期間限定】キャンペーン
unacceptable	残価設定ローンの中古車探し
unacceptable	おトクに駆除
unacceptable	【おすすめのセール対象作品が充実】人気デザート漫画無料で試し読み！人気少年・青年漫画が充実
acceptable	安心の実績【風呂掃除】
unacceptable	鹿児島市賃貸情報／賃貸アパート
acceptable	スタジオアリスの七五三プラン
unacceptable	がくしから入るべき
unacceptable	保険安い生命公式サイト
unacceptable	シミュレーション保険は最新？
acceptable	掃除のプロ」が専門機材を使用し、日頃の落としきれない汚れを徹底的に洗浄します。汚れやカビ、ニオイを取り除いて、キレイで快適な生活を送りませんか?
acceptable	医療保険も死亡保険もお手頃な保険料/気になる保険料を今すぐチェック!
acceptable	横手市の賃貸物件情報サイト・一人暮らしやペット可などのテーマから選べる理想のお部屋探し。
acceptable	SPOOXを解約したい方へ
unacceptable	オリックス生命の生命保険は告知内容を限定した保険も取扱い。持病のある方、入院歴のある方に
unacceptable	特別養護老人ホームの求人をお探しです介護福祉士になるには？転職アドバイザーが徹底サポート
acceptable	無料転職サイト
unacceptable	大村市の賃貸物件情報サイト・人気駅・長崎県の物件多数掲載・快適な生活を送りたい！
acceptable	豊富なデザイン/楽天カード
unacceptable	姫路 デイサービスの求人、転職なら介護ワーカー。転職サポート登録で非公開求人もご紹介
unacceptable	乃木の賃貸マンション情報!一人暮らしやペット可などのテーマから選べる理想のお部屋探し。
unacceptable	たった3分の入力で最も安い自動車保険が分る。あなたの保険料はどのくらい？
acceptable	近くのデイサービス求人をお探しします。また働いている方の声や職場の雰囲気もお伝え可能
unacceptable	高所や外側の蛇口の取り付け方
acceptable	人気の漫画デザート漫画
acceptable	公式／楽天ピンクカード海外旅行保険がカンタン！免許証・印鑑不要。審査完了後に約1週間で届く
acceptable	最大５社から見積もり
acceptable	スキマバイト探しなら広島で。利用歴に応じて付与されるEXPでグレード特典を手に入れよう！
acceptable	コンロやシンクは勿論、窓や壁まとめてお掃除対応でキッチン一式がピカピカに!
acceptable	あなたの保険料はどのくらい?くらべて分かるメディケア生命のお手頃な保険料!詳細はこちら。
acceptable	5保険市場ブロードマインドなら
acceptable	選ぶポイントは保障期間?
acceptable	スプークス(アニメ)を配信中
acceptable	掃除のプロがオーナー・店舗経営者に
unacceptable	明石で介護士の求人・転職なら介護ワーカー 。また働いている方の声や職場の雰囲気もお伝え可能
unacceptable	原則、ご来店・担保不要。銀行よりも早くビジネスローン即日必要な方も対応可能。今すぐ申込み
acceptable	洗濯機の隅々まで徹底分解洗浄
acceptable	持病があっても入れる保険?オリックス生命の医療保険・生命保険をまとめて資料請求
unacceptable	ネット型死亡保険のおすすめは?
unacceptable	長野県の物件多数掲載。初期費用の問い合わせもカンタン！賃貸情報岐阜アパートならCHINTAI
acceptable	スキンケアだけでなく、ベースメイクも美容成分たっぷりのアイテムで「うるおい溢れるツヤ肌」へ整える「エトヴォス ファンデーション」
acceptable	お家のクリーニングなら
unacceptable	etvosファンデーションメイク
unacceptable	20代~50代以上の人が気になった保険をチェック!相談生命保険何歳までオンラインで無料相談
acceptable	秋田市の賃貸アパート情報なら
acceptable	有料老人ホームやグループホームなど施設形態からも介護や福祉の求人を探せる。（介護職の求人）
unacceptable	個人事業主専用ビジネス
unacceptable	がん健康保険人気
unacceptable	保険検討で悩んだら生命保険の部 定期保険総合第1位(2020年1月〜12月の保険種類別申込件数)
unacceptable	事業支援金個人事業主
unacceptable	シミュレーションでアナタの保険料の見積り比較が可能。お得な保険がひと目で分かる／コチラから
unacceptable	ゼクシィならカウンター前撮り・内撮りもOK!あなただけの理想の結婚式をお得に探そう。
unacceptable	【2022年】格安医療保険は?
unacceptable	看護助手のお給料が業界最安水準!高給与、土日休み、賞与年3回など条件に合わせた求人情報多数。
acceptable	【公式】アイフル事業資金
acceptable	東京會舘の結婚情報サイト【ゼクシィ】幸せウエディングを叶える情報満載
unacceptable	【アイフル】当日のお借入れなら
acceptable	岩手県の賃貸物件情報サイト・賃貸マンション・アパート・一戸建ての物件掲載数が豊富。
acceptable	サッシクリーニング
acceptable	月々1078円～／3ヶ月通い放題
unacceptable	お部屋探しの岩手県賃貸の物件あり／家賃相場・学校名で検索：ライフスタイルに合ったお部屋探し
acceptable	掃除の会社を独立開業」なら
unacceptable	教育資金・豊か？40オリックス生命ご契約様女性の場合、月払保険料917円！お申込もカンタンです
unacceptable	学生マイナポイント楽天ポイント
unacceptable	一人暮らしやペット可などのテーマから選べる理想のお部屋探賃貸川口【スマホでCHINTAI】
acceptable	【柏】賃貸・アパートを検索
unacceptable	宮崎県賃貸マンション一人暮らし
acceptable	厚木市/賃貸アパート情報サイト
unacceptable	中古車リースリース車契約納車
acceptable	貯蓄オリックス生命ケガ通院
unacceptable	働きたい時に働けて、すぐにお金がもらえるスキマバイトサービス／Timee(単発バイト栃木)
acceptable	ブライダルフェアから内祝いまで、様々なシーンで大活躍のブライダルフェア。まずはフェア見学へ
acceptable	トイレの水漏れ修理の相場は?
unacceptable	中古車情報／35gtr中古を探す
acceptable	事務職の派遣求人を紹介
acceptable	カビや水アカ、皮脂汚れ、浴槽・壁・床・天井・窓などお風呂場一式をプロがピカピカに
acceptable	岡山県の賃貸物件情報サイト・一人暮らしやペット可などのテーマから選べる理想のお部屋探し。
acceptable	小学生でも無理なく学習できる
acceptable	熊本の賃貸物件情報を今すぐCHECK!賃貸マンション・アパート・一戸建ての物件掲載数が豊富。
unacceptable	メディケア生命・30歳女性
unacceptable	楽天1マイナポイント楽天が1倍
unacceptable	トイレの水漏れの窓掃除
unacceptable	ノート中古大阪台をココで
acceptable	個人事業主専用ビジネスローン
unacceptable	【公式】VIPVIPローンカード
unacceptable	滋賀県賃貸マンション物件あり
acceptable	未使用ミラジーノ中古車
unacceptable	（公式）がん保険貯蓄型おすすめ
unacceptable	【公式】オフィスESG
unacceptable	香川県の借家人情報掲載。一人暮らしやペット可などのテーマから選べる理想のお部屋探し。
acceptable	法人・個人事業主向けローン
acceptable	選ばれて保有契約140万件突破
acceptable	東京住友不動産八重洲
acceptable	綺麗な店舗/脱サラして独立・開業・起業|ハウスクリーニングのおそうじ本舗おそうじ本舗のフランチャイズはサポート・研修体制が充実。ハウスクリーニング業界未経験でも安心・安定して独立・開業・起業!
acceptable	《公式》CHINTAI
unacceptable	スマホで静岡県賃貸物件あり
unacceptable	女性みついすみともダイレクト
unacceptable	保証ありカーリース任意保険購入を月々のお支払いで。リクルートが提供する「直売カーセンサー」
acceptable	カードローン借り入れランキング
acceptable	自宅完結/塾までの送迎負担ゼロ
acceptable	短期バイトなら【仙台】
acceptable	おそうじ本舗」ブランドで全国展開中!年間27万件の紹介案件
acceptable	30代・40代から新しい仕事の形
unacceptable	お客さまのニーズに合わせて、100万円単位で保険金額保険ランキングで資料請求いただけます。
acceptable	不況に強い／集客や売り上げアップの充実サポート！
unacceptable	個人事業主個人事業主借入審査
unacceptable	介護士ワーカー/登録手数料無料
acceptable	メディケア生命お申込み
unacceptable	低予算で車を検討している方へ。頭金0円で車月々支払いが利用できる「直売カーセンサー」です。
unacceptable	オリックスキュアサポート生命
acceptable	ゼクシィ／関西の結婚式場
acceptable	エディオンのエアコン掃除
acceptable	【最新版】個人事業主向けローン
acceptable	スタジオアリス/七五三家族写真
acceptable	【公式】ガス申し込み電話
acceptable	iPhone11用アクセサリーを法人価格で購入。1,000点以上の豊富なオリジナル商品が充実。
acceptable	約100種の条件からあなたにマッチした高知の賃貸アパートを選べる・賃貸情報サイト CHINTAI。
unacceptable	家を建てるなら住友不動産の注文住宅。二世帯住宅や平屋など様々なのjurbanの時間を承り中。
unacceptable	持病・医療保険と死亡保険セット
acceptable	【掃除・洗濯機】転職・求人情報
acceptable	オーディオキャプチャー
unacceptable	水の詰まりの窓掃除
unacceptable	愛媛賃貸・アパートが充実
unacceptable	がん保険安いところ~3位を発表
unacceptable	ja保険学資保険に残す生命保険
acceptable	賃貸・アパートを検索/千歳市
acceptable	西成区 介護職の求人情報
acceptable	山形の単発バイト情報掲載。すきな時間、すきな場所、すきな職種で最短1時間から働けます。
unacceptable	新宮土地価格せ
unacceptable	2022年版死亡保障安い?
acceptable	介護の求人情報
unacceptable	特別価格8,住友不動産内装建
acceptable	ノーコードでスピード作成
acceptable	【公式】結婚式相談銀座
acceptable	全国47都道府県お近くの店舗で
unacceptable	賃貸霧島市賃貸マンション
acceptable	社員の「生の声」を1270万件掲載
unacceptable	【5人に1人】2025年には65歳以上の高齢者で認知症を今共済積立年金準備するなら個人年金保険。
unacceptable	日本全国どこでも単発バイト日払い会、履歴書は必要なし。条件を満たしていればすぐ働けます。
acceptable	年会費永年無料／楽天カード
unacceptable	山鹿市賃貸アパート賃貸物件
unacceptable	山口県の物件多数掲載。初期費用の問い合わせもカンタン！賃貸賃貸情報岡山サイトCHINTAI。
unacceptable	デイサービスの求人、転職なら介護ワーカー。もっとキャリアアップできる職場へ
acceptable	オリックスマネー会員様限定!融資のみならず、多様なシーンに最適なマネーサービス誕生。
unacceptable	2022年版国保保険料計算
acceptable	札幌の賃貸物件情報を今すぐCHECK!おすすめの賃貸マンション・アパートの物件をご紹介。
acceptable	人気の子ども保険をランキング化
unacceptable	忙しい方におすすめ／人気の医療保険がランキング形式ですぐに分かる。安い保険もひと目で分かる
acceptable	【がん保険】oオリックス生命
unacceptable	≪公式≫ミツモアなら最大0名・シロアリ検査費用・帰化手続きの行政書士探しはミツモアで決まり
acceptable	洗濯槽クリーナーで汚れを落としたつもりになっていませんか?分解洗浄で汚れを根こそぎキレイに
unacceptable	結婚式場相談は【千葉県】で
unacceptable	セゾンプラチナビジネスカードは海外でも使える・自動マイル移行サービスも無料。
acceptable	iPhoneXRアクセサリーをご紹介。スタンド／充電器など、スマホのアクセサリーを多数取り揃え
unacceptable	松江市アパートアパート情報
unacceptable	【賃貸アパート&マンション新着】盛岡駅
acceptable	掃除のプロが家庭を掃除のプロに!家庭の手に負えない汚れはおそうじ本舗におまかせください
unacceptable	【敷金礼金ゼロの物件あり】約豊後高田市アパートもカンタン！賃貸情報サイトCHINTAI。
acceptable	【公式】都市ガス警報機
unacceptable	南介護職員兵庫県加古川市求人
unacceptable	オリックス生命の資料オリックスファインセーブシュミレーションは2つに限定し、申込みやすい
acceptable	ネズミ・屋根裏駆除の専門業者
acceptable	掃除のプロが独立開業」「ハウスクリーニングのプロが独立開業」「おそうじ本舗のフランチャイズオーナー」など、注目のおそうじ本舗はたくさんあります!
unacceptable	学生向け米沢マンション
unacceptable	ミス床ワックスに駆除
unacceptable	通院医療保険申し込める保険
acceptable	かめばかむほど甘くなる漫画
acceptable	ヴォクシーの中古車探し・60秒で見積り依頼【名前・メール・郵便番号だけ】
unacceptable	70歳を過ぎても入れる保険、安い?
unacceptable	おうちから、プロのアドバイザーに相談しよう。Webゼクシィ相談カウンター紹介はこちらから。
acceptable	掃除のプロが開業!おそうじ本舗
acceptable	約100種の条件からあなたにマッチした盛岡市の賃貸マンションを選べる・【更新頻度最短5分】
unacceptable	初期土崎賃貸をスグ更新
unacceptable	賃貸奥州市アパート情報
unacceptable	おサービス管理責任者
unacceptable	看護師・准看護師の求人情報・全国対応の介護職専門の転職支援サイト【介護ワーカー】。
unacceptable	専門アドバイザーがピッタリの職場をご提案。経験者介護ワーカー広島のバイト情報は介護ワーカー
unacceptable	中性脂肪の上昇を緩やかにし、血圧を下げない食事で血圧を下げる・紅麹のパワーをお試し下さい
unacceptable	ミネラルエトボスファンデ通販
acceptable	賃貸・アパートを検索/都城市
acceptable	掃除のプロが使うほどキレイになる
unacceptable	個人事業主は個人事業主お金を借りたい機関からご融資までご来店は不要。最短1営業日で取引可能
unacceptable	最新融資運転資金
acceptable	全国のスタジオアリスで開催しているおすすめキャンペーン等ご紹介！WEB予約・店舗検索はこちら
acceptable	【大阪】福祉の求人情報
unacceptable	ベビー/排水管クリーナー
unacceptable	【楽天カードetcカード年会費2枚目も作れる】ご利用シーンに合わせて使い分けよう。ポイントも
unacceptable	個人なら確定申告個人事業主お金事業者ローン／年会費・保証料不要。まずは貸付条件を確認する。
unacceptable	がん保険の評判悪い?
unacceptable	毎日豊富な新着物件！岩手県賃貸・家賃相場の検索も可能。学割適用の物件・ペット可など多数掲載
acceptable	掃除のプロ」が作ったおそうじ本舗
unacceptable	商標登録に強い弁理士を費用比較
acceptable	壁紙クロス掃除代行
unacceptable	楽天カードは2枚目も楽天カード学生枠可能。2種類の国際ブランドが選べて、様々な店舗で使える！
acceptable	1歳のお誕生日撮影を一生の思い出に。初めてでも安心お任せ！
unacceptable	カイゴワーカーを法人価格で購入。全国対応の介護職専門の転職支援サイト【介護ワーカー】。
acceptable	掃除のプロが家庭の問題を解決!
unacceptable	20代~50代以上の人が気介護生命保険計画的な積み立てを!学資保険の比較や相談なら保険市場へ。
acceptable	【霧島市】賃貸情報なら
acceptable	日本全国で幅広く募集中/短期もokな高時給リゾバcom。休日は観光を満喫。
acceptable	掃除のプロ」を開業をお考えなら
acceptable	水の詰まりが気になったら
unacceptable	【ゼクシィ】カウンター特典
acceptable	わかりづらい保険も丁寧にご説明致します。創業25年目の東証一部上場企業運営の保険市場
acceptable	スタジオ アリスで妊婦さんのためのマタニティーセミナー。今、この瞬間をスタジオアリスで
unacceptable	賃貸マンション・アパートの霧島市賃貸マンション掲載数が豊富。賃貸情報サイトならCHINTAI
acceptable	冷房掃除はプロにおまかせ。
acceptable	お近くの除草業者
unacceptable	明石で介護士の求人・転職なら介護ワーカー 。専任のアドバイザーがぴったりの求人をご紹介。
unacceptable	約100種の条件からあなたにマッチした小松市の賃貸アパートを選べる・石川県の物件多数掲載。
acceptable	【半田】賃貸・アパートを検索
unacceptable	法人向けローンローン融資
acceptable	名張市の新着アパート情報を毎日更新!賃貸マンション・アパート・一戸建ての物件掲載数が豊富。
unacceptable	終身もやいネット医療共済保険
acceptable	自営業のやり方に迷ったら
acceptable	土佐の賃貸物件情報を今すぐCHECK!賃貸マンション・アパート・一戸建ての物件掲載数が豊富。
acceptable	富山市/賃貸アパート情報サイト
unacceptable	敦賀市の賃貸物件情報サイト・毎日豊富な新着物件を様々な条件で探せる。
acceptable	掃除のプロが会社設立/安心開業
acceptable	保険市場イチオシの”学資保険”
unacceptable	銀行よりも早く資金調達したい
acceptable	フランチャイズのハウスクリーニング
acceptable	千歳市/写真館の予約
unacceptable	3種のセゾンカード複数選びに
unacceptable	人気のビジネスローンで資金調達・運用資金の足しに。実績豊富な事業者フリーランスお金借りる
acceptable	プロの仕上がりをご家庭でも。おそうじ本舗の「壁紙染色」で新生活を!
unacceptable	の松江市賃貸マンション多数掲載。初期費用の問い合わせもカンタン！賃貸情報サイトCHINTAI。
acceptable	【北九州】賃貸・アパートを検索
acceptable	太田市/賃貸アパート情報サイト
acceptable	大手だから安心【おそうじ本舗】
unacceptable	オリックス生命の保険商品・保険料のチェックはコチラから・資料請求はこちら
unacceptable	ネットでカンタン資料請求＆お申込み！オリックス生命のオリックス三大疾病無料でご利用できます
acceptable	ヤニの壁紙掃除はプロにお任せ
unacceptable	すみふ限定キャンペーンも
unacceptable	青森看護助手募集
unacceptable	【公式】白岡市賃貸
acceptable	単発・未経験OK・完全在宅・フルリモートのバイト求人も多数・日本全国どこでも働ける神アプリ
acceptable	守山の賃貸物件情報あり。ライフスタイルを豊かにする情報や最新の賃貸物件を多数ご用意
acceptable	掃除のプロが家庭をまるごとキレイに
acceptable	全国の排水管洗浄業者が登録。希望条件に合った見積もりが届く!
acceptable	【カイゴワーカー】転職・求人情報
acceptable	【日曜日】のバイト
acceptable	SPOOX(アニメ)/配信中
unacceptable	わかりづらい死亡保障安い相談キャンペーンを実施。オンラインでも来店でももれなくプレゼント。
unacceptable	（喫煙者の方におすすめ）は一時ファインセーブ保険料保障のグループ会社です。お申込みはこちら
unacceptable	日帰り入院から長期の入院、手術を一生涯カバーする医療保険です。ご相談は保険市場
acceptable	介護職の求人なら垂水区
unacceptable	【香川県賃貸】公式サイト
acceptable	ワックスがけは業者におまかせ
unacceptable	学生に岐阜県アパート物件は？
unacceptable	ブライトエイジbrightage
acceptable	冷蔵庫掃除の業者をお探しなら
unacceptable	床修理費用可まで
unacceptable	鳥栖市の賃貸アパート情報!ライフスタイルを豊かにする情報や最新の賃貸物件を多数ご用意
unacceptable	楽天クレジットカード VISA入会&ご利用で5,000ポイントプレゼント・券面デザインが選べる
acceptable	人気駅・鳥取物件物件多数掲載。初期費用の問い合わせもカンタン！賃貸情報サイトCHINTAI。
unacceptable	ケアマネの求人情報がザクザクみつかる!また働いている方の声や職場の雰囲気もお伝え可能
acceptable	急ぎの洗濯機クリーニングは
unacceptable	福井市の賃貸アパート情報を今すぐチェック!毎日豊富な新着物件を様々な条件で探せる。
acceptable	掃除のプロが高収入!
unacceptable	マウス／キーボード／WEBカメラ／各種サーバーラック業務用はすべて新品で通常品と同じ保証付き
unacceptable	がん保険を賢く選んでいいかわからiryouように備えよう。保険の相談、保険選びは保険市場!
acceptable	浄水器の設置工事を見積もり依頼
acceptable	【初回契約後最大30日間特典あり】本人確認はスマホでも可能
acceptable	福利厚生に加え専任担当が案件探しをサポート！業務外の仕事を任せ自由な時間を手に入れられる。
acceptable	楽天ETCカードのお申し込みはこちら・楽天カードなら使う分だけポイント貯まる！
unacceptable	法人ローンローンはこちら
unacceptable	最大0名の床修理費用、配偶者・家族やご友人などの問題は行政書士にお任せ。本体の用意も放送中
acceptable	【矢幅】賃貸マンション・アパート・一戸建ての物件掲載数が豊富。賃貸情報サイト CHINTAI。
acceptable	換気扇の掃除忘れていませんか?
acceptable	ETCカードと一体型に進化した楽天カード!コンビニやスーパーでのご利用でザクザク貯まる
acceptable	【欲しいオフィス商品がここにある】ドッキングステーションで、各種メモリを多数取り揃え
unacceptable	人気の葬儀保険を一括比較&資料請求!葬儀保険の相談、保険選び個人年金保険ランキングを徹底比較
unacceptable	福岡の賃貸物件情報を今すぐCHECK!毎日豊富な新着物件を様々な条件で探せる。
unacceptable	セゾンカードの作り方・利用方法をご紹介。お支払い1000円ごとに1ポイント貯まります。
acceptable	SPOOXの解約方法をご紹介
unacceptable	松山デイサービス求人正社員
acceptable	ケアマネージャーの求人、転職なら介護ワーカー。年収400万円以上・土日休みなどの条件で検索。
unacceptable	20代~50代以上の人が入院して、初めて備え介護生命保険に備えよう。保険の相談なら保険市場へ
unacceptable	不動産売却ならカウカモ！あなたの大宮不動産売却で全員に1万円分のギフト券プレゼント
unacceptable	終身保険払込満了後死亡保険相談
acceptable	小松市/賃貸アパート情報サイト
acceptable	【登録はこちらから】
acceptable	入退去時の掃除は業者におまかせ
acceptable	お近くのお掃除クリーニングなら
unacceptable	【セゾンカード】作成可能
unacceptable	西宮市/デイサービスの求人情報
unacceptable	排水排水管クリーナー洗浄
unacceptable	不動産売却ならカウカモ！あなたの売買契約のライターが取材／その魅力をアピールします
acceptable	【ゼクシィ】明治神宮
acceptable	公式／メディケア生命
unacceptable	【新車月額払い】新車のサブスク
unacceptable	走行中でもナビの草取り値段・分割協議書などの書類作成は専門家にお任せ。安全かつ手早く完了。
acceptable	【お掃除本舗】の仕事探し
acceptable	安心して開業/全国fcオーナー募集
acceptable	LPガスとプロパンガスを一括比較&資料請求。割引プランやポイントサービスでもっとおトクに！
acceptable	全国47都道府県お近くの店舗でご提供
acceptable	ガス自由化でより安いガス料金プランを探そう。割引プランやポイントサービスでもっとおトクに！
unacceptable	死亡全労済の保険の保険料は？
acceptable	人気エリアから探すならこちら
unacceptable	親切な探偵社
acceptable	専用タブレットで学ぶ通信教育
unacceptable	子供のための保険なら/料金や口コミ、評価が高い保険がランキングでわかる!【学資保険】
acceptable	日本橋住友不動産オフィスビル
unacceptable	水の時の不倫調査
unacceptable	【佐賀賃貸】公式サイト
unacceptable	車 月々支払い 購入でお困りなら
unacceptable	介護ワーカー無料
acceptable	中古住宅住友不動産仕様標準
acceptable	おそうじ本舗」「おそうじ本舗」ブランドでおなじみのおそうじ本舗。全国で展開中!
acceptable	七五三写真スタジオアリス
unacceptable	働き単発バイト時に働けて、すぐにお金がもらえるスキマバイトサービス／Timee(タイミー)
acceptable	七五三旅行の予約はこちら
acceptable	空いた時間にバイトしたい方へ
unacceptable	学生に岡山市南区アパート
unacceptable	【5】自営業融資ビジネスローン
unacceptable	不動産売却ならカウカモ！あなたの家売買で全員に1万円分のギフト券プレゼント
unacceptable	敷金礼金ゼロの物件あり／長崎市アパート相場・学校名で検索：ライフスタイルに合ったお部屋探し
acceptable	幅広い年代のオーナーが活躍
acceptable	単発・短期バイトが仙台で見つかる
unacceptable	楽天ポイントが貯まる楽天etcカード!通行料金100円につき1ポイント貯まる
acceptable	華やかに大人可愛くが映えるアイテム×
acceptable	お掃除代行サービスに依頼
acceptable	賃貸住宅・岩国市の物件探し
unacceptable	賃貸アパート 中野市
unacceptable	ぜくしぃ/Dブック
acceptable	人気の葬儀保険を一括資料請求。気になる保険市場を何歳から、いつまで受け取るかで保険を決める
unacceptable	入ってよかった生命保険はどれ？
acceptable	【都城市】賃貸アパート情報
acceptable	洗濯機の清掃業者をお探しなら
acceptable	《WEB予約》7ヶ月先まで予約OK
acceptable	綺麗な空気を吸ってスッキリ!クサいエアコン、クリーニングしないまま使用していませんか?
acceptable	掃除」の仕事が人気/月商300万以上/安心独立開業可能
unacceptable	住友不動産新宿住友ビルの式場
unacceptable	≪ネズミ捕り・予防≫をご提案
unacceptable	最大５社を比較できるのでおトク
acceptable	鹿屋市の賃貸物件情報サイト・一人暮らしやペット可などのテーマから選べる理想のお部屋探し。
acceptable	仙台の日払いバイト情報掲載。メンドウな面接や履歴書も一切必要ありません！
acceptable	快適なオフィス環境をご提案
acceptable	【野洲】賃貸・アパートを検索
acceptable	継続的なプロの掃除が綺麗の秘訣
acceptable	必要保障額と保険料のバランスを考慮した無理のないプランをご提案致します。
unacceptable	今、入るべき学資保険とは？人気の学資保険を徹底比較・万が一のときに困らないように備えよう！
acceptable	茨城県のマンション賃貸
acceptable	月間保険ランキングであなたの保険選びサポート！保険を徹底比較するなら保険市場。
unacceptable	敷金礼金ゼロの敦賀市賃貸あり／家賃相場・学校名で検索：ライフスタイルに合ったお部屋探し
unacceptable	キュアサポート【公式】告知
acceptable	結婚式場探しでお困りなら
unacceptable	オンラインでも相談できる保険ショップ一覧
acceptable	急いでお金を借りるには?
acceptable	長崎市/賃貸アパート情報サイト
acceptable	動画配信サイト【お試し】
unacceptable	【2022年】個別年金保険べき
unacceptable	人気ワンダンス漫画も配信中
unacceptable	栃木市の賃貸アパート情報を今すぐチェック!毎日豊富な新着物件を様々な条件で探せる
acceptable	（最短当日出荷）安心のメーカーや型番から対応サンワサプライmmmc28など各種メモリをお得に。
unacceptable	≪依頼者130万人突破≫家具運搬、引越しにミツモア使ってないの
unacceptable	人気の１位～３位をご紹介
unacceptable	ベビー/不倫調査
acceptable	人気の死亡保険１位～３位を発表
acceptable	オリックスのキャッシングは急な出費の足しに出来る!「その決断、後回しで大丈夫ですか？
unacceptable	万一の時保険市場株価やケガの時の備え、必要な備えをランキング化。保険のご相談は≪保険市場≫
unacceptable	約100種の条件からあなたにマッチした松山市の賃貸アパートを選べる・賃貸情報サイト CHINTAI。
acceptable	安心の低価格・高品質パソコンラック。会員ランクに応じてポイント獲得がお得に。
acceptable	約100種の条件からあなたにマッチした岩国市の賃貸アパートを選べる・賃貸情報サイトならCHINTAI
unacceptable	安い死亡保険を探そう
acceptable	happybirthday七五三
acceptable	運命の一台がきっと見つかる
acceptable	ミツモアのプロは顔が見えるプロだから安心。チャットで事前に相談も。最短1分でカンタン見積!
acceptable	保険市場のおすすめ医療保険
unacceptable	持病がある方でも申し込める一生涯保障の医療保険メディケア生命保険もまとめてお申込みが可能。
acceptable	資料請求はこちら
unacceptable	東京の築40年一戸建て売却するならカウカモ！プロがマンション売却をエスコート
unacceptable	シニア保険はどれがsbアイ保険？
acceptable	函館ケアマネジャー求人等
acceptable	掃除のプロが売上を倍にさせる?
unacceptable	【Saison クレジット】貯まったポイントはお買物や別のポイントにも交換OK
acceptable	【個人事業主】借入したい方へ
unacceptable	【キュア・ネクスト】病気・ケガによる入院・手術を一生涯保障／保険料は加入時から上がりません
acceptable	山形市の賃貸アパート情報!ライフスタイルを豊かにする情報や最新の賃貸物件を多数ご用意
acceptable	カビだらけの浴室をプロが徹底的に洗浄
acceptable	快眠セサミン【嬉しい声、続々】
unacceptable	全国対応の介護職専門の転職支援サイト【介護ワーカー】。介護ワーカー広島の非公開求人もご紹介
unacceptable	【公式】Timee／CM放映中！すきな時間、すきな場所、タイミー隙間。最短1時間で働ける！
acceptable	介護workerの情報がわかる!転職後も相談OK：業界に精通したアドバイザーが転職をサポート
acceptable	オリックス生命のシニア向け保険
unacceptable	大仙市の賃貸物件情報!一人暮らしやペット可などのテーマから選べる理想のお部屋探し。
unacceptable	約100種の条件からあなたにマッチした呉市の賃貸アパートを選べる・賃貸情報サイト CHINTAI。
acceptable	伊予市/賃貸アパート情報サイト
unacceptable	川口市 CHINTAI
unacceptable	水漏れや排水管掃除相場、蛇口交換・修理のプロが多数登録中!希望条件にあっただいております。
unacceptable	ペット可の賃貸物件検索サイトで埼玉の賃貸物件を探すなら・初期費用の問い合わせもカンタン！
unacceptable	法人向けのビジネス個人事業主カードローン通りやすい。契約後は1時間1日いつでも借入れ可能！
unacceptable	2022年最新：がん保険
unacceptable	ケアマネージャーの求人情報
acceptable	掃除のプロが家庭をまるごと掃除!
acceptable	家電の配送をお考えの方へ
acceptable	壁紙の剥がれ,修復をお考えなら
unacceptable	【2022年】女性保険ランキング！女性保険の加入メリットとは？保険の悩みは県民共済宮崎県で完結
acceptable	壁紙清掃業者
acceptable	フローリング・床の補修なら
acceptable	出雲市の賃貸物件情報サイト・賃貸マンション・アパート・一戸建ての物件掲載数が豊富。
acceptable	壁紙は染め替える時代。壁紙の美観を復元させ、清潔感のある快適な空間に!
acceptable	山形市/賃貸アパート情報サイト
acceptable	オリックス生命の保険はお手頃な保険料とシンプルで充実したプラン／医療保険見積もりをチェック
acceptable	保険の悩み相談/webで簡単予約
unacceptable	【2022年】iryouは?
acceptable	VGA-DESサーバーラックおすすめ
unacceptable	住友不動産の耐震診断・耐震診断のご依頼を多数いただいております
acceptable	人気のゆうちょ定額貯金裏ワザの将来の為に計画的な積み立てを！保険市場で一括比較＆資料請求。
acceptable	エトヴォス/クリームファンデ
acceptable	fcオーナー募集
unacceptable	18歳医療保険貯蓄型受けられる
acceptable	仙台の日払いバイト情報掲載。利用歴に応じて付与されるEXPでグレード特典を手に入れよう！
acceptable	掃除のプロ」を自称するオーナーがハウスクリーニングの店舗をオープン。綺麗なお部屋で新生活をスタートさせませんか?
unacceptable	緊急融資・個人事業主向けローン
acceptable	アンテナ配送依頼
acceptable	お掃除代行のお仕事探しなら
acceptable	リーフ中古販売（USEDCAR）
acceptable	レンジフードの交換業者比較
acceptable	ホームヘルパーの求人情報がザクザクみつかる!また働いている方の声や職場の雰囲気もお伝え可能
acceptable	呼び出しベル直営通販サイト
unacceptable	ネットで申し込むなら定期死亡保険「かぞくへの保険」死亡保険はライフイベントごとに見直そう。
acceptable	楽天プレミアムカードの申し込みはこちら・街でのご利用から公共料金のお支払いまで。
acceptable	おそうじ本舗のキッチンクリーニング
acceptable	スマートリモコンを法人価格で購入。椅子・机などのオフィス用品やPC周辺機器など販売
unacceptable	年齢と生命保険種類0~5位
acceptable	結婚式をご検討中の方へブライダルフェア。少人数挙式など費用を抑えたい方向けのプランも充実
acceptable	スタジオアリスの七五三撮影
acceptable	掃除のプロがオーナーをサポート!おそうじ本舗
acceptable	カードローンの審査が不安な方へ
acceptable	月間保険ランキングであなたの保険選びをサポート!医療保険を徹底比較するなら【保険市場】
acceptable	オリックス生命の医療保険
acceptable	1口3,000円から自分で選べる
acceptable	生活の質を向上させる蛇口や浄水器。取り付け・交換の見積もりを比較しておトクに頼もう。
acceptable	ポスターデザインをプロに依頼
acceptable	【LIXIL】公式オンラインストア
unacceptable	【銀行での融資をご検討の方必見】お個人事業主貸付で大型融資をご希望の方も安心して申込み可能
acceptable	【函館】賃貸情報なら
unacceptable	【2022年】死亡保険ネット・学資保険をランキングで一覧比較・教育資金のわからないを一緒に解決
acceptable	社員による会社評価
unacceptable	クレジットカードならセゾンカード。お支払い1,000円ごとに1ポイント貯まります。
acceptable	ソアラ中古車情報サイト
unacceptable	わかりづらい保険も丁寧にご説明致します。創業25年目の東証一部上場企業の保険市場
acceptable	少ないエネルギーで、最大限の効果を発揮するエコ洗面台
unacceptable	介護ワーカーしつこい検索可能
unacceptable	すみふ中野の結婚式場情報!充実の設備/災害対策/24時間直接管理など魅力的なオフィスビル多数
unacceptable	お風呂・草むしり依頼
unacceptable	終身生命保険貯蓄株式会社
acceptable	ハウスクリーニング/壁紙張替え
unacceptable	今すぐお見積り・資料
acceptable	持病や入院・手術の経験がある方も加入しやすい一生涯保障の終身保険／ライズ・サポート・プラス
acceptable	リクナビ派遣／東京の派遣求人
unacceptable	保険市場奈良を無理なく積み立てたい方へ。保険料シミュレーションで月払保険料がいくらか分かる
unacceptable	お客様満足度97.9%。スマホとがん保険入るタイミング。検査、通院費、介護費に備えておきたい。
unacceptable	ケアマネージャー／大東介護求人
unacceptable	看護師・准看護師の求人情報はこちら【兵庫】また働いている方の声や職場の雰囲気もお伝え可能
unacceptable	【姶良賃貸物件物件情報サイト】
acceptable	湖南市の新着アパート情報を毎日更新!賃貸マンション・アパート・一戸建ての物件掲載数が豊富。
unacceptable	【公式】Timeeバイト1日
unacceptable	個人年金保険とは、老後に必要な資金を準備しておくと安心の保障です。【最新】人気ランキング
acceptable	地域密着」をキーワードに、ご家庭・店舗/オフィスのあらゆる箇所を掃除のプロが徹底的に汚れを除去。まずは無料で訪問・お見積りいたします。
unacceptable	初期費用の問い合わせもカンタン・ライフスタイルを豊かにする岩国アパートサイトならCHINTAI
unacceptable	安い死亡保険が見つかる
unacceptable	保険市場イチオシの”生命保険”
unacceptable	車を高く売るなら月々の支払いがおすすめ。リクルートが提供する「直売カーセンサー」
acceptable	小学生ママ満足度no.1タブレット。入会ご検討中の方は全額返金保証を使って無料おためしok
unacceptable	生命保険の人気TOP5を発表
unacceptable	どこがん抗がん剤費用
acceptable	【介護職】グループホームの求人
acceptable	那覇市/写真館の予約
acceptable	プロの技術でお部屋をキレイに!おそうじ本舗のエアコンクリーニング完全分解洗浄
acceptable	オフィス用品をお探しなら
acceptable	基本の保障内容(主契約)に加えて、あなたのニーズに合わせて自由にオプション(特約)が選べます。
acceptable	地域密着で独立・開業をお考えのあなたへ
acceptable	前橋市/賃貸アパート情報サイト
acceptable	【公式ホームページ】楽天
acceptable	トイレつまりの値段を見積もり
acceptable	ご家庭の手に負えない汚れはプロのお掃除技術にお任せください
unacceptable	人気駅から徒歩10分七飯アパート。初期費用の問い合わせもカンタン！賃貸情報サイトCHINTAI。
unacceptable	【福井県鯖江市】賃貸アパート
acceptable	教育ローンの補助としても
acceptable	住友不動産販売実例満載
acceptable	ハイエースの中古車探し・60秒で見積り依頼【名前・メール・郵便番号だけ】
unacceptable	【5】フリーランス
unacceptable	三重県のケアマネさん必見／介護職専門の転職エージェント：履歴書、面接対策もしっかりサポート
acceptable	大型家具や電化製品の運搬・配送
acceptable	水まわりの汚れを徹底除去
unacceptable	カーセンサープレオ
unacceptable	メディケア生命から
acceptable	メディフィットRe／公式
acceptable	おそうじ本舗のクリーニング
unacceptable	入院+入院の医療保険なら
acceptable	ワックスフローリングの業者探し
acceptable	中古車／バレーノ中古
acceptable	窓サッシ掃除の業者をお探しなら
unacceptable	【公式】鎌ケ谷市賃貸物件あり
unacceptable	セゾンカード簡単申し込みカード
unacceptable	宮崎の物件多数掲載。人気の厳選テーマから理想のお部屋探し【スマホでCHINTAI】
unacceptable	葬儀保険比較を無理なく積み立てたい方へ。保険料シミュレーションで月払保険料がいくらか分かる
unacceptable	保険市場おすすめの癌保険TOP３
acceptable	エアコンの洗浄＆水回りの頑固な汚れに
acceptable	約100種の条件からあなたにマッチした岐阜市の賃貸アパートを選べる・賃貸情報サイト CHINTAI。
acceptable	【公式】ガス料金支払い
acceptable	人気の医療保険１位～５位を発表
unacceptable	Saisonクレジットはこちら
unacceptable	保険市場ja保険学資保険5～5位
unacceptable	貯蓄死亡保険ネット保険
acceptable	水漏れ修理を依頼
acceptable	普段の掃除では手の届かない所に
unacceptable	老後に必要な資金を今から蓄える個人年金保険をおすすめ。保険比較のことなら保険市場!
unacceptable	最新の山形マンション物件あり
unacceptable	紅麹コレステヘルプ/公式
unacceptable	ナイトミンの効き目は?
acceptable	福島市の賃貸物件情報サイト・賃貸マンション・アパート・一戸建ての物件掲載数が豊富。
unacceptable	【公式】住友不動産八重洲
acceptable	面倒な追い焚き配管の掃除はプロにお任せ
unacceptable	銀行インディード個人事業主掲載
unacceptable	【公式】Timee／タイミー隙間
unacceptable	東京會舘で結婚式をご検討中の方へ!東京・丸の内にあり続ける、人生に寄り添う「迎賓の場所」。
unacceptable	約100種の条件からあなたにマッチした白山市の賃貸アパートを選べる・石川県の物件多数掲載。
acceptable	働きたい時に働けて、すぐにお金がもらえるスキマバイトサービス／Timee(空いた時間にバイト)
acceptable	掃除のプロが家庭訪問。生活習慣病の原因を分解して解決いたします
unacceptable	楽天カードはどうやって作るいえば楽天カードが1枚に／新規入会＆ご利用で1ポイントプレゼント
unacceptable	地域包括支援センターの求人
acceptable	玉野市の賃貸物件情報サイト・賃貸マンション・アパート・一戸建ての物件掲載数が豊富。
unacceptable	人気駅から徒歩10分長野市賃貸戸建費用の問い合わせもカンタン！賃貸情報サイトCHINTAI。
unacceptable	高害獣駆除ネズミ
acceptable	レビュー投稿で最大500ptGET
unacceptable	30歳男性なら月々２，419円：保険期間10年、600万円コースの場合
acceptable	愛知県の物件多数掲載。一人暮らしやペット可などのテーマから選べる理想のお部屋探し。
unacceptable	弁理士を草取り値段
acceptable	【田川市】賃貸アパート情報
unacceptable	学生専用/楽天カードの作り方
acceptable	脱サラ」「独立」「開業」「起業」など、新しいことを始めるあなたを応援します!
acceptable	デジタル顕微鏡の専用ページ
unacceptable	収入保障定期保険どちら請求可能
unacceptable	賃貸・アパートを三重で探すなら
unacceptable	中津市の賃貸物件情報・一人暮らしやペット可などのテーマから選べる理想のお部屋探し。
acceptable	脱サラ」で独立・開業するなら
acceptable	掃除のプロが自宅で開業・起業|ハウスクリーニングのおそうじ本舗おそうじ本舗のフランチャイズはサポート・研修体制が充実。ハウスクリーニング業界未経験でも安心・安定して独立・開業・起業!
acceptable	群馬県の賃貸物件情報サイト・一人暮らしやペット可などのテーマから選べる理想のお部屋探し。
acceptable	オリックス生命のインターネット
acceptable	プロの商業カメラマンが多数登録
acceptable	ファインセーブ保険料はこちら
acceptable	【入会金・年会費無料】24時間・365日ご利用可能なオリックスクレジットのWEB完結ローン！
unacceptable	ビジネス個人事業主アイフル
unacceptable	県民共済 静岡中央共済は、静岡第一生命が運営しています。あなたの保険料はどのくらい？
unacceptable	法人向け個人事業主借り入れ
unacceptable	鳥取の賃貸マンション情報!一人暮らしやペット可などのテーマから選べる理想のお部屋探し。
unacceptable	セゾンプラチナビジネスカードなら新規入会&ご利用で12,000ポイントプレゼント
unacceptable	有料老人介護札幌
unacceptable	【公式】住友不動産水道橋
acceptable	結婚式場を見学したい方へ
unacceptable	三田市の介護求人がザクザクみつかる!グループホーム等様々な施設形態、勤務形態で求人検索可能
acceptable	【富里】賃貸・アパートを検索
acceptable	掃除の会社」ブランドで全国展開中のおそうじ本舗。全国約1,701店舗展開中!
acceptable	神戸市の賃貸物件情報サイト・一人暮らしやペット可などのテーマから選べる理想のお部屋探し。
acceptable	マタニティフォトの値段はこちら
acceptable	国内最大級の保険比較サイトで比べるとピッタリの引受基準緩和型保険が見つかる。
acceptable	赤ちゃんの撮影に最適な衣装
unacceptable	追蛇口の取り付け方方
acceptable	保険市場が選ぶ個人年金保険1位~3位
unacceptable	2022年がん保険ランキング
unacceptable	子供のための保険/人気の保険をランキング別に徹底比較!今、入るべき学資保険とは？
unacceptable	リスクを理解して将来へ備える貯蓄型終身保険株式会社：公式・資料請求もお申込みもこちらから
acceptable	芝生のシロアリの駆除
unacceptable	滋賀兵庫県介護求人
unacceptable	入院・特定112疾病への備えなど、気になる保障をパワーアップできる医療保険もカンタン申込み。
unacceptable	メディケア保険安いところ
unacceptable	【公式】御船町アパート物件あり
unacceptable	（公式）保険掛け捨てじゃない命
unacceptable	介護、通院死亡保険受取人他人
acceptable	ポルシェ カイエンの中古車探し
acceptable	ゼクシィ カウンター 広島で結婚式をご検討中の方へ!二次会や前撮り、指輪のご相談も可能です。
acceptable	【公式】Baby Kumon
unacceptable	様々な領域に強みを持つネズミ撃退法とのマッチング豊富なので安心。税理士を探すならミツモア!
unacceptable	利用金額の1％分ポイント貯まる
unacceptable	奈良市の賃貸マンション情報!一人暮らしやペット可などのテーマから選べる理想のお部屋探し。
unacceptable	児童養護施設の求人
acceptable	おそうじ本舗」/脱サラ・独立・開業なら
unacceptable	全国のシロアリの駆除、雨の日には洗濯物の乾燥機能が大活躍。便利な機能で生活をもっと快適に。
unacceptable	【公式】Timee／バイト橋本環奈
acceptable	全国のプロが登録中
unacceptable	壁設置の依頼なら平均排水管掃除相場評価からプロを選べるから安心の見積もりサイト【ミツモア】
acceptable	【タイミー】日雇いの求人
unacceptable	少年・おじさまと猫漫画も配信中
acceptable	介護職への転職を無料サポート
acceptable	エトヴォス/ミネラルファンデ
acceptable	癌保険どこが一番お得なの?
acceptable	掃除のプロ」が教える!おそうじ本舗のフランチャイズ
acceptable	公式ページはこちら
acceptable	【即日】申込める
acceptable	SPOOX/無料トライアル解約
unacceptable	楽天カードは新規入会&ご利用で7000ポイント・自分にぴったりの「使い分け」を見つけよう！
acceptable	ハイゼットトラックみつける
unacceptable	ベビー草取り値段
unacceptable	医療保険は病気やケガの入院、通院を一生涯保障いたします。30歳女性の場合の保険料
unacceptable	高崎市の賃貸アパート情報!一人暮らしやペット可などのテーマから選べる理想のお部屋探し。
unacceptable	がん保険ウィッシュ専用ページ/ウィッシュの評価は?・簡単1分保険料シミュレーション
acceptable	業務用／家庭用デスク切替器
acceptable	人気の生命保険を見比べたい
acceptable	おそうじ本舗」のフランチャイズオーナー募集が公式ブログで開始されています。
unacceptable	ネット申込みが多い保険は？
acceptable	挙式から披露宴まで、ワンランク上のウエディングをご提案。幸せが動き出したら、ゼクシィ！
acceptable	保険市場株価入れるがん保険
unacceptable	アンテナ水漏れ費用
unacceptable	ミニ探しなら【カーセンサー】
acceptable	【西条】賃貸・アパートを検索
acceptable	クレジットカードなら楽天
unacceptable	全国の業者が登録。条件に合った草刈り・芝刈り・除草(機械刈り)の見積もりが届く!
unacceptable	約100種の条件からあなたにマッチした前橋市の賃貸アパートを選べる・賃貸情報サイト CHINTAI。
unacceptable	2022年満期の保険1位~5位を発表
unacceptable	結婚式の相談、ウェディングの相談ならDパーク千葉にお任せください。無料相談はこちらから。
acceptable	積み立てておけばよかった。
acceptable	お宮参り着物レンタル
acceptable	セットメニューなら頼んでお得がいっぱい
unacceptable	介護福祉士資格の取り方・選び方でお困りですか?年収400万円以上などの詳細条件で検索可能。
unacceptable	公式オンラインエトヴォス神戸
acceptable	洗濯槽の汚れを徹底除去
acceptable	お風呂のカビ取り業者をお探しなら
unacceptable	東京住友不動産オフィスビル
unacceptable	事業資金個人事業主こちら
unacceptable	高額トイレつまり料金が心配なら、ミツモアで!実績・口コミから高評価のプロを選べるから安心。
acceptable	クーラー,窓,床などを清掃
acceptable	メディケア生命の定期保険/公式
acceptable	高知県の賃貸物件情報サイト・賃貸マンション・アパート・一戸建ての物件掲載数が豊富。
unacceptable	「清潔な住まいから快適な暮らしが始まる!」草むしり業者の業者を一括比較で探してみましょう。
unacceptable	50代以上に選ばれているシニア保険をランキング別に徹底エターナルベストパートナー葬儀保険可能
acceptable	60代におすすめの死亡(生命)保障
acceptable	福岡の賃貸物件情報を今すぐCHECK!ライフスタイルを豊かにする情報や最新の賃貸物件を多数ご用意
acceptable	水漏れの修理を業者に依頼
unacceptable	保険料が上がらず、入院や手術を一生涯保障する医療保険です。30歳女性の場合の保険料
unacceptable	定期死亡保険は、お財布に優しい保険料で安心の保障内容。比較なら保険市場
acceptable	約100種の条件からあなたにマッチした久留米の賃貸アパートを選べる・賃貸情報サイトならCHINTAI
unacceptable	楽天プレミアムカードはお得なサービスで海外でも使える・お得にポイントを貯めて、活用しよう
acceptable	フロアコーティングのリフォーム
unacceptable	銀行カードローン
unacceptable	【公式サイト】長野市賃貸戸建
acceptable	シニアの求人/事務職
unacceptable	お近くの蛇口修理業者
acceptable	プロに依頼/水道つまり修理
acceptable	【伊勢崎】賃貸・アパートを検索
acceptable	脱サラ」や「独立・開業」は、いまや珍しいことではありません。しかし、その道のりは決して平坦なものではありません。特に、新しい仕事の形を模索している人にとって、その仕事の内容は多種多様です。だからこそ、安心して独立・開業・起業!
acceptable	人気のバイトが即日融資可能!利用歴に応じて付与されるEXPでグレード特典を手に入れよう！
unacceptable	水道の詰まり料金をお得に
unacceptable	口約束で済ませると後々大きな問題に。行政書士に相談して、しっかり草刈り費用に残しましょう。
unacceptable	カーリースより車のサブスク・安全装備が充実した新車に乗ることが可能！
unacceptable	親切な税理士がイチからネズミ撃退法とのマッチング豊富なので安心。税理士を探すならミツモア!
unacceptable	定期保険ランキングなら
acceptable	掃除のプロがお掃除することで、ご依頼いただいたお客様は気持ち良くお料理ができます。
acceptable	20代～50代以上に人気の農協年金保険捨て死亡保険を比較。年齢と性別を入力して保険料比較も。
unacceptable	中古車ならプリウスα中古
unacceptable	子供の保険ならゆうちょ
acceptable	日本全国のリゾートバイト/短期もokな高時給ニセコバイト。休日は観光を満喫。
acceptable	お風呂場の黒カビを徹底洗浄
acceptable	香川県の賃貸物件情報サイト・一人暮らしやペット可などのテーマから選べる理想のお部屋探し。
acceptable	ご要望に応じて最適なプランをご提案。お気軽にお問い合わせください。
acceptable	石川の賃貸物件情報を今すぐCHECK!ライフスタイルを豊かにする情報や最新の賃貸物件を多数ご用意
unacceptable	楽天ETCの年会費サポート
acceptable	オリックス生命の死亡ファインセーブ保険料は万一のことがあった場合のこと、考えてみませんか？
acceptable	【田川郡】賃貸物件を探すなら
acceptable	掃除が仕事」のフランチャイズで独立
unacceptable	直売カーセンサー／分割払い購入
unacceptable	草むしり業者しょう
acceptable	ネズミ捕り・殺鼠剤の専門業者
unacceptable	【2022年医療保険個別年金保険】
unacceptable	【公式】住友不動産大崎
acceptable	マタニティフォト 姫路
acceptable	【魚住】賃貸・アパートを検索
acceptable	福山市のマンション賃貸なら
acceptable	保険市場／保険相談おすすめ
acceptable	210系クラウン中古車検索
unacceptable	短期バイト求人多数/ヒロシマヤ/業界最大級の求人数/専門性の高いサポート/まずは無料登録
unacceptable	エトヴォス公式ファンデーション
unacceptable	初期費用の問い合わせもカンタン・ライフスタイルを豊かにする熊本市アパートサイトならCHINTAI
unacceptable	肌に良いファンデーション
acceptable	掃除業者の仕事は体力勝負だ!」そう思っている方へ
acceptable	ポスター作成をプロに丸投げ
unacceptable	ミニしまセンカー
unacceptable	少額で申し込める女性医療保険
acceptable	ハウスクリーニングの業者なら
acceptable	サボンモーヴの店舗紹介動画
acceptable	持病があっても入れる保険も
unacceptable	お近くの蛇口水漏れ修理
acceptable	ベストな駆除・防除ネズミ退治
unacceptable	入院や手術を繰り返した場合も安心！保険のきかない先進医療も通算6.6糖尿病医療保険円まで保障
acceptable	オリックス生命の終身保険RISE
acceptable	目指せ【声優デビュー】
acceptable	夜間&土日祝日でもご利用可能
acceptable	日産リーフの中古車探し
unacceptable	寒い季節にシロアリの駆除の日には洗濯物の乾燥機能が大活躍。便利な機能で生活をもっと快適に。
acceptable	メディケア生命の医療保険/公式
unacceptable	個人事業主借り入れファイナンス
unacceptable	ゼクシィ 結婚
acceptable	掃除のプロが家庭や店舗まるごとを掃除!
acceptable	約100種の条件からあなたにマッチした長崎市の賃貸マンションを選べる・【更新頻度最短5分】
acceptable	充実／DMMブックス
unacceptable	入院一時金保険生命
unacceptable	出会える出会い系アプリなら
unacceptable	訪問介護サービス提供責任者OK
acceptable	人の死亡(生命)に備える保険
unacceptable	水漏れ費用・害獣駆除
unacceptable	セゾンクレジットカード・起業直後でもビジネスサポート。限定優待やサービスで業務を円滑に。
unacceptable	【新居浜市アパート】公式サイト
acceptable	【ゼクシィ】式場探し
acceptable	お客様満足度97.9%。スマホとネット環境があればアプリ住友個人年金捨て死亡保険をチェック
acceptable	自動車保険の等級引継ぎでお困りですか?インターネットからのお申し込みで最大10,500円割引。
acceptable	丸亀市の賃貸物件情報サイト・一人暮らしやペット可などのテーマから選べる理想のお部屋探し。
acceptable	大阪で介護士の求人・転職なら介護ワーカー 。専任のアドバイザーがぴったりの求人をご紹介。
acceptable	掛け捨て型の生命保険ブリッジの死亡保険終身おすすめこちら／必要な保険金額と保険期間が選べる
acceptable	掃除のプロが自宅で訪問介護サービス!ご家庭で面倒なこと・おそうじ本舗の訪問介護をご利用ください
unacceptable	結婚式会場以外もフォローが充実。二次会や前撮り、指輪のご結婚式相談所神奈川はこちらから。
acceptable	綺麗な状態の写真をたくさん撮る
unacceptable	賃貸都城アパート情報
acceptable	理想の中古車を探す
unacceptable	プロパンガス従量料金平均
unacceptable	諫早の賃貸アパート情報!毎日豊富な新着物件を様々な条件で探せる
acceptable	人気の保険をまとめて資料請求
acceptable	都市ガスメーター手続き
acceptable	富山で賃貸をみつけよう
acceptable	法人様法人消費者金融・事業拡大・資金繰り・生産費用など様々な利用用途にお使いいただけます。
unacceptable	倉吉市の賃貸アパート情報!一人暮らしやペット可などのテーマから選べる理想のお部屋探し。
unacceptable	オフィス事務所BCP
unacceptable	【看護師】高時給の給料求人
unacceptable	死亡保険入るべきかべき？
unacceptable	Makuake応援しよう.
unacceptable	選んで安心／新医療保険終身Ａ
acceptable	はじめてのお宮参り写真は一生の思い出に。衣装も充実！はじめてでも安心サポート
acceptable	0保険市場デメリット
acceptable	脱サラ」のフランチャイズ
acceptable	安心安全」「安定経営」のおそうじ本舗
unacceptable	【がんほけん】がん保険を賢く選んであなたに合ったプランを、がん保険の比較なら保険市場。
acceptable	キッチン排水管の詰まりをプロが解決
acceptable	病院・クリニックの看護師求人
unacceptable	お部屋探しの厚木賃貸の物件あり／家賃相場・学校名で検索：ライフスタイルに合ったお部屋探し
acceptable	住友不動産販売御茶ノ水店・充実の設備/災害対策/24時間直接管理など魅力的なオフィスビル多数
unacceptable	「週バイト1日」
unacceptable	お腹が空いたけど、バイトがしたい放題!スキマ時間にすぐ働けてすぐお金がもらえる！
unacceptable	生命保険／公式サイト
acceptable	佐野市の賃貸アパート情報
unacceptable	クレジットカードなら楽天ペイ。楽天経済圏での生活をお考えなら、楽天カードで決まり！
unacceptable	タイミー福山市。
acceptable	小学5年生の勉強を応援/公式
unacceptable	蛇口の水漏れ修理駆除業者
unacceptable	生活の質に直接影響する水のトラブル。水漏れやつまり、蛇口交換や人探し値段などご相談下さい。
unacceptable	通院が出る保険歳女性
unacceptable	【公式】Timee／CM放映中！すきな時間、すきな場所、タイミー福山市。最短1時間で働ける！
acceptable	自動車保険が初めての方も他社から乗り換えの方も！おトクな保険料と安心事故対応
unacceptable	パパ・ママ生命保険ネット見積り
unacceptable	【保険市場】定期保険、jaメディフル、養老保険などさまざまな保険をランキング形式で比較可能
unacceptable	オススメの高圧洗浄機15選
acceptable	{location(city)}で
unacceptable	【公式】鳥取ガスガス料金支払い
acceptable	栃木の賃貸/女性一人暮らし
unacceptable	カイゴワーカーを法人価格で購入。高時給の求人情報を知りたい方へ：無料登録で非公開求人も
acceptable	料金体系の確認はこちらから
acceptable	オフィスビルのBCPなら
unacceptable	年齢返戻率高い学資保険
unacceptable	日本橋オフィスビル空室
acceptable	保険市場が保険市場を徹底比較
unacceptable	5医療保険入院日額15000円選ぶ
unacceptable	鍵交換を自分でしたい方へ
unacceptable	人気駅や様々な検索方法から自分に合った物件を・エリア香川県丸亀市アパートからも探せる！
unacceptable	【85歳】保険は？オリックス生命
acceptable	フォームメールでのお見積りはこちら
acceptable	大手だから安心／エアコンクリーニング
acceptable	【岡山】部屋探しでお困りなら
acceptable	掃除」で起業するなら
unacceptable	水漏れのはいすいこうのつまり
acceptable	バッグ・インナーバッグ／セキュリティグッズ／CD・DVD・ブルーレイ切替器など多数取り揃え
unacceptable	保険5位～5位を発表
unacceptable	終身保険ライズ／掛け終身死亡保険ではなく貯蓄性もあるため、教育資金等をトータルでサポート
acceptable	80歳からの保険選びでお悩みの方へ。オリックス生命の医療保険・生命保険をまとめて資料請求
acceptable	オリックスクレジットのカードローンは即日融資も可能・「その決断、後回しで大丈夫ですか？
acceptable	脱サラ」や「独立・開業」などのfc本部によるサポート体制も充実。ハウスクリーニング業界未経験でも安心・安定して独立・開業・起業!
acceptable	【茂原】賃貸・アパートを検索
acceptable	おそうじ本舗」ブランドで独立
unacceptable	出会い アプリ
acceptable	床掃除代行なら【おそうじ本舗】
unacceptable	ジューク日産中古
acceptable	一時払い終身保険相続を保障
acceptable	ネットで申し込める女性医療保険
unacceptable	東京會舘のブライダルフェア・見学予約はこちら。幸せウエディングを叶える情報満載
unacceptable	税理士ネズミ退治意外と安い
unacceptable	お部屋探しの条件は？人気のテーマから物件や、簡単にオンライン相談・網走市賃貸予約が可能！
unacceptable	全車保証車/web完結のカーリース-頭金0円
acceptable	掃除のプロが店舗を掃除。綺麗な店舗でお客様も快適に。
acceptable	掃除のプロが高収入になる
acceptable	掃除のプロが店舗一新」
acceptable	結婚式場相談は【千葉県】で
acceptable	【フェア予約】東京會舘
acceptable	【周南市】賃貸アパート情報
acceptable	グループホームの求人、転職なら介護ワーカー。給与・休暇に妥協をしない転職なら
acceptable	プリウスを購入検討中の方へ
acceptable	おしゃれなタントをご用意
acceptable	終身保険RISE/ライズ
acceptable	安心して浴室クリーニングをお任せください
unacceptable	フローリング業者円~
unacceptable	医療保険71才万円まで保障
acceptable	【米子】賃貸・アパートを検索
acceptable	窓掃除代行【おそうじ本舗】
unacceptable	【セゾンカード】簡単申し込み
unacceptable	【バイト1日体験】のバイトなら
unacceptable	介護職員初任者研修無料ケア
acceptable	マタニティフォト/福岡
unacceptable	ゼクシィ相談カウンター紹介相談
unacceptable	掛け捨て死亡保険
unacceptable	楽天プレミアムカードなら新規入会&利用で7000ポイントプレゼント・100円につき1ポイント貯まる!
acceptable	郡山市の物件多数掲載。ライフスタイルを豊かにする情報や最新の賃貸物件を多数ご用意
acceptable	ノアの中古車探し・60秒で見積り依頼【名前・メール・郵便番号だけ】
acceptable	週1~週4までのお仕事も充実
unacceptable	住友不動産神田オフィスビル
unacceptable	満85才まで入れる死亡保険、医療保険、がん保険、就業不能保険の4つの保障からお選びください。
acceptable	ロードサービスを自動でセット
acceptable	おそうじ本舗」「おそうじ本舗のフランチャイズ」「おそうじ本舗のフランチャイズチェーン」と呼ばれ、全国で展開中!
unacceptable	人気5位～5位を発表
unacceptable	約100種の条件からあなたにマッチした高山市の賃貸アパートを選べる・賃貸情報サイト CHINTAI。
unacceptable	全国の排水管掃除方法が見えるプロだから安心。チャットで事前に相談も。最短1分で簡単見積もり
acceptable	富山市の賃貸/女性一人暮らし
unacceptable	ビジネスローンは個人事業主でも最短即日融資が可能!フリーランスの方に人気のビジネスローン
acceptable	生命保険どれがいい?
acceptable	ウルトラファインバブル洗浄
unacceptable	鍵シロアリ駆除一軒家値段せます
unacceptable	新車サブスクカーリース1年
acceptable	選んで安心の医療保険はこちら
unacceptable	病院内のお仕事探しは、看護師転職専門の求人サイトが断然おすすめ!（今すぐチェック）
unacceptable	保障充実の保険はどこ?
acceptable	宮崎の物件多数掲載。最新の空き状況や詳細情報がスマホで確認できる
acceptable	掃除のプロが家庭を掃除することで、日頃の落としきれない汚れを徹底的に洗浄します。汚れやカビ、ニオイを取り除いて、キレイで快適な生活を送りませんか?
unacceptable	【公式】資金調達法人
unacceptable	コレステロールサプリメント試し
unacceptable	鳥取の電気の引っ越し手続き
acceptable	おそうじ 本舗 名古屋
unacceptable	【公式】Timee／タイミーバイト
unacceptable	コープ共済連たすけあいでお葬式
acceptable	オンライン、店舗、訪問と希望にあった相談方法を選択。80社以上の保険会社から最適なプランを。
unacceptable	個人事業主収入証明融資
unacceptable	入院や手術を繰り返した場合も安心！保険のきかオリックス生命終身保険rise、新キュア・レディ
unacceptable	不用品大型家電配送
acceptable	【死亡保険】おすすめのシニア保険をランキング。お金の増やし方と性別を入力して保険料比較も。
unacceptable	今、生命保険何歳まで0を発表
unacceptable	個人なら確定申告の個人事業主カードが困難？個人向けのローンならアイフルビジネスファイナンス
acceptable	マタニティーフォトの撮影なら
acceptable	安心して独立・開業/全国1,701店舗
acceptable	宇都宮市/写真館の予約
acceptable	キャラバンの中古車探し
acceptable	公式/メディケア生命の医療保険
acceptable	介護ワーカー広島県広島市求人
unacceptable	ミツモアには配管のシロアリの駆除は汚れやすいのに結構大変!プロに頼めば隅々までピカピカに。
unacceptable	意匠・素材の弁理士に相談
acceptable	【公式通販】ベビコレ
acceptable	AGA治療で人気のクリニック
unacceptable	浴室・トイレの水漏れ修理・修理してミツモアには顔や口コミ、評価が見えるプロなので安心です。
acceptable	ハウスクリーニングの仕事内容
unacceptable	貝塚土地価格ネットワーク
acceptable	≪WEB予約≫七五三キャンペーン
unacceptable	保険市場が保険相談キャンペーンを実施。webや電話で申し込まれた保険商品をランキングでご紹介
acceptable	お客様満足度97.9%。ゆうちょ個人年金保険でおきたいたします。性別を入力して保険料比較も。
acceptable	保険市場のオンライン保険相談のご予約はこちら
acceptable	≪見積もり無料≫フローリング・床の張り替えや補修、コーティングのプロから見積もりが届く
unacceptable	ネズミ撃退法撮り
unacceptable	【公式】介護ワーカー：介護の姫路看護助手持ちの方必見。プロがあなたの転職活動を徹底サポート
unacceptable	甲賀市の賃貸物件情報を今すぐCHECK!毎日豊富な新着物件を様々な条件で探せる。
unacceptable	簡単1分保険料シミュレーション
unacceptable	充実の設備／災害住友不動産六本木グランドタワー／24時間直接管理など多彩なイベントに対応。
unacceptable	鍵が無くした方へ/Dブック
acceptable	【住友不動産】の注文住宅
unacceptable	全国対応の看護助手正社員の求人情報が満載。転職のプロが無料でサポート。詳細条件で検索可能
acceptable	脱サラ」や「独立・開業」などの人生の節目で、ご家庭や店舗/オフィスの整理を検討中の方へ。ご家庭・店舗/オフィスの片付けはプロにお任せ!プロならではの技術と道具で、不要な品を徹底的に洗浄します。汚れやカビ、ニオイを取り除いて、キレイで快適な生活を送りませんか?
unacceptable	看護助手のパート情報掲載。専任のアドバイザーがあなたの転職をお手伝いします
unacceptable	楽天プレミアムカードなら新規入会&ご利用で7000ポイントプレゼント・券面デザインが選べる
unacceptable	岡山でお部屋探し!賃貸マンション・アパート・一戸建ての物件掲載数が豊富。
acceptable	貯蓄性保険ランキング
unacceptable	死亡オリックス告知書（公式）
unacceptable	【公式】オリックス生命緩和型
unacceptable	公式-終身一時払い終身保険相続
unacceptable	月払保険料769円で万が一の時に500万円死亡保険終身おすすめキャンドル。告知事項はこちらで確認
unacceptable	個人事業主ビジネスローン個人事業主低金利機関のATMからご利用可能・事業者向けビジネスローン
acceptable	藤枝市賃貸アパート情報
unacceptable	大宮不動産売却売却
unacceptable	比べ水漏れ費用依頼
acceptable	WEBカメラの導入を検討中の方へ
acceptable	新たなチャレンジを応援
unacceptable	死亡保険/安い掛け捨てタイプも
unacceptable	化した貯蓄型終身保険
acceptable	掃除のプロ」が専門機材を使用し、普段お掃除がしにくい箇所もピカピカに!
unacceptable	セゾンプラチナビジネスアメリカンエキスプレス・自動マイル移行サービスも無料。
acceptable	【苫小牧】賃貸・アパートを検索
unacceptable	アルティモイストライン
acceptable	新潟市の賃貸情報なら
unacceptable	長崎県アパート物件
unacceptable	東京の売却事例売却のご相談・査定でギフト券1万円分プレゼント
unacceptable	鹿児島市の賃貸マンション情報!ライフスタイルを豊かにする情報や最新の賃貸物件を多数ご用意
acceptable	人気の死亡保険を見積りで比較
unacceptable	介護職の求人・転職なら介護ワーカー 。また転職サポートを使えばスムーズに転職ができます。
unacceptable	福岡県田川市の新築戸建て情報はこちらから・毎日豊富な新着物件を様々な条件で探せる。
acceptable	スタジオアリス 七五三
unacceptable	事業会社起こす資金
unacceptable	蛇口・トイレの水漏れ修理取付
unacceptable	人気スパイ教室漫画
unacceptable	バイトアプリおすすめ探しなら
acceptable	公式hp限定 お得なパックプランあり
acceptable	日雇いバイトアプリ
unacceptable	ブライトエイジシミ公式通販
unacceptable	結婚式場相談、ウェディング相談なら東京で。特典付き紹介会場数多数。
unacceptable	来店不要の自動車通販／分割払い
acceptable	オフィスにマッチする業務用タイプからインテリアに馴染むおしゃれな薄型壁寄せタイプまで！
acceptable	年代別20~50代以上の人が気になった個人年金保険をチェック!相談や見直しなら保険市場へ
unacceptable	定期死亡保険をまとめて資料請求
acceptable	掃除機/家庭用シュレッダーなら
acceptable	オリックス生命の資料請求は最短即日発送。ネットで申込める保険を検討中の方に特におすすめです
acceptable	8×8住友不動産注文の特別仕様
acceptable	ハウスクリーニングのプロが専用器材・洗剤を使用しスピーディーかつ丁寧に仕上げます
unacceptable	お腹が空いたけど、バイトがしたい放題!メンドウな面接や履歴書も一切必要ありません！
acceptable	車任意保険で相手や自分のケガや車もしっかり補償。ネットで24時間無料お見積もりが可能です。
acceptable	エアコン洗浄実績20年以上/安心の支援体制
acceptable	掃除のプロ」が主宰するハウスクリーニングのおそうじ本舗
acceptable	掃除のプロが売上1番!おそうじ本舗の説明会は、地域や年代に応じたケースの事例をご紹介。
unacceptable	≪依頼料0円≫最大0名の張りスズメバチの巣・卒業式など学校行事撮影のカメラマンを見つけよう
unacceptable	オリックス生命の死亡保険ブリッジは、お手頃な保険料でご提案します・1分で保険料試算
unacceptable	【2022年学資保険教育資金保険】
acceptable	【依頼者120万人突破】無料で最大5社のネズミ駆除業者から見積もり
acceptable	【筑西】賃貸・アパートを検索
unacceptable	112歳女性の場合の保険料／お手頃な医療保険見直し。充実の保障で保険料はずーっとあがらない！
unacceptable	【公式】の宮崎大学アパート
acceptable	申し込みはこちら
acceptable	【ライズ】生命保険・死亡保険
unacceptable	約100種の条件からあなたにマッチした松山市の賃貸アパートを選べる・愛媛県の物件多数掲載。
unacceptable	学生専用／おetc申し込み楽天
unacceptable	敷金礼金ゼロの物件あり／家賃相場・学校名で検索：ライフスタイルに合ったお部屋探亀山市賃貸
acceptable	セットメニューパック
acceptable	ネットによる申込みが可能
acceptable	【小林製薬】眠る力シリーズ
acceptable	仙台の日払いバイト求人情報はこちら
acceptable	掃除のプロが店舗をお掃除。おそうじ本舗
acceptable	事業者ローンのお申込みはこちら
acceptable	ゼクシィ／式場見学予約はこちら
acceptable	壬生の賃貸物件情報を今すぐCHECK!ライフスタイルを豊かにする情報や最新の賃貸物件を多数ご用意
acceptable	掃除のプロがフランチャイズで独立・開業|ハウスクリーニングのおそうじ本舗おそうじ本舗のフランチャイズはサポート・研修体制が充実。ハウスクリーニング業界未経験でも安心・安定して独立・開業・起業!
acceptable	【香美市】賃貸・アパートを検索
acceptable	おそうじ本舗のガラスクリーニング
acceptable	地域密着」ブランドで展開中
acceptable	【磐田】賃貸・アパートを検索
unacceptable	日本橋住友不動産事務所
unacceptable	働き須賀川単発バイト時に働けて、すぐにお金がもらえるスキマバイトサービス／Timee(タイミー)
unacceptable	業界最安水準の保険料
unacceptable	学資保険とは?人気の学資保険を徹底比較・万が一のときに困らないように備えよう！
unacceptable	ネット保険医療保険保険市場
unacceptable	100万円融資個人向けローン
unacceptable	寒河江市アパート診断
unacceptable	生命保険のおすすめ20代
unacceptable	60歳生命保険料保険は?
unacceptable	【公式】Timeeタイミー隙間
acceptable	【おすすめのセール対象作品が充実】人気デザート漫画無料で試し読み！人気少年・青年漫画が充実
acceptable	七五三のご予約はコチラ
acceptable	【新車月額払い】新車のサブスク
unacceptable	2022年版国保と社保の違い?
acceptable	掃除のプロが店舗をピカピカに!
unacceptable	【神戸市】介護の非公開求人
acceptable	鍵の紛失・修理は最大5名のプロに依頼。本体の修理やシリンダーの交換など幅広く対応。
acceptable	80歳から入れる医療保険一覧
acceptable	掃除の会社」として独立開業しませんか?
acceptable	ハウスクリーニング/壁紙張り
acceptable	小学校一年生向けの通信教育。無料資料請求でもれなく全員にお得なプレゼント
unacceptable	賃貸アパート 薩摩川内市
unacceptable	ETCカードは楽天市場でお得
acceptable	《笑顔》をもっと大切に
acceptable	赤ちゃん写真撮影の予約はこちら
unacceptable	新車で中古車車定額
unacceptable	初期費用の問い合わせも必見！鳥取県賃貸・家賃相場の賃貸物件を探すなら【スマホでCHINTAI】
unacceptable	オリックスのライズ/公式
unacceptable	ビジネスの中枢を担う「住友不動産芝公園」、2,2坪、2フロア最大2,2坪超の大型オフィスビル。
acceptable	【長岡京市】賃貸アパート情報
acceptable	ハウスクリーニングで独立・開業をお考えなら
acceptable	掃除のプロ」がお掃除業を開業
unacceptable	アイフルの事業者ローン/口コミ
unacceptable	賃貸マンション・熊本市南区アパート相場の検索も可能。学割適用の物件・ペット可など多数掲載
acceptable	え、アプリ開発が誰でも簡単に？
acceptable	おそうじ本舗の収入源をご紹介
acceptable	【高山】賃貸・アパートを検索
acceptable	fcへの加盟をご検討中の方へ
acceptable	日雇いバイトを探すなら求人情報サイトが断然おすすめ!面接や登録会、履歴書は必要なし。
acceptable	【安芸高田市】賃貸アパート情報
unacceptable	【個人事業主】運転資金をご融資
acceptable	眠りが浅いというお悩みに
unacceptable	専門介護福祉士給料
unacceptable	保障を自由にカスタマイズ
acceptable	香川の賃貸物件情報を今すぐCHECK!ライフスタイルを豊かにする情報や最新の賃貸物件を多数ご用意
unacceptable	翻訳WEBサイト英語~
acceptable	保険料は一生涯あがりません
unacceptable	【公式】燕三条アパート
unacceptable	全車保証車のカーリース-頭金０円
acceptable	人気小説をスマホでイッキ読み
unacceptable	おすすめの葬祭保険は?葬儀保険なら保険金を葬儀費用に充てらる
unacceptable	初期費用の問い合わせもカンタン・ライフスタイルを豊かにする福井県賃貸サイトCHINTAI。
acceptable	人気レッスン満載／220時間の研修を受けた質が高いインストラクターも、全員女性で安心！
acceptable	楽天プレミアムカード
unacceptable	【福井県坂井市アパート】
acceptable	【野々市市】賃貸アパート情報
unacceptable	エトヴォス【公式サイト】
acceptable	オリックス生命の医療保険(公式)
unacceptable	40代におすすめのがん保険
unacceptable	長崎県大村市の新着アパート情報を毎日更新!最新の空き状況や詳細情報がスマホで確認できる
unacceptable	【スキマ】のバイトなら広島
acceptable	約100種の条件からあなたにマッチした土佐市の賃貸アパートを選べる・賃貸情報サイトならCHINTAI
unacceptable	不動産売却ならカウカモ！あなたの原野売買のライターが取材／その魅力をアピールします
unacceptable	尼崎 デイサービスの求人、転職なら介護ワーカー。転職サポート登録で非公開求人もご紹介
acceptable	住友不動産六本木ヒルズの式場
acceptable	初回購入なら90日間無料なので、映画／アニメ／ドラマなど、シリーズのイッキ見も可能。
unacceptable	関介護ワーカーとは
acceptable	床、排水溝、網戸、窓掃除なら
acceptable	ミライースの中古車探し
acceptable	福島の賃貸物件情報を今すぐCHECK!ライフスタイルを豊かにする情報や最新の賃貸物件を多数ご用意
acceptable	簡単60秒で無料登録！CTO・技術顧問・エンジニアの方を募集中！
unacceptable	【シミュレーション】人気引受基準緩和型保険死亡保険を徹底比較。あなたの保険選びをサポート!
unacceptable	東京の松江不動産売却するならカウカモ！プロがマンション売却をエスコート
unacceptable	1時間タイミー日雇い
acceptable	簡単便利なオンライン依頼
unacceptable	カーリースより約3年早い
unacceptable	熊本の一人暮らし物件掲載数が豊富。賃貸情報サイトならCHINTAI
unacceptable	岡山土地相場で住宅住友不動産販売【公式】
acceptable	ゼクシィで式場探しをサポート!ブライダルフェアへ行くと結婚準備がグッと進む
unacceptable	がん抗がん剤費用保険の相談などを手厚く保障いたします!女性保険の相談や見直しなら保険市場へ
acceptable	スマイルゼミ/年中料金
acceptable	セラミドスキンケア、肌への負担を減らすミネラルメイク、洗顔、保湿ケア、美白、保湿化粧品選び方ガイド
unacceptable	CHINTAI／寒河江市アパート
acceptable	介護職で働きたい方へ
unacceptable	人気・安い・個人年金個人年金保険の人が気になった保険をチェック！相談や見直しなら保険市場へ
unacceptable	ネットでカンタン資料請求＆お申込み！オリックス生命の入院医療保険料のチェックはコチラから
acceptable	ゼクシィ/エリア検索
unacceptable	【公式】スマホで燕市賃貸
acceptable	鳥栖市の賃貸物件情報サイト・一人暮らしやペット可などのテーマから選べる理想のお部屋探し。
acceptable	お申し込みから最短1週間でお届け可能！大人気の楽天カードマイナポイントを選ぶなら楽天カード
unacceptable	ストア／エトヴォス
unacceptable	満期の保険1位~5位を発表
acceptable	掃除のプロが家庭や店舗の外壁をピカピカに
acceptable	サッシクリーニング」とは、ガラスに付いた手アカやヤニ、砂ボコリまで徹底的にキレイにするサービスです。お掃除が大変なサッシの細かい汚れもお任せください。
acceptable	タブレットで学ぶ小学生通信教育
unacceptable	新車のリースよりもお得に。新車のサブスクが利用できる「直売カーセンサー」です。
acceptable	持病がある方も入りやすい一生涯保障の医療保険。
unacceptable	新規入会＆利用で５,000ポイント
unacceptable	横手賃貸一人暮らし物件
acceptable	年会費永年無料／学生のクレジットカードデビューは楽天カードアカデミー
acceptable	おそうじ本舗」加盟店募集
unacceptable	公式ビジネスローン年利
acceptable	介護施設探しでお困りなら、名古屋の介護ワーカーに相談。転職サポート登録で非公開求人もご紹介
acceptable	いい保障を見つけよう！オリックス生命のお申込みはWEB完結。今、申込めます。
acceptable	未使用のHonda中古車を探す
acceptable	持病や入院・手術の経験がある方も加入しやすい一生涯保障の医療保険／キュア・サポート・プラス
unacceptable	持病があって死亡医療保険通院
unacceptable	オリックス生命Official
unacceptable	住友不動産/建物サービス
acceptable	広島市の賃貸物件
acceptable	単発バイト登録にすぐ働けてすぐお金がもらえる！メンドウな面接や履歴書も一切必要ありません！
unacceptable	お近くの浄水器設置
unacceptable	高齢者生命保険80歳以上生命
acceptable	【ブライトエイジ トライアル】化粧水・乳液状美容液・洗顔料・シワ改善エッセンス4点セット
unacceptable	設備充実×安心安全住友不動産賃貸オフィスや賃事務所を条件に合わせて検索できる公式サイト
acceptable	神奈川の賃貸物件情報を今すぐCHECK!賃貸マンション・アパート・一戸建ての物件掲載数が豊富。
unacceptable	【公式】アイフルビジネスローン
acceptable	【桜井市】賃貸アパート情報
unacceptable	ネット専用保険総合医療保険
acceptable	おそうじ 本舗 京都
unacceptable	一戸建て売却
acceptable	七五三写真スタジオ アリス
acceptable	クロスビーの中古車探し
unacceptable	事業資金借りる事業者ローン
unacceptable	【掛け捨て死亡保険】おすすめの掛け捨ての死亡保険を比較。年齢と性別を入力して保険料比較も。
unacceptable	設備充実×安心安全の住友不動産新宿住友ビルや賃事務所を条件に合わせて検索できる公式サイト
unacceptable	公式-終身保険おすすめ終身保険
unacceptable	福井市の賃貸ペット可
acceptable	介護福祉士の受験資格取得なら
acceptable	掃除のプロが安心集客
acceptable	島根県の賃貸物件情報サイト・賃貸マンション・アパート・一戸建ての物件掲載数が豊富。
acceptable	安い死亡保険をお探しなら
unacceptable	全国の業者が登録中!最大5社から届く見積もりを比較して、オトクに依頼しよう。
acceptable	松江市/写真館の予約
acceptable	ハウスクリーニング」のおそうじ本舗
unacceptable	【公式】バイト橋本環奈
unacceptable	事務所事務所BCP
acceptable	≪見積もり無料≫水漏れ修理のプロから見積もりが届く!まずはお試しください。
acceptable	事務・データ入力・コールセンター受電などの人気の求人満載！あなたのお仕事探しを応援します
acceptable	ハウスクリーニングのプロが専用機材・洗剤を使用し、スピーディーかつ丁寧に汚れを落とします
acceptable	住宅展示場の検索ができる
unacceptable	賃貸マンション千葉賃貸物件
acceptable	オリックスクレジットは借入れ時、借換え時の保証料が無料!」お金を理由に諦めてしまう前に
unacceptable	介護職の求人・転職なら介護ワーカー 垂水区。専任のアドバイザーがぴったりの求人をご紹介。
acceptable	静岡市の賃貸物件情報サイト・賃貸マンション・アパート・一戸建ての物件掲載数が豊富。
acceptable	熊本の賃貸物件情報を今すぐCHECK!ライフスタイルを豊かにする情報や最新の賃貸物件を多数ご用意
unacceptable	配管ののつまりが始まるこれから。ミツモアで!実績・口コミから高評価のプロを選べるから安心。
unacceptable	毎日豊富な新着物件！知多市賃貸・家賃相場の検索も可能。学割適用の物件・ペット可など多数掲載
unacceptable	法人向け絶対通るローン。アイフルビジネスファイナンス。5時間申込み受付・至急の借入れに対応
unacceptable	【持病】があっても入れますか？
unacceptable	【公式】伊佐市賃貸.CHINTAI
acceptable	【伊那市賃貸物件情報サイト】
unacceptable	古くから発酵食品として親しまれている紅コレステロールサプリメントのパワーをお試し下さい
unacceptable	【保険料シミュレーション】性別と年齢でオリックス保険ライズの保険料をチェックは上がりません
acceptable	理想のマイホームに
acceptable	エクシーガの中古車探し
acceptable	掃除のプロ」が経営をサポート
unacceptable	カーリースより車のサブスク・メンテナンスフルパッケージが受けられる
acceptable	東京の豊洲マンション売却するならカウカモ！プロがマンション売却をエスコート
unacceptable	83歳でも入れる医療保険方へ
acceptable	ケアマネージャーを目指すなら
unacceptable	人気の生命保険1位～5位を
acceptable	長岡の賃貸物件情報を今すぐCHECK!賃貸マンション・アパート・一戸建ての物件掲載数が豊富。
acceptable	レンジフード交換業者を比較
unacceptable	【5人に1人】2025年には65歳以上の高齢者で認知症を患って頚がんはオンラインで無料相談
acceptable	×/× ×/× ×/× ×/× ×/× ハウスクリーニングのおそうじ本舗
acceptable	おそうじ本舗のクーポンはこちら
unacceptable	中古車リース、1年で1年で
unacceptable	ビジネスの中枢を担う「住友不動産上野」、2,2坪、2フロア最大2,2坪超の大型オフィスビル。
unacceptable	最短1分で見積もりが届く
acceptable	姫路の賃貸物件情報を今すぐCHECK!賃貸マンション・アパート・一戸建ての物件掲載数が豊富。
acceptable	最大５社から見積もりがすぐ届く
unacceptable	水道蛇口交換/ホームセンター
unacceptable	老後の資金を確実に備えるなら個別年金保険の認知症を患ってる人は5人に1人と推察されています。
unacceptable	面倒な手続き・作業は全て丸投げ!口コミ評価からプロを選べる安心の見積もりサイト【ミツモア】
acceptable	【入会金・年会費無料】24時間・365日ご利用可能なオリックスクレジット即日のWEB完結ローン！
acceptable	ETVOS／ベストコスメ受賞のスキンetvosファンデーション口コミ。肌を保湿するセラミド成分配合
unacceptable	【最短当日】すぐにお金を借りる
acceptable	【公式】iPhone11アクセサリー
acceptable	\おそうじ本舗は全機種対応/
unacceptable	ETCカードの作り方/楽天流
unacceptable	生協生命保険べき
acceptable	掃除のプロが掃除の本領を発揮するおそうじ本舗
unacceptable	床修理費用槽クリーニング
unacceptable	jaメディフル5年最新ランキング
acceptable	アイシャドウ／etvosスターター
unacceptable	下関市の賃貸アパート情報!一人暮らしやペット可などのテーマから選べる理想のお部屋探し。
unacceptable	低予算で車を検討している方へ。頭金0円でリース車契約が利用できる「直売カーセンサー」です。
acceptable	壁紙張り替え・修理・修復なら
unacceptable	【公式】宇和島賃貸.CHINTAI
acceptable	もう1枚のカード作成はこちら
acceptable	シンク掃除代行をお探しなら
unacceptable	甲府市の新築戸建て情報はこちらから・毎日豊富な新着物件を様々な条件で探せる。
acceptable	【ケアマネ】転職・求人情報
unacceptable	【単発バイト募集中!テレビCMで話題「今日なんにもやってないじゃん…私。
acceptable	掃除のプロがおそうじ本舗のフランチャイズで独立・開業・起業|ハウスクリーニングのおそうじ本舗おそうじ本舗のフランチャイズはサポート・研修体制が充実。ハウスクリーニング業界未経験でも安心・安定して独立・開業・起業!
acceptable	【太田市】賃貸アパート情報
unacceptable	働きバイト橋本環奈時に働けて、すぐにお金がもらえるスキマバイトサービス／Timee(タイミー)
unacceptable	メディケア生命の死亡保険「メディケア生命」は、保険料が一生涯上がりません!詳細はこちら。
acceptable	玉野市の賃貸物件情報サイト・一人暮らしやペット可などのテーマから選べる理想のお部屋探し。
unacceptable	Saison credit Card
unacceptable	看護師・准看護師の求人情報はこちら【兵庫】専任のアドバイザーがあなたの転職をお手伝いします
acceptable	ブライダルフェアで挙式をご検討中の方へ!エリアや日付で簡単検索/理想の結婚式場を探そう
unacceptable	タイミー 福山市の情報がわかる!テレビCMで話題「今日なんにもやってないじゃん…私。
acceptable	【米沢市】賃貸アパート情報
acceptable	マタニティフォト 鹿児島
acceptable	【東京會舘】見学予約
acceptable	和歌山市/写真館の予約
acceptable	脱サラ」や「独立・開業」に興味ある方へ。おそうじ本舗ならしっかり稼げます。
acceptable	掃除のプロが集客や売り上げアップの秘訣を公開中!
unacceptable	やさしいファンデーション
unacceptable	：デイサービスの求人
unacceptable	県民共済 岡山中央自動車保険は保険料が無料、かつ保障内容も充実!あなたの保険料はどのくらい？
unacceptable	約100種の条件からあなたにマッチした成田市の賃貸アパートを選べる・賃貸情報サイト CHINTAI。
unacceptable	学資保険の人気ランキングはコチラ。いざというときに困らないように備えよう。
acceptable	家のクリーニングをお探しなら
unacceptable	敷金礼金ゼロの物件出雲市賃貸物件／家賃相場・学校名で検索：ライフスタイルに合ったお部屋探し
unacceptable	【建設派遣北関東】の派遣求人
acceptable	保険市場／死亡保険おすすめ
acceptable	ナイトミン使い方／小林製薬公式
acceptable	メールで中古車の商談、無料で気軽に送信下さい【見積もり依頼、在庫確認、来店希望、状態確認】
acceptable	机・ラック・収納付きのおしゃれなデスクが充実!学校やオフィスなどの専用商品も取り扱い中。
acceptable	保険料満足度【97.8%】
acceptable	【諫早】賃貸・アパートを検索
acceptable	オリックス生命の各種お手続き
acceptable	今すぐ中古車検索
unacceptable	即入居賃貸大曲物件あり
acceptable	脱サラ」や「独立・開業」は、決して簡単ではありません。しかし、だからこそ成功する道があります。おそうじ本舗の説明会は、地域や年代に応じたケース事例をご紹介。
acceptable	注文住宅なら住友(公式)
acceptable	【公式サイト】スマホでCHINTAI
acceptable	翻訳WEBサイト英語へ
acceptable	【館林】賃貸・アパートを検索
acceptable	掃除のプロが専門機材を使わなくても綺麗に!
unacceptable	etcカード無料楽天可能
acceptable	年代別死亡保険ランキング
unacceptable	様々な領域に強みを持つ草むしり業者とのマッチング豊富なので安心。税理士を探すならミツモア!
unacceptable	金沢区の物件多数掲載。ライフスタイルを豊かにする情報や最新の賃貸物件を多数ご用意
unacceptable	保険市場/保険相談お申込ページ
acceptable	多摩市/写真館の予約
unacceptable	がんの入院・通院を一生涯保障する医療保険です。人気・安い・おすすめの保険が知りたい方必見！
unacceptable	車月々支払い完結のカーリース
acceptable	キッチンや洗面所、風呂・トイレなどの水トラブルはお任せください。お近くのプロに今すぐ相談。
acceptable	エスモ物置公式通販
acceptable	長野の賃貸物件情報を今すぐCHECK!賃貸マンション・アパート・一戸建ての物件掲載数が豊富。
unacceptable	【ビジネスローン】法人・個人事業主向け。最短即日融資可能。わずか1秒のスピード診断はこちら
unacceptable	2枚目の楽天カードは楽天学生クレジットカード口座を分けられる。用途に応じて賢く使い分け！
acceptable	約100種の条件からあなたにマッチした岐阜市の賃貸アパートを選べる・【更新頻度最短5分】
unacceptable	往復新幹線チケット+ホテルセットプランを今すぐ予約!価格や走行距離から検索可。
unacceptable	学資保険どれがいい？
unacceptable	結婚式や結婚式に人気の場所を検索。まずはフェア見学に参加して結婚式をイメージしよう
unacceptable	最新の介護明石老人ホームの求人情報が満載。転職のプロが無料でサポート。詳細条件で検索可能
acceptable	インプレッサスポーツ
unacceptable	ETCカードのお申し込みは楽天
unacceptable	医療保険は持病・既往症がある方におすすめ!目的に合わせたプランのカンタン見積り可能。
acceptable	リクナビ派遣/公式サイト
unacceptable	オリックス生命70歳以上、発進
unacceptable	キュアサポートプラス保険料保険
acceptable	セットプランもご用意
acceptable	貯蓄型保険一括払いとは？
acceptable	大手だから安心」「お掃除がしにくい箇所もお任せできる」などの声をいただき、お掃除サービスをたくさんの方にご提供してまいりました。2018年10月１日に、ハウスクリーニングのプロが専用器材・洗剤を使用し、スピーディーかつ丁寧に汚れを落とします。
acceptable	お宮参りの記念写真撮影
acceptable	事業資金は運転資金・事業拡大・資金繰り・生産費用など様々な利用用途にお使いいただけます。
unacceptable	特典楽天ピンクカード／公式
unacceptable	楽天プレミアムカード入会にも
acceptable	≪全国対応≫ネズミの駆除
acceptable	赤ちゃん撮影の服装に迷ったら
acceptable	宮崎の賃貸物件情報を今すぐCHECK!最新の空き状況や詳細情報がスマホで確認できる
acceptable	軽自動車の中古車探しなら【カーセンサー】
acceptable	鯖江市の賃貸物件情報サイト・最新の空き状況や詳細情報がスマホで確認できる
acceptable	北海道で賃貸をみつけよう
acceptable	冷え性にお悩みの方へ
unacceptable	賃貸マンション賃貸川崎市掲載中
unacceptable	山口県の物件多数掲載。初期費用の問い合わせもカンタン！長野市賃貸戸建情報サイトCHINTAI。
unacceptable	個人個人事業主アイフル1年
unacceptable	子供のための保険なら/料金や口コミ、評価が高い保険がランキングでわかる!≪学資保険≫
acceptable	貯蓄性のある医療保険・先進医療の技術料を通算2,000万円まで保障、さらに一時金もお支払い
acceptable	おそうじ本舗」ブランドで展開されている店舗数業界1位/全国1,701店舗
acceptable	法人・個人事業主向けローンならアイフルビジネスファイナンス／累計15万口座以上の実績
unacceptable	ベビー/シロアリ検査費用
acceptable	ドラム式洗濯機掃除は業者に依頼
acceptable	≪全国対応≫家具運搬の依頼
acceptable	おそうじ本舗/全国加盟店
unacceptable	糖尿病医療保険【公式】
acceptable	銀行カードローンなら/借換もOK
unacceptable	悪玉コレステロールを減らすには・小林製薬の紅麹コレステヘルプで気になるコレステロール対策を
unacceptable	【筑後賃貸】公式サイト
acceptable	分岐水栓の取り付け・交換費用
acceptable	富山県/賃貸物件
unacceptable	オリックス生命ライズ評判キープ
unacceptable	すぐに社会保険個人事業主が必要ならアイフルビジネスファイナンス／申込みから融資まで来店不要
acceptable	賃貸・アパートを検索/千葉駅
acceptable	【富士】賃貸・アパートを検索
acceptable	ソリオ バンディットの中古車探し
unacceptable	【公式】静岡賃貸物件あり
unacceptable	たった3分の入力で最も安い自動車保険が分る。くらべて分かるメディケア生命のお手頃な保険料！
unacceptable	ETCカードが無料で使える!通行料金100円につき1ポイント貯まる
unacceptable	【公式】直売カーサブスク
unacceptable	【公式】スマホで時津賃貸公式
acceptable	簡単60秒、転職サポート申し込み
unacceptable	【公式】大和高田市アパート
acceptable	貯蓄型生命保険【じぶんの積立】
acceptable	定期死亡保険は、お財布に優しい保険料で安心の保障内容。ご相談は保険市場
unacceptable	全国の草刈り・芝刈り業者が登録。最大5社から届く見積もりを比較して、オトクに依頼しよう。
acceptable	掃除」に関する記事が集まっています!くらしのキレイはプロにお任せ!
acceptable	物置代lixilオンラインサービス。お引っ越し前後の片付けや生前整理のアドバイスも承ります。
acceptable	お近くのプロに今すぐ相談
unacceptable	2022年最新／全厚済かった。
unacceptable	相場草むしり業者
unacceptable	宮崎市の新築戸建て情報はこちらから・毎日豊富な新着物件を様々な条件で探せる。
unacceptable	ナース派遣・Wワークまで
acceptable	死亡保険/終身の掛け捨てもOK
unacceptable	《最新の賃貸情報》一人暮らし向け、敦賀マンション名で検索：ライフスタイルに合ったお部屋探し
unacceptable	企業アイフル事業資金
acceptable	掃除のプロが家庭を掃除でピカピカに!
acceptable	【お風呂掃除】ならおそうじ本舗
acceptable	南陽市アパート物件多数掲載。初期費用の問い合わせもカンタン！賃貸情報サイトCHINTAI。
unacceptable	ミツモアで簡単2分で依頼完了
acceptable	フローリング・床の張り替え業者が多数登録。希望条件に合ったフローリング・床張り替えの見積もりが届く！
unacceptable	性別死ぼう保険掛け捨ては？
unacceptable	掛け捨て保険月いくらを発表
acceptable	仙台の単発単発バイト求人
unacceptable	保険金額と保険期間を自由にカスタマイズ。ムダのない保障選びでオリックスライズの詳細はこちら
acceptable	旭川市賃貸アパート多数掲載。初期費用の問い合わせもカンタン！賃貸情報サイトCHINTAI。
unacceptable	鳥取のガス自由化でより安い電気料金プランを探そう!ネット環境は「enetopiaひかり」で。
acceptable	BC10サンワサプライラックデスク
acceptable	今、保険市場無料1位～3位を発表
unacceptable	オススメの業者
unacceptable	女性保険の加入は早めの準備生命保険おすすめ30代だけで簡単比較!人気の保険も一目で分かる。
unacceptable	ガス引越しenetopia
unacceptable	不要で1時間カンタン申込み。安心して事業資金の調達をするならアイフルグループにお任せ。
acceptable	風呂場の黒カビを徹底洗浄
acceptable	家具・家電の輸送をラクラクに
acceptable	アトレーワゴンの中古車探し
unacceptable	【公式】Timee／CM放映中！すきな時間、すきな場所、日雇い仙台。最短1時間で働ける！
acceptable	椅子パソコンラック業務用U-3W
acceptable	ブライダル婚礼のご予約はこちら
unacceptable	楽天特典楽天pinkカードカード
acceptable	東京會舘の結婚式費用なら
unacceptable	貯蓄63歳死亡保険コチラ
unacceptable	公式絶対通るローン
unacceptable	浮気・不倫による身辺調査
unacceptable	人気の死亡保険１位～３位を発表
unacceptable	即入居秋田物件物件
unacceptable	賃貸湯梨浜町情報サイト
acceptable	掃除の会社」というとハードルが高いように聞こえるかもしれませんが、実際はそんなことはありません。プロならではの技術と道具で、日頃の落としきれない汚れを徹底的に洗浄します。汚れやカビ、ニオイを取り除いて、キレイで快適な生活を送りませんか?
unacceptable	不動産売却ならカウカモ！あなたの海岸不動産売却で全員に1万円分のギフト券プレゼント
unacceptable	事業者向けローン
acceptable	結婚式場情報。結婚式の費用や結婚式準備の流れ等が分かる、結婚準備マニュアルを掲載。
acceptable	掃除 仕事 フランチャイズで独立・開業・起業|ハウスクリーニングのおそうじ本舗おそうじ本舗のフランチャイズはサポート・研修体制が充実。ハウスクリーニング業界未経験でも安心・安定して独立・開業・起業!
unacceptable	Saisonカードは2枚目も作成可能
acceptable	掃除のプロが家庭や店舗をまるごと綺麗に!
unacceptable	唐津市の賃貸アパート情報!ライフスタイルを豊かにする情報や最新の賃貸物件を多数ご用意
acceptable	掃除のプロが家庭内を掃除のプロに!日々の掃除では取りずらい汚れはプロにおまかせ
acceptable	おそうじ本舗」とは安心と信頼の実績【おそうじ本舗】のことなんです!
unacceptable	「週タイミー広島バイト」
acceptable	チラシ制作をプロに丸投げ
acceptable	福井市の賃貸アパート情報なら
acceptable	サンワサプライの掃除機／公式
acceptable	楽天プレミアムカードの申し込みはこちら・コンビニやスーパーでのご利用でザクザク貯まる
acceptable	スマホで簡単/住まい探し
acceptable	パソコンラック、ワークプレーヤー、会議テーブルなどシーンや用途に合わせて幅広いラインナップ
acceptable	広島の賃貸物件情報を今すぐCHECK!賃貸マンション・アパート・一戸建ての物件掲載数が豊富。
unacceptable	菊池市アパートの物件多数掲載。初期費用の問い合わせもカンタン！賃貸情報サイトCHINTAI。
acceptable	自営業の始め方をサポート
unacceptable	初期費用などのお福井県立大学学生寮費用の問い合わせもカンタン！賃貸情報サイトCHINTAI。
unacceptable	働きタイミー隙間時に働けて、すぐにお金がもらえるスキマバイトサービス／Timee(タイミー)
acceptable	創業20年以上。安心と信頼の実績【おそうじ本舗】
acceptable	おそうじ本舗」のフランチャイズ
acceptable	安心して独立・開業/ハウスクリーニングで独立・開業・起業|ハウスクリーニングのおそうじ本舗おそうじ本舗のフランチャイズはサポート・研修体制が充実。ハウスクリーニング業界未経験でも安心・安定して独立・開業・起業!
unacceptable	賃貸物件あり/神奈川
unacceptable	はじめてのご融資はこちら。旧個人事業主セーフティネット相談も可能です。年会費・保証料無料
acceptable	不動産売却／カウカモ
unacceptable	警報器ガス鳥取ガスenetopia
unacceptable	【浜松】賃貸アパート・マンション
unacceptable	保険料が安い死亡保険が見つかる
acceptable	おそうじ本舗」「おそうじ本舗のフランチャイズ」「おそうじ本舗のfc」など、店舗数業界no.1のおそうじ本舗のフランチャイズ。全国1,701店舗展開中!
unacceptable	保険市場が保険選びをサポート！相談や見直しなら保険市場へ
unacceptable	砥部町賃貸賃貸物件
unacceptable	原野売買売却
acceptable	アトレーの中古車探し
acceptable	隙間時間でバイト探し。メンドウな面接や履歴書も一切必要ありません！
unacceptable	お仕事姫路看護助手
acceptable	【公式】Timeeスキマバイト
unacceptable	学生向け賃貸矢巾賃貸
unacceptable	個人事業主法人キャッシング
unacceptable	安い掛け金で、大きな保障をお手頃な保険料で実現。死亡保険はライフイベントごとに見直そう。
acceptable	1番人気の商品を今すぐチェック
acceptable	掃除の業者を独立開業を|ハウスクリーニングのおそうじ本舗おそうじ本舗のフランチャイズはサポート・研修体制が充実。ハウスクリーニング業界未経験でも安心・安定して独立・開業・起業!
acceptable	サッシクリーニング」ならおそうじ本舗
unacceptable	越前市 CHINTAIの情報がわかる!毎日豊富な新着物件を様々な条件で探せる。
unacceptable	人生100年時代、年金保険ランキング自分に合った保険をチェック！相談や見直しなら保険市場へ
unacceptable	40代医療保険生命
unacceptable	楽天ETCカードの作り方。楽天カードなら使う分だけポイント貯まる！
unacceptable	がんの保険の安いところは?
acceptable	シロアリの駆除取付け
acceptable	サンワサプライのmmmc28
unacceptable	20代～50代以上に選
unacceptable	介護ワーカー 神戸の求人、転職なら介護ワーカー。転職時の書類や面接もプロがサポート【公式】
unacceptable	初期費用の問い合わせもカンタン・ライフスタイルを豊かにする加納アパートサイトCHINTAI。
unacceptable	札幌の賃貸マンション/中央区
acceptable	（2022年）終身保険ライズ返戻率
acceptable	賃貸・アパートを検索/野田市
unacceptable	トイレのつまりを値段で診断
unacceptable	オリックス/ライズサポート
unacceptable	【Saison credit Card apply】貯まったポイントはお買物や別のポイントにも交換OK
unacceptable	中古車残クレ中古車サービス
unacceptable	パートOK：介護の求人情報
unacceptable	長井市アパートへ
unacceptable	セラミドファンデーション無添加
acceptable	エトヴォス／オンラインストア
acceptable	【etvosスターター】
unacceptable	寒河江の新築戸建て情報はこちらから・毎日豊富な新着物件を様々な条件で探せる。
unacceptable	ldlコレステロールを下げる薬？
acceptable	マイカーの月額料金が気になる方へ。新車のサブスクが利用できる「直売カーセンサー」です。
unacceptable	【公式】三次アパート
acceptable	個人年金保険とは、老後に必要な資金を準備しておくと安心の保障です。【最新】人気ランキング
acceptable	結婚式場なら東京會舘。幸せウエディングを叶える情報満載
unacceptable	葬祭費用+保険のセットプラン
acceptable	日曜日のバイト情報掲載。メンドウな面接や履歴書も一切必要ありません！
acceptable	【公式】TimeeTimee
acceptable	日雇い・日払いの求人多数/仙台
acceptable	【山梨市】賃貸アパート情報
acceptable	何ポーズ撮っても撮影料は同じ
unacceptable	【公式】住友不動産青山
acceptable	台所掃除はプロにおまかせ。
acceptable	介護施設の求人情報・ここにしかない非公開の求人の中からあなたに合った求人をご提案します！
unacceptable	【セゾンカード】ネット申し込み
unacceptable	向け賃貸東御市賃貸
unacceptable	貯蓄iryouコチラ
acceptable	即採用大東介護求人
unacceptable	【公式】スマホで飯田アパート
acceptable	チャットで気軽に相談
acceptable	OpenWork（オープンワーク）
acceptable	出雲市の賃貸マンション情報
acceptable	脱サラ」「独立・開業」「起業」の3つの選択肢から、あなたに合ったおそうじ本舗をお選びいただけます。
acceptable	オフィスの移転をお考えの方。充実の設備/災害対策/24時間直接管理など魅力的なオフィスビル多数
unacceptable	東京の不動産をカウカモ不動産売却で全員に1万円分のギフト券プレゼント
unacceptable	フリーランス金貸し個人
acceptable	賃貸住宅情報サイト/富山
unacceptable	【6歳】死ぼう保険掛け捨て
unacceptable	2022年国保と社保の違いは?
unacceptable	賃貸 新潟
acceptable	全国の床リフォームのプロが登録。お近くのプロからオトクな見積もりが最短1分で届く。
acceptable	便利楽天プレミアムカード入会
acceptable	【公式】ジャパネット/掃除機
unacceptable	公式/住友不動産田町
acceptable	介護ワーカーの求人情報がザクザクみつかる!長年培った経験で安心してご利用できます
unacceptable	大阪で住宅売却柏原不動産売却はこちら
acceptable	東京會舘の予約はゼクシィ
acceptable	【公式】事業融資ローン
acceptable	LAN・変換ケーブルの通信販売
unacceptable	最大5社を比べておトクに
acceptable	毎月安定した収入を得るには?イベントレポート機能で毎月安定した収入を得るには?
unacceptable	個人金貸し個人者ローン
unacceptable	敏感肌乾燥肌ファンデーション
acceptable	理想のマイホームを建てよう
acceptable	定期型医療保険おすすめ30代
acceptable	おそうじ本舗」「おそうじ本舗」ブランドで展開中
acceptable	働きながら介護の資格取得なら
unacceptable	介護ワーカー鹿児島病院可能
unacceptable	鹿児島の賃貸アパート情報を今すぐチェック!毎日豊富な新着物件を様々な条件で探せる。
unacceptable	東京ツクルバマンション売却・査定でギフト券1万円分プレゼント
unacceptable	【ゼクシィ】相談カウンター新宿
unacceptable	事業資金は運転資金・事業拡大・資金繰り・生産費用など様々な利用用途にお使いいただけます。
unacceptable	害虫害獣駆除ネズミ
unacceptable	全労済がん保険評判べき？
acceptable	エアコンクリーニングを価格で選んでいませんか?業界店舗数no1 おそうじ本舗が選ばれる理由とは
unacceptable	賃貸マンション・宮崎県賃貸マンション相場の検索も可能。学割適用の物件・ペット可など多数掲載
acceptable	富山市の賃貸アパート情報
acceptable	旭川・網走の賃貸物件情報あり。おすすめの賃貸マンション・旭川市賃貸アパートの物件をご紹介。
acceptable	【即日】お金を借りたい方
acceptable	【新着】歯科助手の求人
acceptable	便利な楽天カードマイナポイント
acceptable	アルトワークス中古を掲載
unacceptable	【鹿児島】賃貸アパート・マンション
acceptable	約100種の条件からあなたにマッチした佐賀市の賃貸マンションを選べる・佐賀県の物件多数掲載。
unacceptable	約100種の条件からあなたにマッチした深谷市の賃貸アパートを選べる・スマホで簡単お部屋探し
acceptable	ゼクシィでウエディングをご検討中の方へ!挙式のみ・プライベート感のある会場など情報満載
unacceptable	東京の武蔵小金井駅マンション売却のご相談・査定でギフト券1万円分プレゼント
unacceptable	初任者研修を効率よく実施
unacceptable	予算・口コミで見積もり比較
acceptable	宮崎市/賃貸アパート情報サイト
acceptable	VIPローンカードを徹底比較!オリックス・クレジットから新しいマネーサービス登場
unacceptable	ベビーシロアリ検査費用
acceptable	メディケア生命の医療保険なら
acceptable	小学2年生と保護者の方へ・無料資料請求でもれなく全員にプレゼント進呈
unacceptable	グループホーム職員都求人
unacceptable	教育資金・豊かなセカンドライフ・葬儀18歳医療保険貯蓄型お手頃な保険料の医療保険や死亡保険
acceptable	タイミーで軽作業をご検討中の方へ!スキマ時間にすぐ働けてすぐお金がもらえる！
unacceptable	よくあるご質問を解決
acceptable	＃面接・履歴書不要＃TimeeOK
acceptable	法人会員様・個人会員様募集中
unacceptable	鳥取ガスenetopia鳥取ガス問い合わせenetopiaガスとネット同時にお申込でお得
acceptable	お宮参り着物はプロにおまかせ
acceptable	最新の活動量計年間ランキング・会員ランクに応じてポイント獲得がお得に。
unacceptable	保険市場おすすめの保険商品
acceptable	60歳の方も申込める保険も
acceptable	大阪 グループホームの求人情報
unacceptable	死亡保険・死亡共済まで幅広く取り扱い。安い・七色生命保険の死亡保険をランキング。保険も掲載
unacceptable	排水管高圧洗浄とは?
unacceptable	静岡県の物件多数掲載。初期費用の問い合わせもカンタン！宮崎大学アパート情報サイトCHINTAI。
unacceptable	子供保険30代男性既婚おすすめ
acceptable	お申し込みから最短1週間でお届け可能！大人気の楽天学生クレジットカードを選ぶなら楽天カード
acceptable	奈良市/写真館の予約
unacceptable	近くの水漏れ修理
acceptable	換気扇掃除代行をお探しなら
unacceptable	【エトヴォス誕生日】
acceptable	脱サラ」や「独立・開業」に関するご相談は、全国対応のおそうじ本舗にお任せください!
acceptable	都城市の新着アパート情報を毎日更新!最新の空き状況や詳細情報がスマホで確認できる
acceptable	【中古・リノベ住宅専門】年間利用者数200万人超。会員ネットワークにダイレクトアプローチも！
unacceptable	敷金礼金ゼロの物件松江アパート／家賃相場・学校名で検索：ライフスタイルに合ったお部屋探し
unacceptable	新潟市の賃貸アパート情報!一人暮らしやペット可などのテーマから選べる理想のお部屋探し。
unacceptable	明石で介護士の求人・転職なら介護ワーカー 。もっとキャリアアップできる職場へ
acceptable	【草加】賃貸・アパートを検索
unacceptable	全国の雑草処理のプロが登録。最大5社から届く見積もりを比較して、オトクに依頼しよう。
acceptable	テンキーの専用ホームページ
acceptable	病気やケガで働けなくなったときに、給付金を受け取れる保険です。あなたの保険料はどのくらい？
acceptable	おそうじ本舗」が選ばれる理由とは
acceptable	今、積立年金5位～5位を発表
acceptable	施工時間は貼り替え作業の約１／3
unacceptable	水漏れ修理が写真で簡単見積もり
unacceptable	楽天楽天カード入会学生
acceptable	東京會舘の結婚情報サイト【ゼクシィ】ふたりの大切なウエディングをサポート。
acceptable	シャワーの水漏れ修理/料金比較
unacceptable	がん保険のおすすめは40代から
acceptable	【公式】ナイトミンサプリ／公式
unacceptable	保険料メディケア生命保険から、今すぐカンタン見積り。お見積りの内容で資料請求いただけます。
unacceptable	リサイクル家電やパソコンなども、面倒な手続きや時間を決める草刈り費用の処分は業者にお任せ。
acceptable	笛吹市の新着アパート情報を毎日更新!賃貸マンション・アパート・一戸建ての物件掲載数が豊富。
acceptable	【山陽小野田】賃貸物件を探す
unacceptable	介護ワーカー口コミの新着求人
acceptable	【介護ワーカー】転職・求人情報
unacceptable	【公式】法人個人事業主借入審査
unacceptable	働きたい時に働けて、すぐにお金がもらえるスキマバイトサービス／Timee(タイミー広島)
unacceptable	中津賃貸やペット可などのテーマから選べる理想のお部屋探し。初期費用などのお問合わせ無料！
unacceptable	悪玉コレステロールを下げたい方にldlコレステロール高いサプリ・スッキリした朝を迎えよう！
unacceptable	原則、ご来店・担保不要。銀行よりも早く自営業でも借りれる必要な方も対応可能。今すぐ申込み
acceptable	【葛城市】賃貸アパート情報
acceptable	保険シミュレーションはこちら
unacceptable	人気top介護生命保険
unacceptable	初期費用の問い合わせも必見！所沢市賃貸・家賃相場の賃貸物件を探すなら【スマホでCHINTAI】
acceptable	オリックス生命RISEは、掛け捨てではなく貯蓄性があります・オリックス生命の終身保険ライズ
unacceptable	エブリイワゴンターボあなたへ
unacceptable	ネズミの忌避対策は今がチャンス
unacceptable	来店不要。WEBで車の購入とローンの審査申込が完結するリクルート提供の「カーリース途中解約」
unacceptable	宣材・浴室水栓交換たら
acceptable	おそうじ本舗」さんが販売するハウスクリーニングです。レビューはまだありません。 「おそうじ本舗」さんが販売するハウスクリーニングです。レビューはまだありません。
acceptable	保険市場/生命保険 おすすめ
unacceptable	【保険市場】5社5商品の中から保険市場が徹底比較！気になるいくつかの商品のは死亡保険貯蓄。
unacceptable	【CHINTAI】公式サイト
acceptable	【トパーズ(TOPARDS)】
unacceptable	ゼクシィ カウンター 横浜の情報がわかる!あなただけの理想の結婚式をお得に探そう。
acceptable	【周南市】賃貸・アパートを検索
unacceptable	鳥取で光熱費を安くしたい!選べる５つのプランであなたに合わせたお得な料金
unacceptable	エトヴォス【公式etvos新作】
acceptable	【ゼクシー】今ドキ最新演出やドレス試着など、彼と楽しめるフェア情報がいっぱい
unacceptable	賃貸マンション・家賃相場の宮崎県賃貸マンションも可能。学割適用の物件・ペット可など多数掲載
acceptable	郡山の賃貸物件
unacceptable	宮崎の一人暮らし物件掲載数が豊富。人気の厳選テーマから理想のお部屋探し【スマホでCHINTAI】
unacceptable	楽天カード楽天18歳.1
acceptable	ハウスクリーニングのおそうじ本舗は全国で展開中！ご家庭・店舗／オフィスのあらゆる箇所を掃除のプロが徹底的に汚れを除去。まずは無料で訪問・お見積りいたします。
acceptable	面倒なエアコンクリーニングはプロにお任せ！安心と信頼の実績【おそうじ本舗】でキレイに！
unacceptable	太宰府土地価格せ
acceptable	東京タラレバ娘漫画
acceptable	岐阜の賃貸物件情報を今すぐCHECK!賃貸マンション・アパート・一戸建ての物件掲載数が豊富。
acceptable	ポスター作成業者をお探しなら
acceptable	介護ワーカーの求人情報
unacceptable	死亡保険/持病のある方でも安い
unacceptable	山梨県の賃貸アパート情報!ライフスタイルを豊かにする情報や最新の賃貸物件を多数ご用意
unacceptable	保険料が安いがん保険はどこ？
acceptable	綺麗な店/好印象を与えるおそうじ本舗
unacceptable	0県民共済沖縄ない?
unacceptable	最大5名のプロから見積もり
acceptable	モデルハウス住友不動産注文
unacceptable	新規入会＆rakutenetccardで1倍／楽天カード・楽天ETCカードでお得にお出かけしよう！
acceptable	サッシクリーニング」
unacceptable	設備充実×安心安全住友不動産虎ノ門タワーや賃事務所を条件に合わせて検索できる公式サイト
acceptable	掃除の会社シンホウ」/
acceptable	「週バイト日払い」
unacceptable	オリックス生命はお申込方法はインターネット、郵送、対面の3種類をご用意・【〇〇〇〇】
acceptable	開発から運用までオールインワン
acceptable	ガスコンロ掃除を業者に依頼
unacceptable	グループホーム求人大阪職
unacceptable	【ゼクシィ】カウンター横浜
acceptable	掃除のプロがお掃除の本質を教える
acceptable	掃除のプロが専門機材を使用し、入居前や退去後のお部屋をピカピカに!
unacceptable	【便利屋】0,0床張り替えdiy~
unacceptable	人気の生命保険【1位〜3位】・生命保険ネット申込みランキング・自身の万が一の時に備える保険
acceptable	福岡県の賃貸／女性一人暮らし
acceptable	スキャナを法人価格で購入。WEBカメラ／モバイルバッテリーなど、PC周辺機器を多数取り揃え
acceptable	40代から60代も活躍中！未経験でも開業したい方、安心して開業したい方でもはじめられます。
unacceptable	キッチンや草むしり依頼・トイレなどの水トラブルはお任せください!お近くのプロに今すぐ相談。
acceptable	【宮城】単発バイト・バイト探し
acceptable	少年・アカゴヒガン漫画も配信中
acceptable	ポータブルCDプレーヤーを法人価格で購入。椅子・机などのオフィス用品やPC周辺機器など販売
acceptable	【この日】にバイトするなら
unacceptable	鍵屋を探すなら鍵屋
acceptable	オリックス生命70歳以上【公式】
acceptable	【東近江市】賃貸アパート情報
acceptable	少年・青年漫画を無料で試し読み
acceptable	スプークス ログイン
acceptable	悪玉コレステロールを減らすには・小林製薬が独自に研究したコレステロール対策サプリ！
unacceptable	スマホ旭川市賃貸アパート
acceptable	入院や通院に備える保険
unacceptable	日産ノート 中古車 NISSAN(日産)
unacceptable	小林製薬が独自に研究したコレステロールナイトミン口コミにお悩みの方を、ナイトミンがサポート
acceptable	一都三県限定固定ロイヤリティ0
unacceptable	お客さまのニーズに合わせて、100万円単位でメディケア金額／気になる保険料を今すぐチェック！
unacceptable	保険料が変わらない分、お手頃な保険料を実現しています。おすすめの定期死亡保険をランキング。
unacceptable	Makuake製品しよう.
acceptable	スタジオアリスの七五三衣装
unacceptable	【新着あり】土崎賃貸
unacceptable	カイゴworkerなど電子書籍ならDブック。また転職サポートを使えばスムーズに転職ができます。
unacceptable	貯蓄型生命保険医療保険
acceptable	可愛いiPhoneアクセサリーが勢揃い。椅子・机などのオフィス用品やPC周辺機器など販売
acceptable	スバルのXVシリーズを一括見積
acceptable	掃除の会社」ブランドで全国展開中!
acceptable	通院、入院の際の保障内容こちら
acceptable	【茨城】賃貸・アパートを検索
acceptable	バッグ・インナーバッグ／セキュリティグッズ／CD・DVD・ブルーレイスキャナなど多数取り揃え
acceptable	明治神宮の結婚式場情報!簡単検索&リアルタイム予約/ゼクシィ
acceptable	ノート E-Power中古車・60秒で見積り依頼【名前・メール・郵便番号だけ】
acceptable	お掃除本舗にお問い合わせ
acceptable	秋田市の賃貸物件
acceptable	全国の平均月商約110万円！おそうじ本舗の説明会は、地域や年代に応じたケースの事例をご紹介
acceptable	【ゼクシィ】結婚式場フェア見学
acceptable	スカイラインの中古車探し
acceptable	学習習慣が身につく小学校3年生向け通信教育・無料資料請求でもれなく全員にプレゼント進呈
unacceptable	最新求人がメールで届く非公開介護ワーカーしつこいの中からあなたに合った求人をご提案します！
unacceptable	銀行事業者ローン個人事業主
acceptable	オフィス移転なら住友不動産
unacceptable	ダイナカーセンサー【公式】
unacceptable	楽天カードでETCカードを作ろう!通行料金100円につき1ポイント貯まる
unacceptable	キッチン排水口元のつまりを解消
acceptable	【入会金・年会費無料】24時間・365日ご利用可能なオリックスマネー銀行のWEB完結ローン！
acceptable	年長さんにおすすめの通信教材をご紹介。タブレット学習なら自宅で安心して学べる
unacceptable	ETCカード／お申込
acceptable	人気アイテム大量値下げ。激安処分品。商品はすべて新品で通常品と同じ保証から対応チャイム。
unacceptable	一人暮らし福井市賃貸アパート
unacceptable	東京の秋葉原駅マンション売却のご相談・査定でギフト券1万円分プレゼント
unacceptable	中津市賃貸戸建て賃貸なら
unacceptable	マッチングアプリ20代が選ぶ
acceptable	【下松】賃貸アパート情報
unacceptable	【充実サポート】のバンクイック
unacceptable	1時間バイト短期
acceptable	タワー型・マウント型ラックの通販ならサンワサプライラックデスク！まとめ買いで値引きも可能
acceptable	川崎市川崎区写真館
acceptable	生命保険の加入をご検討中の方へ
acceptable	おそうじ本舗のフランチャイズ」とは?pcもしくはスマホで、ご自宅からも簡単にご参加いただけます。
acceptable	出雲市/賃貸アパート情報サイト
acceptable	【2022年】注目のオートローン
acceptable	全国のプレミアムホテルをセゾンカードオンライン申し込み価格のご利用で翌年の年会費も無料！
acceptable	簡単一分で完了
acceptable	【春日部】賃貸・アパートを検索
acceptable	老後に必要な資金を今から蓄えるなら個人年金保険がおすすめ。保険比較のことなら保険市場！
unacceptable	カンタン楽天カードetc複数
acceptable	【公式】HRBrain／人事課題解決
acceptable	ORIX MONEY/最短即日融資
unacceptable	掛け捨て保険月いくら保険を発表
acceptable	いい会社12228選
unacceptable	≪見積もり無料≫ネズミ撃退法づくりのプロから見積もりが届く。チャットで相談できるので安心。
unacceptable	寒い季節には暖房機能、雨の日には洗濯物人探し熊本が大活躍。便利な機能で生活をもっと快適に。
acceptable	【公式】セゾンカード永年無料
unacceptable	妙高旭川老人ホーム求人
unacceptable	楽天カードetc即日発行実施中
acceptable	脱サラ」や「独立・開業」について情報を集めたカテゴリーです。現在、日本国内では200件近くの脱サラ・開業・起業事例があります。フランチャイズで独立・開業・起業した人は全体の約1/3もいます。
acceptable	住友不動産青山ビルヂング
unacceptable	動画制作の条件を選ぶ
acceptable	約100種の条件からあなたにマッチした前橋市の賃貸アパートを選べる・賃貸情報サイトならCHINTAI
unacceptable	【公式】CHINTAI／賃貸西条賃貸
unacceptable	全国の皆様に、翻訳WEBサイト英語・関係説明図・分割協議書などの書類作成は専門家にお任せ。
unacceptable	人気の全労済入院給付金いくら時の備え、必要な備えをランキング化。保険のご相談は≪保険市場≫
acceptable	浴室のガンコな汚れはプロ技で解決！
acceptable	フライヤー作成をプロに丸投げ
unacceptable	はじめてのご融資はこちら。旧個人事業主お金を借りたいで相談も可能です。年会費・保証料無料
acceptable	1/5まで【1時間以内に訪問・お見積り】
acceptable	入院・通院・在宅療養など、特約追加で様々ながん治療に備えられる／気になる保険料をチェック！
acceptable	お宮参りで産着をお探しなら
acceptable	オンラインでも保険相談可能
unacceptable	神戸市西区 デイサービスの求人、転職なら介護ワーカー。もっとキャリアアップできる職場へ
unacceptable	医療保険は持病・既往症がある方におすすめ。目的に合わせたプランのカンタン見積り可能。
unacceptable	楽天楽天pinkカードデザインがいっぱいのカード。街でのご利用から公共料金のお支払いまで。
acceptable	掃除」の仕事が好きな方ならきっとご活躍できる
acceptable	新規申し込み、他社からのりかえ、鳥取電気のことなら「enetopiaでんき」
acceptable	一人ひとりに最適な講座を生成
acceptable	学生でも作れる楽天カード
acceptable	しつこいカビ、水アカ、皮脂汚れ、浴槽・壁・床・天井・窓などお風呂場一式をピカピカに。
acceptable	カーセンサーs14シルビア
acceptable	≪見積もり無料≫水漏れ・漏水修理のご相談はお任せください!お近くのプロに今すぐ相談。
unacceptable	【公式】鳥取賃貸物件あり
unacceptable	【おすすめのセール対象作品が充実】話題の漫画を無料で試し読み！冒険少年漫画BL・TL漫画が充実
acceptable	見積もり無料/家具・荷物運搬
acceptable	フローリング張り替えの業者を探す
unacceptable	お手頃な保険料の保険商品をオリックス生命フリーダイヤルの見直し・新規加入はオリックス生命
unacceptable	水漏れ費用家電やパソコンなども、面倒な手続きや時間を取られることなく回収することができます
acceptable	台所掃除はプロにお任せ
unacceptable	20代～50代以上の人が気に18歳生命保険自分に合った保険をチェック！相談や見直しなら保険市場へ
unacceptable	360度市貝町賃貸5分／人気のテーマから物件が探せて、簡単にオンライン相談・内見予約が可能！
unacceptable	約100種の条件からあなたにマッチした大垣市の賃貸アパートを選べる・岐阜県の物件多数掲載。
unacceptable	翻訳WEBサイト英語・対象に応じた対策をプロに相談!お任せください!お近くのプロに今すぐ相談。
unacceptable	【今すぐチェック】介護姫路看護助手が満載／転職を考えている介護職の方にピッタリ。口コミあり
unacceptable	初期岡山部屋探し探し
unacceptable	オフィス移転ならESG
acceptable	《年会費永年無料》デザイン選べる楽天カード！三大あんしん機能楽天カードかわいいデザイン充実
acceptable	赤ちゃん撮影の予約はこちら
acceptable	フーガの中古車探し
unacceptable	エトヴォス公式敏感肌ファンデ
acceptable	ブライダルフェアの見学予約はこちら。少人数挙式など費用を抑えたい方向けのプランも充実
unacceptable	楽天楽天ピンクカードカスタマイズ限定！好みに合わせて付帯サービスをカスタマイズできる
acceptable	群馬県の賃貸物件情報サイト・賃貸マンション・アパート・一戸建ての物件掲載数が豊富。
acceptable	おそうじ本舗のサッシ洗浄
acceptable	掃除のプロ」が経営直接支援
acceptable	公式hp限定 おそうじ本舗×ハウスクリーニングのno.1おそうじ本舗
acceptable	小学1年生と保護者の方へ・無料資料請求でもれなく全員にお得なプレゼント
unacceptable	【公式】住友不動産神田
unacceptable	【ゼクシィ】公式サイト
unacceptable	【岩手】のバイトなら単発
acceptable	岡崎で介護士の求人・転職なら介護ワーカー 。また働いている方の声や職場の雰囲気もお伝え可能
unacceptable	キッチンつまり直し方数
acceptable	専門サ高住大阪求人
unacceptable	年齢・性別から選べるおすすめの生命保険をご紹介・生命保険はライフイベントごとに見直そう。
acceptable	お風呂クリーニングをお探しなら
unacceptable	【公式】スマホで網走市賃貸公式
unacceptable	神戸で介護職の求人・転職なら介護ワーカー。もっとキャリアアップできる職場へ
unacceptable	オリックス生命70歳以上発送
acceptable	【学資ローン】どこがいい?
unacceptable	オススメ業者12選
acceptable	【益田市】賃貸・アパートを検索
unacceptable	サンワサプライのケーブル配線トレー メッシュ erdシリーズ専用品 CB-cterd5・新規会員様募集中
unacceptable	個人事業主個人事業主貸付
unacceptable	トイレの水漏れ修理のチラシ
acceptable	自動車保険を、もっとやさしく。
unacceptable	求人建設中途採用
acceptable	サーバーラックの通販・会員ランクに応じてポイント獲得がお得に。
unacceptable	土地の売り方
acceptable	東京住友不動産青葉台タワー
unacceptable	お近くのネズミ駆除
unacceptable	毎日豊富な新着物件！賃貸稲毛・家賃相場の検索も可能。学割適用の物件・ペット可など多数掲載
unacceptable	【Saison Card apply】貯まったポイントはお買物や別のポイントにも変換OK
acceptable	掃除のプロが家庭で使うようなキッチンをピカピカに
acceptable	お買いものパンダデザインも
acceptable	壁紙クロスの貼り替えとは違い、壁紙の表面に独自開発した染料を塗り重ねることで、まるでリフォームしたように仕上げることができるサービスです。
acceptable	住友不動産八丁堀店
acceptable	ブライダルフェアの情報なら
acceptable	持病や入院・手術の経験がある方も加入しやすい一生涯疾病保険が一生涯にわたり生活をサポート
acceptable	チラシデザイン・フライヤー作成
unacceptable	安い掛け金で、大きな保障をお手頃な保険料で実現。国内最大級の保険比較サイト≪保険市場≫
acceptable	掃除のプロが経営管理を代行!店舗なしok/低資金から開業可能
acceptable	スタジオアリスのお宮参り予約
unacceptable	現在、ワクチン求人の派遣求人
acceptable	ZEHモデルハウス住友不動産
unacceptable	生協の学資保険をご検討中の方へ・お子様の将来のために計画的な積み立てを！
unacceptable	大牟田賃貸やペット可などのテーマから選べる理想のお部屋探し。初期費用などのお問合わせ無料！
unacceptable	新車リースリース
acceptable	わずか60秒で無料会員登録可能！CTO・技術顧問・エンジニアの方を募集中！
unacceptable	三重県の物件多数掲載。初期費用の問い合わせもカンタン！宮崎神宮アパート情報サイトCHINTAI。
acceptable	愛知の物件多数掲載。一人暮らしやペット可などのテーマから選べる理想のお部屋探し。
unacceptable	シニア死亡保険ネット
unacceptable	幸せが動き出したら、ゼクシィ!式場探しや結婚式の疑問をゼクシィが解決!
acceptable	おそうじ本舗/全国1,701店舗/業界未経験の開業実績は約95%
unacceptable	【公式】VIPカードレスVIP
acceptable	結婚式の前撮りはプロに依頼
unacceptable	東京住友不動産芝公園
unacceptable	ETCカードが無料で使える!ポイントはコンビニやスーパーでのお支払いにも使える
acceptable	約100種の条件からあなたにマッチした高知市の賃貸マンションを選べる・【更新頻度最短5分】
acceptable	日曜日のバイト情報掲載。利用歴に応じて付与されるEXPでグレード特典を手に入れよう！
unacceptable	プレマシー/配信中
acceptable	モニターハウスキャンペーン
acceptable	スタジオアリス/七五三写真
unacceptable	年齢ブライトエイジ定期
acceptable	住友不動産注文募集中
acceptable	条件を選ぶだけで簡単
acceptable	掃除のプロが掃除の本領を発揮する
acceptable	【低含水】ドライアイにおすすめ
acceptable	お宮参り写真撮影のご依頼を多数いただいております。はじめてのお宮参り撮影を一生の思い出に。
unacceptable	人気･安い･おすすめの保険が知りたい方必見！保険市場ならお手元のスマホやPCで比較が可能
acceptable	掃除のプロが集客や売り上げアップの秘訣を紹介!
acceptable	肌に優しいファンデーション
unacceptable	【公式】住友不動産渋谷
acceptable	2022年最新／医療保障保険選べる
unacceptable	福岡で部屋探しをご検討中の方へ!毎日豊富な新着物件を様々な条件で探せる。
acceptable	運送業者をお探しなら
acceptable	貝塚土地価格はこちら
unacceptable	1までキャンペーン実施中！
acceptable	【大阪】デイサービスの求人情報
unacceptable	商品内容や自分にあった保障内容が分からない方は、お気軽にお問い合わせください保険ランキング
acceptable	年金資産運用位～5位を発表
acceptable	憧れの戸建てを建てよう
acceptable	小学1年生と保護者の方へ・無料資料請求でもれなく全員にプレゼント進呈
acceptable	おそうじ本舗」ブランドで展開中!全国約1,701店舗/業界店舗数no.1!
acceptable	【定期死亡保険】おすすめの定期死亡保険をランキング。年齢と性別を入力して保険料比較も。
acceptable	つけたまま寝れるファンデ
acceptable	【アイフル】バレずに借入れ可能
acceptable	掃除代行」という新しい仕事の可能性に本気で取り組んでいます。代行とは、依頼人(お客様)が依頼したいこと、指定した日時に訪問して、依頼人(お客様)のご依頼に応じた対応をすることです。プロならではの技術と道具で、依頼人や依頼主家庭を笑顔であふれさせませんか?
unacceptable	ネット型生命保険ランキング
unacceptable	保険市場／個人年金おすすめ
unacceptable	お部屋探しの北本市賃貸の物件あり／家賃相場・学校名で検索：ライフスタイルに合ったお部屋探し
acceptable	熊谷市の新着アパート情報を毎日更新!一人暮らし向け、ペットと暮らせる物件を紹介。
acceptable	掃除のプロが店舗売上アップの秘訣とは?
unacceptable	保険市場が保険相談キャンペーン実施。オンラインでも来店でももれなくプレゼント。
acceptable	最大5社からすぐ見積もりが届く。ミツモアならあなたの要望に応える鍵交換業者が見つかる。
acceptable	ハウスクリーニング」の開業なら
acceptable	掃除の効く・短い時間で汚れを落とします
acceptable	【都城】賃貸・アパートを検索
unacceptable	向け賃貸中津市賃貸戸建て
acceptable	【無料】土地を売却査定
unacceptable	持病があっても入れる保険オリックス保障保険キャンドル。告知事項は2つに限定し、申込みやすい
unacceptable	礼金ゼロ物件あり
unacceptable	【公式】西新宿2丁目オフィスBCP
acceptable	プログラミング知識ゼロでも大丈夫！自社アプリで大幅売上UP＆経費削減に成功した事例をご紹介。
acceptable	お掃除ほんぽ
unacceptable	年代別の保険市場奈良の病気などを手厚く保障いたします!女性保険の相談や見直しなら保険市場へ
acceptable	【ゼクシィ】会員登録無料
unacceptable	岡山の一人暮らし向け賃貸物件掲載数が豊富。初期費用などのお問合わせ無料！
unacceptable	掛け捨て型の生命オリックス生命インターネット料をチェック！お手頃な保険料は上がりません
acceptable	オシャレな置き時計-ララポートお部屋に飾りたくなるオシャレな雑貨がたくさん。新作続々入荷！
acceptable	オリックス生命：公式サイト
acceptable	【武雄】賃貸・アパートを検索
unacceptable	駅直結･大規模ビルから小規模ビルまでニーズに合わせた物件をご用意！まずはお電話を
acceptable	ハウスクリーニング」の求人募集情報ならおそうじ本舗
acceptable	化粧水・乳液状美容液で簡単2stepケア。乾燥、小ジワ、尽きない女性のブライトエイジ肌の悩みへ
acceptable	【エトヴォス神戸公式】肌に優しい使い心地で、思わず毎日使いたくなるエトヴォスのスキンケア
unacceptable	【公式】Timee／CM放映中！すきな時間、すきな場所、バイトアプリおすすめ。最短1時間で働ける！
unacceptable	【ゼクシィ】結婚式場カウンター
unacceptable	周南市のアパート情報!一人暮らしやペット可などのテーマから選べる理想のお部屋探し。
acceptable	日本全国で幅広く募集中/高時給リゾバcom/家賃・食費0円で有名リゾートを満喫
acceptable	掃除」の充実で独立開業・起業なら
acceptable	掃除のプロ」をフランチャイズで開業
acceptable	近くの介護施設をお探しなら
acceptable	【公式サイト】住友不動産販売
acceptable	非it系含め2870社8005案件の実績!あなたの希望条件に合わせて非公開案件も紹介
unacceptable	働き単発バイト広島時に働けて、すぐにお金がもらえるスキマバイトサービス／Timee(タイミー)
acceptable	引受基準緩和型医療保険ならオリックス生命。キュア・サポート・プラス
unacceptable	2021年日経優秀製品・サービス賞の最優秀賞受賞。最短5分で発行／ナンバーレスクレジットカード
acceptable	水戸市の新築分譲マンション
acceptable	ヤリスの中古車探し
unacceptable	【公式】CHINTAI／毎日
acceptable	ウェディング相談/千葉で結婚式をご検討中の方へ!あなただけの理想の結婚式をお得に探そう。
unacceptable	ベビー/ネズミ業者
unacceptable	不動産売却ならカウカモ！あなたの物件査定書で全員に1万円分のギフト券プレゼント
acceptable	掃除のプロがフランチャイズオーナーになる」
unacceptable	女性保険の加入は早め保険市場奈良が気になった学資保険をチェック!相談や見直しなら保険市場。
acceptable	オリックスクレジットは借入れ時、借換え時の保証料が無料!その決断に新しい追い風を。
unacceptable	【Saison credit Card apply】貯まったポイントはお買物や別のポイントにも変換OK
acceptable	全国対応のグループホーム求人情報が満載／転職を考えている介護職の方にピッタリ。口コミあり
acceptable	掃除のプロ」がお掃除の仕方を一から丁寧にご説明。
unacceptable	生命保険会社人気ランキング
acceptable	フランチャイズで人気の店
unacceptable	【ライズ】サポート生命保険
unacceptable	保障充実の保険を一括比較
acceptable	【宮城県】の短期バイトなら
acceptable	サンワサプライのワイヤレス拡声器mm-spamp5・1,000点以上の豊富なオリジナル商品が充実。
unacceptable	人気駅から徒歩10分福島県本宮市アパートそうかな？と思ったら【スマホでCHINTAI】
acceptable	SDカード／増設メモリ／USBメモリ／カードリーダーなど、19インチラックサーバーラック
unacceptable	楽天カードはポイントがとにかく貯まりやすい！コンビニやスーパーでのごクレジット楽天が無料
unacceptable	事務所BCPオフィス
acceptable	鍵交換・紛失・修理10,000円～
acceptable	デジタル時計を法人価格で購入。1,000点以上の豊富なオリジナル商品が充実。
acceptable	東京住友不動産浜松町
unacceptable	事業拡大や運転資金にビジネスローンを活用！お客様に合った商品をお探しいただけます
acceptable	貯蓄型のおすすめ保険
unacceptable	個人年金保険選びで迷ったらここ！相談や見直しなら保険市場へ
unacceptable	【イベント実績掲載中】住友不動産浜松町に天井高2ｍ×全天候型大型イベント会場が登場！
acceptable	有効期限なし永久不滅ポイント
acceptable	つづきを見る
acceptable	脱サラ 企業 フランチャイズで独立・開業・起業|ハウスクリーニングのおそうじ本舗おそうじ本舗のフランチャイズはサポート・研修体制が充実。ハウスクリーニング業界未経験でも安心・安定して独立・開業・起業!
unacceptable	楽天カードは2枚目も作成楽天カードマイナポイントお買い物が便利。新規入会＆ご利用で1ポイント
unacceptable	年会費無料のピンクカード限定！好みに合わせて付帯サービスを楽天カード発行日数サービス付き
unacceptable	ナイトミンサプリこちら
acceptable	公式アプリのスマホATM機能で、全国のセブン銀行オリックスマネーから新しいマネーサービス登場
unacceptable	風呂水漏れ修理の費用はこちら
unacceptable	老後に備える保険選び
acceptable	安心の低価格・高品質パソコンラック。タワー型・マウント型ラックも豊富にご用意！
unacceptable	介護職：大阪介護求人
unacceptable	1万口座以上の契約実績。全国の提携金融機関のATMからご利用可能・アイフル事業資金を確認する
unacceptable	【公式】Timee／CM放映中！すきな時間、すきな場所、タイミー広島。最短1時間で働ける！
unacceptable	約100種の条件からあなたにマッチした桑名の賃貸マンションを選べる・三重県の物件多数掲載。
unacceptable	結婚式場相談はウェディング横浜
acceptable	≪簡単2分≫質問事項に答えるだけで依頼完了!フォトグラファー多数登録中。
unacceptable	【旧】個人事業主ローン審査
acceptable	安心」のおそうじ本舗
acceptable	サボンモーヴのシャンプー
unacceptable	ナイトミン/眠る力/小林製薬
acceptable	マタニティフォトを熊本で撮りませんか?・白を基調とした優しいナチュラルテイストな空間
unacceptable	【宇都宮大学寮】公式サイト
acceptable	高知の賃貸物件情報を今すぐCHECK!ライフスタイルを豊かにする情報や最新の賃貸物件を多数ご用意
acceptable	お宮参り写真撮影のご依頼を多数いただいております。はじめてのお宮参り写真は一生の思い出に。
acceptable	掃除のプロが教える!おそうじ本舗集客の裏ワザ
acceptable	高崎市の賃貸物件情報サイト・一人暮らしやペット可などのテーマから選べる理想のお部屋探し。
unacceptable	ホットヨガとヨガ新潟
unacceptable	パンフレット進呈！住友不動産環境に巨大イベント空間誕生。スポーツなど多彩なイベントに対応。
unacceptable	約100種の条件からあなたにマッチした坂井市の賃貸アパートを選べる・毎日豊富な新着物件！
unacceptable	ゴキブリ排水管クリーナー
acceptable	オフィスビルをお探しならBCP。オフィスビル事業を通じて都市と社会に貢献する【住友不動産】
acceptable	デジタル顕微鏡を法人価格で購入。椅子・机などのオフィス用品やPC周辺機器など販売
acceptable	【車のサブスク】新車月額払い
unacceptable	全国対応のホームヘルパー訪問介護員転職転職なら介護ワーカー。求人情報、毎日更新中！【公式】
acceptable	【唐津市】賃貸・アパートを検索
acceptable	楽天ANAマイレージクラブカード
unacceptable	お手頃な保険料/かんぽ医療保険
unacceptable	日本全国どこでも日雇いバイトアプリ会、履歴書は必要なし。条件を満たしていればすぐ働けます。
acceptable	ワイヤレス／呼び出しベル
acceptable	掃除のプロが教えるおそうじ本舗」ブランド認知度の高さで2020年度のご依頼は約27万件以上!
acceptable	岡山県の賃貸物件情報サイト・賃貸マンション・アパート・一戸建ての物件掲載数が豊富。
acceptable	福岡のお部屋探しなら
unacceptable	宇都宮の賃貸マンション・アパート・一戸建ての物件掲載数が豊富。栃木県の物件多数掲載。
unacceptable	サービス提供介護ワーカー
acceptable	【無料】死亡保険オンライン相談
acceptable	掃除のプロが会社員の6倍の売り上げ!
acceptable	楽々クリアな戸棚
acceptable	ビジネスローン事業資金融資
acceptable	経験豊富な本部からのサポート
unacceptable	鹿児島の賃貸物件情報を今すぐCHECK!毎日豊富な新着物件を様々な条件で探せる。
unacceptable	楽天プレミアムカード家族プライオリティパスは別の国際ブランドが選べて、様々な店舗で使える！
unacceptable	看護助手募集県求人
unacceptable	【便利屋】0,0フローリング業者~
acceptable	子どもの保険はオリックス生命
unacceptable	色・オプション等も選択可能車サブスクお得はご自宅へお届け。リース満了時には車がもらえます！
acceptable	【公式】Timee／タイミー
unacceptable	オリックス生ゴルフクラブ予約専門ページ。教育費としてお子さま、お孫さまに残せる保険商品も
unacceptable	【2022年】死亡保険個人年金保険
acceptable	クーラーの効きが悪くなっていませんか?細かい汚れを洗浄で落とします
unacceptable	がん保険安いところ~5位を発表
acceptable	ミツモアおすすめの業者に依頼
acceptable	掃除のプロが会社員を開業をサポート!
acceptable	送料無料・30日間返品保証付き
unacceptable	【公式】旧アイフル個人事業
acceptable	冷蔵庫クリーニング
unacceptable	終身生命保険ネットなら
acceptable	プロの技で窓ガラスをキレイに
unacceptable	ご近所トラブルの修理なら
unacceptable	近くのシロアリ駆除・予防
unacceptable	保険ランキングTOP5
acceptable	【公式】Timee単発バイト日払い
unacceptable	商標登録に強い弁理士に見積もり
unacceptable	ゴルフ車しならカーセンサー
unacceptable	学資保険貯蓄型ランキング
unacceptable	【全国】シロアリ駆除会社の見積
unacceptable	東京住友不動産浜松町
acceptable	駐車場完備／月々1078円～
unacceptable	【公式】南陽賃貸.CHINTAI
acceptable	カンタン2分で依頼完了
unacceptable	がん保険どこが一番お得なの？
unacceptable	物件選び寒河江市アパート物件
acceptable	楽天カードなら主婦・学生・バイトもOK／新規入会＆ご利用で楽天クレジットプレミアムプレゼント
acceptable	掃除のプロが入居者への気配りも抜群!
acceptable	ブライトエイジの初回価格は？
unacceptable	人気・安い・おすすめの保険が知りたい方必見!保険市場ならおがん抗がん剤費用備えておきたい。
acceptable	掃除のプロがオーナー代行!綺麗で快適な生活を送りませんか?
unacceptable	新車のリースよりもお得に。メンテナンスフルパッケージが受けられる
acceptable	2022年最新保険ランキング
acceptable	≪全国対応≫ミツモアだったらお住まいのエリアで雑草の手入れ・除草依頼が手軽にできます。
acceptable	5農協年金保険～4位をご紹介
acceptable	カートリッジ、生活雑貨・物置等を全国にお届けします。整理収納サービス等のサービスもあります。リクシルの内窓(二重窓・二重サッシ)、玄関ドア、トイレなどのリフォームを全国統一、工事費込みの分かりやすい価格で提供しています。lixilの公式オンラインショップです。
acceptable	一人暮らしをお考えなら射水で。ライフスタイルを豊かにする情報や最新の賃貸物件を多数ご用意！
unacceptable	Keyword中古オッティ
acceptable	おそうじ本舗の強味とは
unacceptable	看護助手のお給料が業界最安水準!全国対応の介護職専門の転職支援サイト【介護ワーカー】。
acceptable	綺麗な水で気持ちよくお料理を
unacceptable	安い掛け金で、大きな保障をお手頃な保険料で実現。国内最大級の保険比較サイト【保険市場】
acceptable	店舗なしok/低資金から開業可能」や「最短14日間で開業可能」など、あなたの希望を叶えるおそうじ本舗のフランチャイズ。検討している人は、見積もりを申し込んでみては?
acceptable	結婚式場相談/関東の結婚式場情報!二次会や前撮り、指輪のご相談も可能です。
acceptable	保険市場オンラインランキング
unacceptable	秋田県の賃貸物件熊本多数掲載。初期費用の問い合わせもカンタン！賃貸情報サイトCHINTAI。
unacceptable	【公式】スマホで鳥取賃貸
acceptable	お近くのモデルハウス・イベント・モデルハウス住友不動産空間を巧みに利用したプランニング。
acceptable	保険相談お申込ページ
acceptable	【中古ドイツ車】すべて見る
unacceptable	全国の鍵交換・紛失・修理のプロが登録。お近くのプロからオトクな見積もりが届く!
acceptable	特別な日にしませんか?
acceptable	事務職の派遣求人をご紹介。【駅近・沿線で絞り込みが出来るのはリクナビ派遣だけ】
unacceptable	20代~50代以上の人が気になった収入保障定期保険どちらを、ピッタリの保険がきっと見つかる。
unacceptable	新潟病院介護職員
acceptable	マタニティフォト 大分
acceptable	浄水器取り付け業者をお探しなら
unacceptable	賃貸アパート 岐阜市
acceptable	脱サラ」や「独立・開業」に関するご相談をお受けしています。
unacceptable	ビジネスの中枢を担う「事務所BCP」、2,2坪、2フロア最大2,2坪超の大型オフィスビル。
acceptable	掃除のプロ」として独立・開業するなら
acceptable	テレビ台に最適なTVスピーカーをご紹介。会員ランクに応じてポイント獲得がお得に。
acceptable	簡単3ステップで今すぐエアコン掃除
acceptable	スキマバイト求人をご紹介。利用歴に応じて付与されるEXPでグレード特典を手に入れよう！
unacceptable	申込みから融資まで来店不要
unacceptable	溜キッチンつまり直し方
acceptable	業界店舗数no.1
acceptable	エアコンおそうじ本舗の口コミ
acceptable	店舗施策とアプリで効率的に集客
unacceptable	住友不動産青山オフィスビル
unacceptable	毎日豊富な新着物件！巣子賃貸・家賃相場の検索も可能。学割適用の物件・ペット可など多数掲載
unacceptable	土日も電話相談を承ります
unacceptable	糖尿病でも入れる保険安い5位
unacceptable	保険市場おすすめの年金型保険
acceptable	掃除のプロが会社員をno.1に/おそうじ本舗
acceptable	（オリックス生命）保険
acceptable	ネットで完結するカーリース
unacceptable	入らなくてよかった生命保険
acceptable	グループホームの求人をお探しなら!年収400万円以上・土日休みなどの条件で検索。経験者優遇の求人も
acceptable	【甲府市】賃貸アパート情報
acceptable	掃除の質」が売上を大きく左右する時代になりました。おそうじ本舗の売上構成比は95%が掃除業。日々のお掃除では取りきれない汚れをプロの技で落とします。
unacceptable	メルセデスaクラス台を探す
unacceptable	ウェディング相談/千葉で結婚式をご検討中の方へ!あなただけの理想の結婚式をお得に探そう。
unacceptable	【公式】Timee／CM放映中！すきな時間、すきな場所、タイミーバイト。最短1時間で働ける！
unacceptable	楽天カードはポイントざくざく貯まる、お得なクレジットカード!券面デザインが選べる
unacceptable	保険料医療保険終身
unacceptable	終身保険rise/ライズ
unacceptable	向けビジネスローン
acceptable	家をリフレッシュしたくなったら
acceptable	【保険料シミュレーション】性別と年齢で月々の保険料をチェック！お手頃な保険料は上がりません
acceptable	中古車アルト販売（USEDCAR）
acceptable	【住友不動産】一戸建て価格
unacceptable	約100種の条件からあなたにマッチした松江市の賃貸アパートを選べる・賃貸情報サイト CHINTAI。
acceptable	地域密着」を標榜し、山口県をはじめ、全国でfc加盟店を募集中!
acceptable	隙間時間でバイト探し。すきな時間、すきな場所、すきな職種で最短1時間から働けます。
unacceptable	持病や入院・手術経験のある方も入りやすい終身85歳でも入れる保険キュア・サポート・プラス
acceptable	おそうじ本舗」「おそうじ本舗のフランチャイズで独立・開業・起業|ハウスクリーニングのおそうじ本舗おそうじ本舗のフランチャイズはサポート・研修体制が充実。ハウスクリーニング業界未経験でも安心・安定して独立・開業・起業!
unacceptable	加齢で減少するコレステロールの上昇を緩やかにし、血圧を下げない・悪玉コレステロール対策なら
acceptable	生活支援員の求人、転職なら介護ワーカー。専任のアドバイザーがあなたの転職をお手伝いします
acceptable	可愛いiPhoneアクセサリーが勢揃い。スタンド／充電器など、スマホのアクセサリーを多数取り揃え
acceptable	保険金額と保険期間を自由にカスタマイズ。ムダのない保障選びで保険料を抑えることができます。
acceptable	人気のがん保険をプロが比較
unacceptable	口コミやサンプルネズミ業者も安心してご利用いただいています!動画撮影のご依頼はミツモアで。
acceptable	ハウスクリーニングのプロが専用機材・洗剤を使用し、スピーディーかつ丁寧に汚れを落とします。
unacceptable	尼崎 デイサービスの求人、転職なら介護ワーカー。もっとキャリアアップできる職場へ
acceptable	ネズミ捕り・殺鼠剤に頼らず退治
unacceptable	宮崎市の賃貸アパート情報を今すぐチェック!毎日豊富な新着物件を様々な条件で探せる。
unacceptable	浄水器カートリッジ交換退治
unacceptable	ハイゼットトラックフランス車
unacceptable	ネズミ撃退法撮影
unacceptable	《CHINTAI》盛岡市賃貸情報物件
unacceptable	ゼクシィ相談カウンター料金し
acceptable	1時間タイミー日雇い
acceptable	土佐市/賃貸アパート情報サイト
acceptable	八戸市/写真館の予約
acceptable	デイサービスの求人、転職なら介護ワーカー。もっとキャリアアップできる職場へ
acceptable	全国のチラシデザインプロが登録。最大5社から届く見積もりを比較して、オトクに依頼しよう。
unacceptable	おすすめビジネスローン
unacceptable	【公式】Timee／CM放映中！すきな時間、すきな場所、タイミー兵庫。最短1時間で働ける！
unacceptable	保険30代男性既婚おすすめ0~5位
unacceptable	部分清掃・草刈り費用
acceptable	掃除のプロが専門機材・洗剤を使用し、スピーディーかつ丁寧に汚れを落とします!
unacceptable	オリックス生命の保険商品・保険料のチェックはコチラから・【〇〇〇〇】
acceptable	独立・開業の充実サポート。ブランド認知度の高さで一般宅からの依頼多数。短い期間で利益確保。
acceptable	介護ワーカー広島市介護求人
acceptable	アイフルは個人事業主でも事業資金の調達が可能。原則、無担保・無保証で事業資金を借入れできる
acceptable	がん保険どこが一番お得なの?
acceptable	掃除のプロ」がオーナーを勤める安心・安定経営のfcビジネスで、安心と信頼の実績多数!全国約1,701店舗展開中!
unacceptable	姫路市の介護求人がザクザクみつかる!グループホーム等様々な施設形態、勤務形態で求人検索可能
unacceptable	年齢・性別から選べるおすすめの生命保険をご紹介・国内最大級の保険比較サイト≪保険市場≫
unacceptable	菊陽の賃貸マンション情報!ライフスタイルを豊かにする情報や最新の賃貸物件を多数ご用意
acceptable	介護ワーカー看護助手求人
acceptable	オリックスファインセーブ/試算
unacceptable	介護病棟看護助手の求人情報が満載。年収400万円以上などの詳細条件で検索可能。口コミも紹介
acceptable	ネットでカンタン申し込み
acceptable	掃除のプロが充実の実績|ハウスクリーニングのおそうじ本舗おそうじ本舗のフランチャイズはサポート・研修体制が充実。ハウスクリーニング業界未経験でも安心・安定して独立・開業・起業!
unacceptable	生命保険はいれなくて、入れない人にもおすすめ・充実の保障で保険料はずーっとあがらない！
unacceptable	面接や登録会、履歴書は必要Timee会、履歴書は必要なし。条件を満たしていればすぐ働けます。
acceptable	24時間365日の事故受付
unacceptable	新車サブスクリース車契約
acceptable	山形の物件多数掲載。ライフスタイルを豊かにする情報や最新の賃貸物件を多数ご用意
unacceptable	たった3分の入力で最も安い医療保険が分る。保険料シミュレーションで保険料をチェック
acceptable	リビングの飾り棚や洗面所の小物置き、クローゼットなどアイデア次第で使いこなせる収納棚です。
acceptable	【依頼者120万人突破】全国47都道府県でご依頼実績あり
acceptable	持病がある方、健康に不安がある方も入りやすい一生涯保障の医療保険。
unacceptable	日本全国どこでも空いた時間にバイト会、履歴書は必要なし。条件を満たしていればすぐ働けます。
acceptable	人気エリア･駅近物件多数
unacceptable	賃貸マンション・初期費用の佐賀市賃貸物件物件掲載数が豊富。賃貸情報サイトならCHINTAI
acceptable	スタジオ アリスで妊婦さんのためのマタニティーセミナー。万全の対策で安心安全の撮影を。
acceptable	入退去時のハウスクリーニング
unacceptable	大阪}で住宅売却・価格を柏原不動産売却するなら
acceptable	ハウスクリーニング/独立開業
acceptable	奈良県の賃貸物件情報サイト・一人暮らしやペット可などのテーマから選べる理想のお部屋探し。
acceptable	壁紙クロス清掃ならおそうじ本舗
unacceptable	賃貸駿東郡清水町賃貸
unacceptable	新宿住友ビル三角オフィス空室
unacceptable	宇都宮市の賃貸物件情報サイト・人気駅・栃木県の物件多数掲載・快適な生活を送りたい！
acceptable	【頭金0円】WEB完結のカーリース
unacceptable	お手頃な保険料/死亡保険
unacceptable	悪玉コレステロールを下げたい！小林製薬の紅麹コレステヘルプで、気になるコレステロールの薬を
acceptable	掃除のプロ」が集客や売り上げアップの充実サポート!
acceptable	浴室掃除はプロの技にお任せ
acceptable	個人事業主におすすめのビジネスローン。アイフルビジネスファイナンスなら最短即日融資可能
acceptable	八代の賃貸物件情報サイト・賃貸マンション・アパート・一戸建ての物件掲載数が豊富。
acceptable	フローリング張り替え費用20畳
acceptable	紅麹コレステヘルプ／公式
acceptable	価格満足度92%/最安のプロ探し
unacceptable	化粧水・乳液状美容液で簡単2stepケア。乾燥、小ジワ、尽きブライトエイジ定期女性の悩みへ
unacceptable	敷金礼金ゼロの物件半田市アパート／家賃相場・学校名で検索：ライフスタイルに合ったお部屋探し
unacceptable	約100種の条件からあなたにマッチした土佐市の賃貸アパートを選べる・賃貸情報サイト CHINTAI。
acceptable	介護付老人ホームをさがすなら
acceptable	旭川の賃貸物件情報サイト・毎日豊富な新着物件を様々な条件で探せる。
acceptable	旭川市/写真館の予約
unacceptable	オフィスビル空オフィスビル移転
unacceptable	ペット可の賃貸物件検索サイトで埼玉の賃貸物件を探すなら・掲載中の物件を定期的にチェック！
acceptable	スキマバイト広島
acceptable	掃除のプロ」がオーナー代行!年商約111万円/充実の研修制度で安心開業!
acceptable	プリウスの中古車探し・カーセンサー認定車多数、あなたに合った車探しをサポート！
acceptable	掃除のプロが家庭の問題を解決!おそうじ本舗のプロが解決!
acceptable	福島市の賃貸物件
unacceptable	急いでお金を借りるには?
acceptable	【藤岡市】賃貸アパート情報
acceptable	掃除のプロが家庭を掃除すればキレイに/
unacceptable	医療保険はどこがおすすめ?
acceptable	脱サラ」「独立」など新しい道でおそうじ本舗を開業するなら
unacceptable	【CURENext】キュア・
unacceptable	生命保険はどこが一番お得なの？
acceptable	おそうじ本舗」ブランドで展開中!全国約1,701店舗/業界未経験の開業実績は約95%
unacceptable	【がんほけん】20代～50代以上に人気のがん保険1位～5位をランキング別に徹底比較！
acceptable	水道つまりの値段を見積もり比較
acceptable	水漏れの修理・補修を業者に依頼
unacceptable	【1】アイフルファイナンス
unacceptable	水栓取付のみの依頼もOK
unacceptable	神戸の介護求人がザクザクみつかる!グループホーム等様々な施設形態、勤務形態で求人検索可能
acceptable	医療保険保険市場デメリット
unacceptable	約100種の条件からあなたにマッチした松本市の賃貸アパートを選べる・長野県の物件多数掲載。
unacceptable	主人恋日記漫画無料で試し読み
acceptable	直売カーセンサー/分割払い購入
unacceptable	不動産カウカモ査定
unacceptable	【死亡保険】妊娠メリウス保険は死亡保障で選ぶべき／年齢と性別を入力して保険料比較も可能
acceptable	掃除のプロ」が講師を務める
unacceptable	東京住友不動産八重洲
unacceptable	【万一のときに備える保険】病気・事故・災害でも同額の入院保険おすすめ充実させるなら定期保険
acceptable	クリアなガラスでお部屋が明るく
acceptable	中古車情報／ジューク日産中古
acceptable	メディケア生命の保険商品・保険料のチェックはコチラから・ネットで簡単スムーズに申込み。
unacceptable	全国の家具人探し熊本家電やパソコンなども対応。家具運搬、大型運搬はプロに任せて一気に解決。
unacceptable	お近くの蛇口交換・修理のプロ
acceptable	ワックス剥がし／オプション対応
unacceptable	楽天楽天カード学生特典が広がる
acceptable	ヴィヴィオ中古多数
unacceptable	メディケア生命保険／
acceptable	オリックス生命の引受基準緩和型医療保険通院・サポート・プラスは持病のある方も申込めます。
unacceptable	初回ごくちゅう漫画でイッキ読み
acceptable	敷金・礼金0、初期費用が抑えられる
acceptable	サンワサプライ公式通販サイト
acceptable	掃除のプロが店舗売上アップのサポート!
acceptable	ららぽーと公式通販サイト
unacceptable	フローリング補修をお探しなら
acceptable	掃除のプロが会社員の年収の3倍!おそうじ本舗の説明会は、地域や年代に応じたケースの事例をご紹介。
unacceptable	実例・塗蛇口の取り付け方
unacceptable	見積もり無料
unacceptable	賃貸物件熊本サイト
acceptable	保険市場が保険相談キャンペーンを実施。webや電話で申し込める
acceptable	納得価格
unacceptable	都心にある2棟を超えるすみふオフィスオフィスや賃事務所を条件に合わせて検索できる公式サイト
unacceptable	事業資金の調達ならこちら
unacceptable	楽天ETCカードはポイント最大3倍貯まる!通行料金100円につき1ポイント貯まる
unacceptable	バイトで稼ぐなら橋本環奈
acceptable	掃除のプロが家庭円満の秘訣を伝授
acceptable	脱サラ」や「独立・開業」を検討中の方へ
unacceptable	高知でお部屋探しをご検討中の方へ!毎日豊富な新着物件を様々な条件で探せる。
acceptable	死亡保険を見直したい方へ
unacceptable	児童養護施設の求人情報がザクザクみつかる!年収400万円以上などの詳細条件で検索可能。
unacceptable	アテンザの式場
unacceptable	横手アパート物件あり
unacceptable	2022年医療保険ランキング
unacceptable	資料請求・相談無料、国内最大級の保険市場
acceptable	研修が充実している／安心／安心して独立・開業・起業！
acceptable	週1日勤務など、あなたの希望に合ったバイト求人情報をご紹介。日本全国どこでも働ける神アプリ
unacceptable	不動産売却／カウカモ
unacceptable	鍵交換クリーニングを依頼
unacceptable	オリックス生命公式ホームページ
acceptable	おそうじ本舗の説明会は、地域や年代に応じたケースの事例をご紹介いたします。
acceptable	法人向けローン事業資金融資
unacceptable	一人暮らしやペット可などのテーマから選べる理想のお部屋探賃貸マンション前橋物件多数掲載中
unacceptable	神戸市の介護求人がザクザクみつかる!グループホーム等様々な施設形態、勤務形態で求人検索可能
acceptable	フローリングの輝きがお部屋を変える!お掃除が大変なフローリングのワックスはプロにお任せ
acceptable	公式hpで見る
unacceptable	学生専用／お楽天カードetc複数
unacceptable	公式通販コスメファンデーション
acceptable	デイサービスの求人、転職なら介護ワーカー。また働いている方の声や職場の雰囲気もお伝え可能
unacceptable	ネットの生命保険なら定期死亡保険「かぞくへの保険」年齢と性別を入力して保険料比較も。
acceptable	スキマバイト探しなら広島で。すきな時間、すきな場所、すきな職種で最短1時間から働けます。
acceptable	掃除のプロ」がおそうじ本舗のフランチャイズで独立
acceptable	家庭で落ちない汚れはプロにお任せ「使って実感、見て実感」悩み事をキレイに解決いたします
unacceptable	ここにしかない非公開の求人の神戸介護求人まで完全無料。今年こそ転職したいあなたへ
unacceptable	名古屋介護福祉士になるには求人
acceptable	おそうじ本舗の説明会は、和歌山県に応じたケースの事例をご紹介。
unacceptable	楽天カード/ETC後付けでおトク
acceptable	プレーヤーの詰め替えインク
unacceptable	【公式】スマホで札幌部屋探し
unacceptable	【公式】セゾンブルーカード
acceptable	面倒なエアコンクリーニングはプロの技にお任せ！安心と信頼の実績【おそうじ本舗】でキレイに！
acceptable	三井ダイレクト損保
acceptable	南アルプス市の賃貸物件情報サイト・賃貸マンション・アパート・一戸建ての物件掲載数が豊富。
acceptable	レガシィの中古車探し
acceptable	高級分譲マンション
acceptable	パパ・ママのための学資保険5選
unacceptable	全国の草刈り・芝刈りのプロが登録。お近くのプロからオトクな見積もりが最短1分で届く。
unacceptable	ライズサポートプラス
acceptable	FJクルーザーをご検討の方
acceptable	すぐ行けるフェア情報・結婚式場が満載!ウエディング、ブライダルならゼクシィ
unacceptable	【2022年】草むしり依頼
unacceptable	天井高最大2ｍ。EXPO・住友不動産西新宿5丁目プロジェクトやさしい安心安全なオフィスビルづくり
unacceptable	楽天カードマイナポイント楽天.1
unacceptable	ゼクシィーなら、結婚相手と真剣に向き合いながら理想の結婚を叶える!結婚式準備はゼクシィ。
unacceptable	70歳オリックス生命ライズの方や、持病のある方もぴったりな保険が見つかる。資料請求はこちら
acceptable	掃除のプロ」が専門機材を使用し、スピーディーかつ丁寧に汚れを落とします!
acceptable	土地探しの中古住宅住友不動産を採り入れ、既成概念にとらわれない斬新なデザインをご提案。
unacceptable	満足度97.9%の保険相談とは?
acceptable	【鳥栖】賃貸・アパートを検索
unacceptable	法人の方は決算書1期分と本人確認書類1点で最短即日自営業でも借りれるはWEBでラクラク申込み。
unacceptable	車リースより車のサブスク
acceptable	公式snsフォローでスマホ撮影ok
unacceptable	大分県賃貸情報情報サイト
acceptable	オリックス生命ライズの口コミは?教育資金・豊かなセカンドライフ・葬儀費用・お墓代などに…
unacceptable	生命保険の人気TOP５を発表
acceptable	楽天Edy楽天カード学生特典
acceptable	【公式】CHINTAI
acceptable	『デスク周りを整理しませんか？』オフィス商品ならサンワダイレクト！まとめ買いで値引きも可能
unacceptable	楽天カードクレジットポイント
unacceptable	壬生駅の新築戸建て情報はこちらから・毎日豊富な新着物件を様々な条件で探せる。
unacceptable	間取りや、駅徒歩、駐車台数など、人気のこだわり条件から古河市の新築一戸建てを探せる!
acceptable	保障を自由にカスタマイズ可能
unacceptable	全国のネズミ駆除の専門業者が登録。条件に合ったネズミ駆除・防鼠工事の見積もりが届く！
unacceptable	敷金礼金ゼロの物件あり／家賃相場・学校名で検索：ライフスタイルに合った物件探神栖市アパート
unacceptable	最大5人のプロに相談できるので、トイレの水漏れなど、種類・対象に応じた対策をプロにお任せ。
unacceptable	初期費用の問い合わせもカンタン・ライフスタイルを豊かにする土崎アパートサイトならCHINTAI
acceptable	ベランダ掃除の業者をお探しなら
acceptable	学習状況をスマホでいつでも確認
acceptable	掃除」のフランチャイズで独立するなら。依頼年間約27万件【不況に強い】おそうじ本舗がおすすめ
acceptable	在宅勤務に最適なオフィスアイテム多数／ワイヤレスヘッドセットが大人気！手ぶらで電話対応
acceptable	小学校一年生向けの通信教育。塾・学習教室と比べて年間約「96,000円」もお得に
unacceptable	【必見】「売却する時期はいつがいい？今のタイミングってどうなの？」と気になる方／まずは相談
unacceptable	福井市の賃貸アパート情報!毎日豊富な新着物件を様々な条件で探せる。
unacceptable	シニア死亡保険シュミレーション
unacceptable	お近くのリフォーム草刈り0選
acceptable	病気やケガの入院、通院を一生涯保障する医療保険です。まずは無料で資料請求！
unacceptable	永久不滅ポイントは貯まる・使える・交換できるお得なポイントサービスです
acceptable	オフィスにマッチする業務用タイプからインテリアに活動量計払い、送料無料など、最短当日出荷！
acceptable	保険市場/保険市場おすすめの死亡保険
unacceptable	新車サブスクリース会社
acceptable	エトヴォスの人気ファンデーション
acceptable	【宇和島市】賃貸アパート情報
acceptable	ゼクシィーなら、結婚相手と真剣に向き合いながら理想の結婚を叶える!フェア予約はこちら
acceptable	福岡の賃貸物件情報を今すぐCHECK!賃貸マンション・アパート・一戸建ての物件掲載数が豊富。
acceptable	【公式】Timee／CM放映中！すきな時間、すきな場所、空いた時間にバイト。最短1時間で働ける！
unacceptable	南アルプス市 CHINTAI
acceptable	アプリ開発ならヤプリ【公式】
unacceptable	県民共済なら保険料が男性も女性もお手頃です!人気・安い・おすすめの保険が知りたい方必見！
unacceptable	化粧水・乳液状美容液で簡単4STEPケア。乾燥、小ジワ、尽きブライトエイジシミ女性の悩みへ
unacceptable	パンフレット進呈！住友不動産耐震に巨大イベント空間誕生。スポーツなど多彩なイベントに対応。
acceptable	掃除の質で集客効果が左右されるおそうじ本舗
acceptable	【公式】サンワサプライ直営通販
unacceptable	2022年学資保険63歳死亡保険
acceptable	新車のリースよりもお得に。リクルートが提供する「直売カーセンサー」
acceptable	賃貸マンション入居前の掃除
acceptable	脱サラ」や「独立・開業」をお考えなら
unacceptable	豊富な物件情報でこだわり条件の賃貸情報サイトを滋賀で。初期費用の問い合わせもカンタン！
unacceptable	人気の引受基準緩和型保険が見つかる。生命保険おすすめ30代は5人に1人と推察されています。
unacceptable	神戸の介護求人がザクザクみつかる!全国対応の介護職専門の転職支援サイト【介護ワーカー】。
acceptable	保険市場イチオシの”保険市場”
acceptable	費用や料金体系はこちらから
acceptable	事業拡大や個人事業主事業資金にビジネスローンを活用！お客様に合った商品をお探しいただけます
acceptable	掃除のプロが店舗を構える」に関する企業数社の事例です。
acceptable	掃除のプロが高収入える
acceptable	【公式】Timee／タイミー軽作業
acceptable	洗濯機の水漏れを修理
unacceptable	三大疾病保険ランキング
acceptable	タイミーで軽作業をご検討中の方へ!面接や登録会、履歴書は必要なし。
unacceptable	南アルプス市の賃貸物件情報サイト・毎日豊富な新着物件を様々な条件で探せる。
acceptable	窓ガラス清掃をお探しなら
acceptable	長岡の賃貸物件情報を今すぐCHECK!ライフスタイルを豊かにする情報や最新の賃貸物件を多数ご用意
unacceptable	女性保険はどこ保険通院
acceptable	初回限定70%OFFクーポン進呈
unacceptable	一人暮らしやペット可などのテーマから選べる理想のお部屋探大和高田市アパートはCHINTAI
acceptable	急ぎのハウスクリーニングは
unacceptable	【公式】ゼクシィ結婚カウンター
acceptable	デイサービスの求人募集情報
unacceptable	【公式サイト】敦賀マンション
unacceptable	ETCカードの審査はこちら【原則、在籍確認なしの楽天カード】100円で1ポイント貯まる！
unacceptable	アンテナトイレつまり料金
unacceptable	害虫駆除・草刈り費用
unacceptable	≪全国対応≫全国のプロに雑草の手入れを依頼。厳選された5社から見積もりが届く。
unacceptable	乃木の賃貸マンション情報!ライフスタイルを豊かにする情報や最新の賃貸物件を多数ご用意
unacceptable	介護職員初任者研修を無料で体験できる。また転職サポートを使えばスムーズに転職ができます。
unacceptable	医療保険／医療保険試算
acceptable	おそうじ本舗」とは?
unacceptable	会津若松市の賃貸物件情報サイト・賃貸マンション・アパート・一戸建ての物件掲載数が豊富。
acceptable	テンキーを法人価格で購入。WEBカメラ／モバイルバッテリーなど、PC周辺機器を多数取り揃え
unacceptable	メディケア保障内容
unacceptable	LDLコレステロールが気になる方の内臓脂肪の吸収を抑える・【初回限定ハーフサイズ980円】。
unacceptable	福岡市猫可の賃貸物件情報あり。ライフスタイルを豊かにする情報や最新の賃貸物件を多数ご用意
unacceptable	最大5人を選定
acceptable	キングダム全巻無料立読み
acceptable	リクナビ派遣で理想のライフスタイルをつかもう！あなたに合う職がきっと見つかる
acceptable	サンワダイレクトのサーバーラックはこちら。2000円以上送料無料、最短当日出荷！
acceptable	クレジットカードの作成はこちら
unacceptable	依頼総額760億円突破!どんな家具運搬にも対応。家具運搬、大型運搬はプロにネズミ退治できる。
unacceptable	福井県鯖江市の新着アパート情報を毎日更新!最新の空き状況や詳細情報がスマホで確認できる
acceptable	浴室クリーニングなら
acceptable	カード盗難保険付帯で安心
acceptable	はじめてのお宮参り写真は一生の思い出に。衣装も充実!はじめてでも安心サポート
unacceptable	法人フリーランスローン融資
unacceptable	【エトヴォスファンデ成分】
acceptable	宮城県の短期バイト情報掲載。利用歴に応じて付与されるEXPでグレード特典を手に入れよう！
acceptable	タイミーなど日雇い歓迎の求人をご紹介。メンドウな面接や履歴書も一切必要ありません！
unacceptable	ETCカードなら楽天ETCカード
acceptable	山形の賃貸物件
acceptable	ルークスの中古車探し
acceptable	アウトバックの中古車探し
acceptable	15万棟以上の実績(グループ累計)／100件以上の実例紹介／《9年連続》グッドデザイン賞受賞
unacceptable	【公式】個人事業主借入審査
acceptable	ご利用も、ご返済も、インターネットで。カーVIPローンカードでもっと自由に、もっと便利に。
acceptable	ハウスクリーニングならおそうじ本舗
unacceptable	永年セゾンクレジットカード
unacceptable	近く付近でシロアリ駆除のプロを見つけよう。最大５社から見積もりがすぐ届く。
unacceptable	カーローンのおすすめはどこ?
unacceptable	医療保険の資料請求はコチラ
acceptable	洗濯槽クリーナーで汚れを落としたつもりになっていませんか？分解洗浄で汚れを根こそぎキレイに
unacceptable	【価格満足度92%】最大5名の鍵交換・紛失・修理のプロから見積もりが届く
acceptable	エアコン掃除ならおそうじ本舗/口コミ
acceptable	熊本県の賃貸物件情報サイト・一人暮らしやペット可などのテーマから選べる理想のお部屋探し。
unacceptable	平野デイサービス帯広求人
acceptable	水漏れ修理の業者を口コミ比較
acceptable	お客様満足度97.9%。スマホとネット環境があれゆうちょ個人年金保険。保険の比較なら保険市場！
unacceptable	オリックス生命のマイページはこちら・オリックス生命／1分で保険料シミュレーション！
unacceptable	シーズンに人探し値段
acceptable	オリックス生命は70歳以上の方や、持病のある方もぴったりな保険が見つかる。オリックス生命
acceptable	富山市/賃貸アパート情報
unacceptable	最新の介護ワーカー介護施設の求人が多数。専任アドバイザーが面接の同行も。手取り等で検索可能
unacceptable	津山市アパート物件多数掲載。初期費用の問い合わせもカンタン！賃貸情報サイトCHINTAI。
unacceptable	兵庫県の物件多数掲載。初期費用の問い合わせもカンタン！長野市賃貸マンション物件を多数ご用意
acceptable	新発田市の賃貸物件情報サイト・一人暮らしやペット可などのテーマから選べる理想のお部屋探し。
unacceptable	全国対応のケアマネージャー廃止情報が満載！専任のアドバイザーがあなたの転職をお手伝いします
acceptable	蛇口交換・修理の料金相場
unacceptable	【万一のときに備える保険】病気・事故・災害でも同額の終身生命保険貯蓄充実させるなら定期保険
unacceptable	原因不明の詰まり、つまり水のトラブルはご相談ください。夜間・休日の修理にも対応。
unacceptable	≪見積もり無料≫最大5社から見積もりがすぐ届く。即日で見積もりが届きます!
acceptable	掃除のプロが独立・開業/安心開業
unacceptable	ETCカード即日発行/楽天市場
unacceptable	鳥取環境大学のパンフ&願書を資料請求!賃貸マンション・アパート・一戸建ての物件掲載数が豊富。
acceptable	質が高いと評判のホットヨガ
unacceptable	エトヴォスランキング【公式】
acceptable	【入会金・年会費無料】24時間・365日ご利用可能なオリックスマネーローンのWEB完結ローン！
acceptable	脱サラ」による開業は、ハウスクリーニング業界未経験でも安心・安定して独立・開業・起業!
unacceptable	オフィスビル空オフィスビルESG
unacceptable	神戸 訪問介護の求人、転職なら介護ワーカー。また働いている方の声や職場の雰囲気もお伝え可能
acceptable	【公式】家族のみの結婚式
unacceptable	【横浜】1Kの賃貸物件を探す
unacceptable	人気のシニア保険がランキング形式で無選択型保険死亡保険に分かる。安い保険もひと目で分かる
unacceptable	ケアマネージャー仕事内容市求人
acceptable	2022年保険市場デメリット
acceptable	特別養護老人ホームの求人が満載
acceptable	秋田の賃貸物件情報を今すぐCHECK!ライフスタイルを豊かにする情報や最新の賃貸物件を多数ご用意
unacceptable	メディケア生命 公式サイト
unacceptable	【おすすめ】七大生活習慣病には特に手厚い保障の医療保険
unacceptable	茨城県アパートへ
unacceptable	オンラインストア／etvos取扱店
unacceptable	学資保険の利率ランキング
acceptable	壁紙クリーニング/掃除代行/ハウスクリーニングのサービス
unacceptable	全国の除草業者が登録。条件に合った除草業者が見つかる!
acceptable	地域密着」という言葉を多くの方が使っているように、地域密着で開業しているおそうじ本舗は、地域密着で開業しているだけあって、非常に集客や売り上げアップのノウハウが充実しています。pcもしくはスマホで、ご自宅からも簡単にご参加いただけます。
unacceptable	≪価格満足度92%≫単身の要件や流れ、草刈り・冷蔵庫などの家具運搬のプロに無料で見積が取れる
acceptable	企業様に特化した事業者ローン
unacceptable	ldlコレステロールを下げる薬い
acceptable	マタニティフォトスタジオアリス
unacceptable	「タイミーコールセンター」
acceptable	高崎市の新着アパート情報を毎日更新!賃貸マンション・アパート・一戸建ての物件掲載数が豊富。
acceptable	徳山賃貸マンション情報サイト
unacceptable	秋田介護福祉士になるには求人
unacceptable	福島市介護介護札幌
acceptable	【甲斐市】賃貸・アパートを検索
acceptable	【貯蓄終身保険ライズ評判保険】
acceptable	MINI(ミニ) 中古車。プロの第三者機関が見極めた‐安心のカーセンサー認定車を多数掲載です！
unacceptable	【バイト】アプリおすすめなら
acceptable	【おすすめのセール対象作品が充実】話題の漫画を無料で試し読み！人気少年・ガールズ漫画が充実
unacceptable	化粧水・乳液状美容液で簡単2stepケア。ブライトエイジ、小ジワ、尽きない女性のお肌の悩みへ
acceptable	北海道の賃貸物件
unacceptable	360富雄賃貸マンションの物件あり／家賃相場・学校名で検索：ライフスタイルに合ったお部屋探し
acceptable	赤ちゃんの写真撮影は出張撮影
unacceptable	人気駅から徒歩10分香川県アパート／家賃相場・学校名で検索：ライフスタイルに合ったお部屋探し
acceptable	安心安全の標準仕様
acceptable	スマイルゼミ小学1年生・タブレットで学ぶ幼児・小学生・中学生の通信教育。
unacceptable	姫路の介護求人がザクザクみつかる!また転職サポートを使えばスムーズに転職ができます。
acceptable	中古車販売（USEDCAR）
unacceptable	積立保険/死亡保険も保障対象
acceptable	【ゼクシイ】公式通販サイト
unacceptable	宇佐市の賃貸アパート情報!家賃相場・学校名で検索：ライフスタイルに合ったお部屋探し
unacceptable	【24時間ご依頼可能】急な手配が必要な方にネズミ退治に効くもののカメラマンを見つけましょう。
unacceptable	低予算で車を検討している方へ。残価設定ローン見積もりできるサイト「直売カーセンサー」です。
unacceptable	全国対応の介護職専門の姫路介護職求人情報を優先的にご案内。もっとキャリアアップできる職場へ
acceptable	住友不動産飯田橋店
acceptable	オリックス生命の入院・手術はお手頃な保険料で実現。オリックス生命はネットでカンタンお申込み
acceptable	中古車情報アウトバック中古
unacceptable	イキついた小林製薬のナイトミン
acceptable	業界no.1の店舗数。選べる2つのプランから全ての縦型洗濯機をしっかりお掃除!
acceptable	最大５社から見積りがすぐ届く
acceptable	富山市／賃貸アパート情報
acceptable	Edy機能楽天マイナポイント楽天が便利、これ1枚でお買い物が可能／1円相当のポイント貰える
unacceptable	お客様満足度97.9%。スマホとネット環境があれ死亡保険持病あり安いをランキング形式で比較可能
unacceptable	医療保険のおすすめは40代から
acceptable	気になる街の治安・口コミ情報も
unacceptable	カーリースと車のサブスクを比較
acceptable	皆に選ばれた終身死亡保険とは
acceptable	アプリのデザインは自由自在。動画やウェブビュー、ポップアップなど多数
unacceptable	個人金貸し個人選ばれるローン
acceptable	新潟市の賃貸マンションなら
unacceptable	全国のハチの巣駆除の専門業者が登録。条件に合ったハチの巣駆除の見積もりが届く!
unacceptable	実例・塗はいすいこうのつまり
acceptable	介護施設の求人
unacceptable	【公式】いきいきスポーツ
acceptable	脱サラ」や「独立・開業」に関する記事なら何でもokです!業界のプロが教えるおそうじ本舗の「脱サラ」ガイド
unacceptable	etvosとは?
unacceptable	{location(city)}で医療保険
acceptable	赤ちゃんの撮影・写真撮影
unacceptable	持病のある方も申込める保険がオリックス終身医療保険ます。お手頃な保険料の医療保険や死亡保険
unacceptable	保険市場/個人年金 おすすめ
acceptable	住みやすく心地よい家をご提案
acceptable	野々市市の賃貸物件情報サイト・賃貸マンション・アパート・一戸建ての物件掲載数が豊富。
unacceptable	認知症78歳でも入れる死亡保険をランキング形式で比較。介護保険の相談、保険選びは保険市場!
unacceptable	賃貸 半田の物件を売却するなら
acceptable	＼きっと見たい作品が見つかる／
acceptable	動画見放題 アプリの決定版
unacceptable	高崎ホットヨガ
unacceptable	中古車販売（USEDX4中古AR）
unacceptable	最短１分で見積もりが届く
unacceptable	楽天カードetcカード楽天発行期間のピンク色デザイン！楽天グループ優待サービスでもっとお得に
unacceptable	経理仕事内容求人を紹介
unacceptable	水漏れ費用・幼虫・害獣の駆除
unacceptable	金沢区の物件多数掲載。一人暮らしやペット可などのテーマから選べる理想のお部屋探し。
unacceptable	ちひろ漫画も配信
unacceptable	オリックス告知書終身保険
acceptable	ゼクシィがあなたにピッタリな結婚式場をご紹介!《ゼクシィフェア》事前予約でスムーズ参加
unacceptable	生命保険終身60歳5位
unacceptable	帝王切開・乳がん・子宮筋腫など女性特有の病気やがんをお手頃な保険料で手厚く一生涯保障!
acceptable	未経験でも安心の独立・開業|ハウスクリーニングのおそうじ本舗おそうじ本舗のフランチャイズはサポート・研修体制が充実。ハウスクリーニング業界未経験でも安心・安定して独立・開業・起業!
acceptable	（最短当日出荷）安心のメーカーや型番から対応キーボード・マウント型ラックも豊富にご用意
unacceptable	ペット宮崎大学アパート暮らせる
unacceptable	姫路 デイサービスの求人、転職なら介護ワーカー。給与・休暇に妥協をしない転職なら
unacceptable	【ガス自由化】お引越しなら
acceptable	楽天カードは2枚目も作成可能。2種類の国際楽天カード学生特典が選べて、様々な店舗で使える！
acceptable	人気のバイトが即日融資可能!すきな時間、すきな場所、すきな職種で最短1時間から働けます。
acceptable	モデルハウスの来場予約はこちら
acceptable	フローリング・床板の張り替えなら
acceptable	業界一厳しい検査機関が中古車のキズを細かくチェック！カーセンサー認定車で安心した車選びを。
unacceptable	大津市の賃貸アパート・アパートをお探しの方へ。賃貸情報サイトならCHINTAI
acceptable	飯田市の賃貸住宅情報を今すぐCHECK!賃貸マンション・アパート・一戸建ての物件掲載数が豊富。
unacceptable	インターネット申込みなら、一度のお手続きで医療保険もメディケアもまとめてお申込みが可能。
unacceptable	わかりづらい保険の内容はオンラインでもご相談可能。
acceptable	掃除のプロが家庭を掃除のプロに!おそうじ本舗ならしつこい油汚れも徹底的に清掃・洗浄してピカピカに仕上げます。
acceptable	【公式】ダイキン/エアコン掃除
unacceptable	ネットでカンタン資料請求＆お申込み！オリックス生命のオリックス生命緩和型料はコチラから
unacceptable	通院が出る保険保険はこちら
unacceptable	ビジネスローン即日公式
acceptable	掃除の会社」/全国1,701店舗
unacceptable	人気のビジネスローンで資金調達・運用資金の足しに。実績豊富な事業者資金調達条件を確認する。
unacceptable	札幌の信頼できる賃貸物件
acceptable	SPOOX/支払い方法のご案内
acceptable	はじめてのお宮参り写真は一生の思い出に。衣装も充実!初めてでもあんしんサポート
acceptable	【公式通販サイトはこちら】
acceptable	約100種の条件からあなたにマッチした山形市の賃貸アパートを選べる・賃貸情報サイト CHINTAI。
unacceptable	年代別の死亡保障安いの病気などを手厚く保障いたします!女性保険の相談や見直しなら保険市場へ
acceptable	【導入実績600社以上】高品質アプリをノーコードで作成できるアプリプラットフォーム。
unacceptable	【Saison クレジットカード】貯まったポイントはお買物や別のポイントにも交換OK
acceptable	窓の掃除業者をお探しなら
acceptable	排水管の高圧洗浄・クリーニング
unacceptable	メディケア生命の美容医療保険「メディケア生命」は、保険料が一生涯上がりません!
acceptable	品質・性能・デザインに優れたいい家を適正価格で。アキュラホームの【納得の二世帯住宅づくり】
acceptable	【大阪】介護職の求人・転職なら介護ワーカー。専任のアドバイザーがぴったりの求人をご紹介。
acceptable	はじめてのお宮参り写真は一生の思い出に。衣装も充実!はじめてでも安心お任せ!
unacceptable	シニアオリックス生命70歳以上
unacceptable	2022年版教育資金保険?
acceptable	【融資】個人事業主でも即日融資
unacceptable	死亡保険/掛け捨てで安い
unacceptable	65歳以上の方～85歳の方までお申込み！オリックス生命フリーダイヤルければお申込みできます
unacceptable	保険安い保険なら
unacceptable	ビジネスローンならアイフル
unacceptable	通院保障保険保障
unacceptable	女性目線で造られたスタジオは、清潔感とお洒落な雰囲気が人気！気分が上がる姫路ホットヨガ
acceptable	電子noicomi漫画無料
acceptable	しつこい汚れ・掃除のプロが解決
acceptable	非公開の好条件求人掲載中
acceptable	エアコン掃除本舗【公式】
unacceptable	賃貸七飯アパート
unacceptable	sony損害保険0~5位
unacceptable	車を高く売るなら月々の支払いがおすすめ。安全装備が充実した新車に乗ることが可能！
unacceptable	一軒家値段査定
unacceptable	【2022年】頚がんべき
acceptable	評価項目がリアルに分かる
acceptable	掃除のプロが家庭をキレイに!おそうじ本舗で独立・開業・起業|ハウスクリーニングのおそうじ本舗おそうじ本舗のフランチャイズはサポート・研修体制が充実。ハウスクリーニング業界未経験でも安心・安定して独立・開業・起業!
acceptable	オリックス生命のCMで話題
acceptable	【名古屋】介護求人情報
unacceptable	オリックス生命の保険はお手頃な保険料と終身死亡保険で充実したプラン／医療保険、死亡保険など
unacceptable	事業資金はビジネスローン短期にビジネスローンを活用！お客様に合った商品をお探しいただけます
unacceptable	少額短期保険商品一覧保険相談
acceptable	換気扇の汚れを徹底洗浄
acceptable	【鎌倉】賃貸・アパートを検索
acceptable	【相模原】賃貸・アパートを検索
unacceptable	虫が入る、動きが草むしり依頼、音がうるさい。そんなときはプロにお任せ!隅々までピカピカに。
unacceptable	不動産リノベ売却
unacceptable	【掛け捨て死亡保険】おすすめ企業死亡保険死亡保険を比較。年齢と性別を入力して保険料比較も。
unacceptable	ドアノブの故障やドアタイプの変更など、あなたの要望に対して専門人探し熊本が最適な形を提案。
unacceptable	死亡保険入るべきかの保険5位
acceptable	197万台の実績/エアコン掃除
acceptable	掃除のしすぎで足腰がしびれる」/「足がしびれて動かせない」/「立っていられない」/「寝たきり」の症状が出たら
unacceptable	水道屋のつまりの料金表を比較
unacceptable	クレジットカード楽天にポイント
acceptable	蛇口の水アカを丁寧に除去!
acceptable	組立工事対応！購入後の心配も無用／車や室内用品の収納まで。店頭にない物置をひと目で選べる。
acceptable	HDMIケーブル／USBケーブル／microsdカードなど各種ケーブルや、変換アダプなど多数取り揃え
unacceptable	介護職員初任者研修を無料で体験できる。専任のアドバイザーがあなたの転職をお手伝いします
acceptable	お年寄りが入れる保険/公式
unacceptable	最大５社の料金比較
unacceptable	全国対応の介護ケアマネ実務研修の求人・転職なら介護ワーカー。求人情報、毎日更新中！【公式】
acceptable	福岡県の賃貸物件情報サイト・賃貸マンション・アパート・一戸建ての物件掲載数が豊富。
unacceptable	【がんほけん】若いうちにがん保険に入ったほうが月額保険料は安くなる？
unacceptable	webで完結のカーリース-頭金0円
acceptable	おそうじ本舗」とは全国で展開中!ご家庭・店舗/オフィスのあらゆる箇所を掃除のプロが徹底的に汚れを除去。まずは無料で訪問・お見積りいたします。
acceptable	VGA-サンワダイレクトラック
unacceptable	近くのデイサービス求人ワーカー
acceptable	デイサービスの求人、転職なら介護ワーカー。年収400万円以上・土日休みなどの条件で検索。
acceptable	保険市場が保険相談キャンペーンを実施。オンラインで保険相談とは？
unacceptable	自分にぴったりのネズミ退治に効くものの申告や節税に強い、信頼できる税理士探しはミツモアで。
unacceptable	【ヴィヴィオ中古・中古車情報】
acceptable	山形市の賃貸物件
acceptable	資料請求専用ページはこちら
acceptable	さいたま市の賃貸物件情報サイト・一人暮らし向け、ペットと暮らせる物件を紹介。
unacceptable	取引は全国のATMで利用可能。お悩みの事業者支援金個人事業主資金繰りの足しに事業者ローン
unacceptable	働きたい時に働けて、すぐにお金がもらえるスキマバイトサービス／Timee(バイト日払い)
acceptable	福岡県で賃貸をみつけよう
acceptable	サッシクリーニング(10帖以下一律料金) | お部屋のお掃除 | おそうじ本舗おそうじ本舗では、10帖以下一律料金でサッシクリーニングを提供。ハウスクリーニングの料金改定で、サービスの質が落ちるのではないかと不安を覚える方へ。研修体制が充実し、安心してサービスを任せていただけます。
unacceptable	オリックスのファインセーブ シュミレーション・お手頃な保険料を今すぐチェック！
unacceptable	八代の賃貸物件情報あり!賃貸マンション・アパート・一戸建ての物件掲載数が豊富。
unacceptable	カーリースの審査に通るか不安な方は、まずは仮審査申込み!低予算で車を検討している方へ。
unacceptable	川崎市不動産売却査定
acceptable	【稲沢市】賃貸アパート情報
acceptable	ノアの中古車探し
unacceptable	選ばれて保有契約130万件突破
unacceptable	中古車リースリース会社納車
unacceptable	人気駅から徒歩10分秋田賃貸。初期費用の問い合わせもカンタン！賃貸情報サイトCHINTAI。
unacceptable	約100種の条件からあなたにマッチした岩国市の賃貸アパートを選べる・賃貸情報サイト CHINTAI。
unacceptable	【融資】個人事業主でも即日融資
acceptable	最大5社からすぐ見積もりが届く。ミツモアならあなたの条件に合うチラシデザイン会社が見つかる。
unacceptable	（公式）高血圧でも入れる保険命
unacceptable	保険市場保険市場株価5～5位
unacceptable	保険市場が生命保険を徹底比較
unacceptable	蛇口の取り付け方修理/0,
acceptable	石鹸ならではの濃密泡で頭皮を包み、美しいコシのある髪に導く
acceptable	学生限定／楽天カードアカデミー
acceptable	大手だから安心/洗濯機掃除代行
unacceptable	パパ・ママ保険都民共済ご相談
unacceptable	楽天カードの作り方/新規入会&ご利用で8000ポイントプレゼント・100円につき1ポイント貯まる!
acceptable	おそうじ本舗の宅配料金
unacceptable	保険市場おすすめの保険
unacceptable	翻訳WEBサイト英語へ
unacceptable	車内排水管清掃業者札幌を依頼
unacceptable	人とビジネス、環境にやさしい安心安全住友不動産オフィスやさしい安心安全なオフィスビルづくり
acceptable	7大疾病特約付き医療保険は?
unacceptable	の終身保険ライズ
acceptable	オリックス生命の終身死亡保険
acceptable	ゼクシィなら結婚相談カウンターで悩みを解決・あなただけの理想の結婚式をお得に探そう。
unacceptable	悪玉コレステロールを下げる食べ物。小林製薬の紅麹サプリで、気になるコレステロール対策を
acceptable	【公式サイト】新築そっくりさん}
unacceptable	出会いもマッチングアプリ女もゼクシィ縁結び。会員数140万人突破。会員の94%が真剣婚活中！
unacceptable	東京の学芸大学駅不動産売却売却のご相談・査定でギフト券1万円分プレゼント
acceptable	平均月商約111万円/充実の研修制度で安心開業!まずはかんたん資料請求!
acceptable	簡単お見積り/掃除代行
unacceptable	楽天プレミアムカードならETCカードの年会費永年無料・通行料金100円につき1ポイント貯まる
acceptable	ムーヴキャンバスの中古車探し
unacceptable	ミツモアには配管の害獣駆除ネズミは汚れやすいのに結構大変!プロに頼めば隅々までピカピカに。
acceptable	メディケア生命 死亡保険
acceptable	今話題鬼の千年恋漫画
unacceptable	東京の不動産を親族間売買適正価格で全員に1万円分のギフト券プレゼント
acceptable	車販売店から中古車を検索
acceptable	シエンタの中古車探し
acceptable	簡単2分で依頼完了
unacceptable	【公式】ニトリのソファ 216点～
unacceptable	起業資金調達方法様向けのローンならアイフルビジネスファイナンス。5時間5日お申込み受付中！
unacceptable	人気の保険を確認ja保険学資保険が知りたい方必見！保険市場ならお手元のスマホやPCで比較が可能
unacceptable	【公式】DMM 生命保険/公式
unacceptable	有料老人ホームに求人あり
acceptable	洗濯機掃除業者ならおそうじ本舗
acceptable	カムリの中古車探し
acceptable	掃除のプロが家庭や店舗を掃除・清掃のプロがお掃除することで、まるでプロの掃除屋さんになった気分になれます。
unacceptable	LOCATION病棟看護助手、賞与年400回など条件に合わせた求人情報多数。好条件の非公開求人あり
acceptable	人気の死亡保険市場ブロードマインドをランキングで一覧比較・教育資金のわからないを一緒に解決
acceptable	事業者様に人気のビジネスローン
unacceptable	気になる保険料は？
acceptable	大垣市の新着アパート情報を毎日更新!賃貸マンション・アパート・一戸建ての物件掲載数が豊富。
unacceptable	結婚式場・結婚式場をお探しなら、ブライダルフェア・見学予約がおすすめ。
unacceptable	高知市の賃貸物件
acceptable	壁紙掃除業者ならおそうじ本舗
unacceptable	岡山の一人暮らし向け賃貸物件掲載数が豊富。毎日豊富な新着物件を様々な条件で探せる。
acceptable	最短働いたその日に入金
acceptable	【山鹿】賃貸・アパートを検索
unacceptable	埼玉の一人暮らし物件掲載数が豊富。最新の空き状況や詳細情報がスマホで確認できる
unacceptable	親御さんの生命保険ネット見積り
unacceptable	一時払い終身保険相続保険
unacceptable	広島の賃貸マンション情報を今すぐチェック!毎日豊富な新着物件を様々な条件で探せる。
acceptable	タイミーのバイト情報掲載。すきな時間、すきな場所、すきな職種で最短1時間から働けます。
acceptable	サッシ清掃業者をお探しなら」おそうじ本舗がおすすめ
unacceptable	悪玉コレステロールを減らすには・小林製薬が独自に研究したコレステロール対策サプリ！
unacceptable	【公式サイト】スマホで
acceptable	スカイラインの中古車探し。60秒で見積り依頼【名前・メール・郵便番号だけ】
unacceptable	人気・安い・生命保険自宅療養の死亡保険をランキング。シニア保険の相談、保険選びは保険市場！
acceptable	タイミーのバイト情報掲載。スキマ時間にすぐ働けてすぐお金がもらえる！
unacceptable	働きたい時に働けて、すぐにお金がもらえるスキマバイトサービス／Timee(タイミーバイト)
unacceptable	立合いネズミ撃退法
unacceptable	お買いものパンダ楽天pink特典
unacceptable	宮崎神宮アパート無料
unacceptable	エトヴォス／エトヴォス
unacceptable	所沢市賃貸やペット可などのテーマから選べる理想のお部屋探し。初期費用などのお問合わせ無料！
acceptable	床のワックスがけはプロにお任せ
acceptable	ETCカード即日発行/楽天銀行
acceptable	【アイフル】新規申込みはコチラ
unacceptable	全国の除草業者が登録。最大５社から届く見積もりを比較して、オトクに依頼しよう。
unacceptable	マッチングアプリなら、男性も女性も安心してご利用いただけます。会員数140万人突破。
acceptable	(2022年)生命保険・死亡保険
unacceptable	【公式】楽天楽天ピンクカード男
unacceptable	長野市賃貸マンションの賃貸物件
unacceptable	介護士資格の取り方/あなたにピッタリの求人掲載。年収400万円以上などの詳細条件で検索可能。
unacceptable	1楽天プレミアムカードedy実施中
unacceptable	ライズサポート／公式サイト
unacceptable	2022年死亡保険安い医療保険
unacceptable	【公式】住友不動産五反田
unacceptable	有料老人ホームやグループホームなど老人ホームが充実した介護施設を特集。（今すぐチェック）
acceptable	業界no.1の店舗数。選べる2つのプランから全ての縦型エアコンを綺麗に!
unacceptable	新規鳥取電気プラン
acceptable	掃除のプロが運営」
unacceptable	2分でネズミ退治に効くもの
acceptable	学生専用のクレジットカードといえば楽天カードアカデミー!ネットで簡単申し込み
acceptable	マタニティフォト/宮崎
acceptable	死亡保険選びをプロがサポート
unacceptable	眠る力対策なら小林製薬
acceptable	しつこい汚れ、引っ越し時のハウスクリーニングなら
acceptable	来店不要。WEBでカーリースのお申し込みが完結するリクルート提供の「直売カーセンサー」
acceptable	シンプルでわかりやすい保険なら
acceptable	テレビ台に最適なTVスピーカーをご紹介。2000円以上送料無料、最短当日出荷！
acceptable	全国の水道職人が登録。最大5社から届く見積もりを比較して、オトクに依頼しよう。
unacceptable	終身保険（しゅうしんほけん）のライズ・サポート・プラスをバクっと解説。告知事項はこちらで
acceptable	掃除の会社」のことならおそうじ本舗
acceptable	カムリの中古車探し・カーセンサー認定車多数、あなたに合った車探しをサポート！
unacceptable	【別府市賃貸】公式サイト
acceptable	シニア(60代～)の派遣求人も
unacceptable	楽天Edy楽天マイナポイント
acceptable	【2022年】保険市場無料こちら
unacceptable	2022年死亡保険ランキング
acceptable	スキマバイト探しなら広島で。メンドウな面接や履歴書も一切必要ありません！
unacceptable	境町駅の新築戸建て情報はこちらから・毎日豊富な新着物件を様々な条件で探せる。
unacceptable	112,112万円まで、えらべる保険金額／収入保障保険シュミレーション511円から(30歳女性)
unacceptable	アパート熊本市南
unacceptable	姶良賃貸物件物件多数掲載。初期費用の問い合わせもカンタン！賃貸情報サイトCHINTAI。
acceptable	一時払込終身保険終身保険
acceptable	藤岡市の新着アパート情報を毎日更新!家賃相場・周辺情報からお手軽に物件検索
acceptable	楽天プレミアムカードedyが貯まる！楽天カードはコンビニやスーパーでのお支払いにも使える
unacceptable	人気のネット型保険は？
acceptable	【可児市】賃貸アパート情報
acceptable	「週須賀川単発バイト」
unacceptable	ETCカード/楽天カード/後付け
unacceptable	エトヴォス誕生日
unacceptable	事務所・事務所の賃貸なら
unacceptable	楽天カードピンクカード得
acceptable	創業20年以上。安心と信頼の実績【安心】ブランド
unacceptable	介護の介護ワーカーしつこいが多数。専任アドバイザーが面接の同行も。手取り等で検索可能
unacceptable	東京のリノベ売却売却のご相談・査定でギフト券1万円分プレゼント
unacceptable	スズキエブリィ中古で
unacceptable	あなたに63歳医療保険へ
unacceptable	賃貸アパート 湯梨浜町
acceptable	掃除のプロが自宅をまるごとお掃除。新生活をキレイなお部屋でスタートさせたい方におススメです。
unacceptable	【シロアリ駆除】一軒家 値段
unacceptable	小林製薬／公式通販サイト
acceptable	ハウスメーカー住友不動産内装
unacceptable	テレオペ仕事内容女性の求人多数
unacceptable	盛岡駅の賃貸マンション
unacceptable	40口40,40ライズサポートプラス
acceptable	南国市の賃貸物件情報サイト・賃貸マンション・アパート・一戸建ての物件掲載数が豊富。
acceptable	おそうじ本舗」「おそうじ本舗のフランチャイズ」「おそうじ本舗のフランチャイズ」「おそうじ本舗のフランチャイズneo」なら、安心・安全・安定して独立・開業・起業!
acceptable	lixilオンライン収納のお悩みをいっしょに解決し、お部屋をお片付。片付けが苦手を克服しよう。
unacceptable	初期費用の問い合わせもカンタン・ライフスタイルを豊かにする情報や最新の武雄賃貸を多数ご用意
acceptable	フローリング床を張り替える費用
acceptable	【公式】セゾンのビジネスカード
unacceptable	頚がん1位~3位を発表
acceptable	学生専用/楽天カード作り方
unacceptable	バイト経験を活かして短期集中
acceptable	死亡保障どこが一番お得なの?
acceptable	賃貸マンション・アパート・一戸建て情報検索。一人暮らし、ペット可など人気のテーマ特集も！
acceptable	学生向け郡山市賃貸情報
unacceptable	ネズミ業者…と後悔する前に
acceptable	【鹿屋駅】賃貸アパート情報
acceptable	有料老人ホームの求人情報がザクザクみつかる!年収400万円以上・土日休みなどの条件で検索。
acceptable	90日間無料キャンペーン／SPOOX
unacceptable	終身病気でも入れる保険
acceptable	未経験でも安心／充実サポート
unacceptable	約100種の条件からあなたにマッチした米子の賃貸アパートを選べる・賃貸情報サイト CHINTAI。
unacceptable	全国の草刈り代行のプロが登録。最大5社から届く見積もりを比較して、オトクに依頼しよう。
unacceptable	佐賀の一人暮らし物件掲載数が豊富。賃貸情報サイトならCHINTAI
acceptable	カーリースなら直売カーセンサー
acceptable	楽天カードは2枚目も作成可能。券面デザインが2種類まで選べる。気になるカードを申し込み！
acceptable	おそうじ本舗」ブランドで展開中!
acceptable	スタジオアリス/公式サイト
unacceptable	【公式】高齢者生命保険80歳以上
acceptable	【日払い】のバイトなら
unacceptable	大阪}で住宅売却・住友不動産販売星ヶ丘営業センターを知ろう
unacceptable	東京の板橋不動産売却するならカウカモ！プロがマンション売却をエスコート
acceptable	申込みから融資まで来店不要
unacceptable	諫早の賃貸アパート情報!毎日豊富な新着物件を様々な条件で探せる。
acceptable	掃除のプロが店舗の掃除を全部やる」
unacceptable	楽天プレミアムカードなら新規入会&ご利用で7000ポイントプレゼント・年会費永年無料！
unacceptable	最新ビジネスローン短期
acceptable	清掃業のプロが専用機材・洗剤を使用しスピーディーかつ丁寧に仕上げます
unacceptable	介護職1級の取得を目指すなら、ヘルパー2級の取得がおすすめ。経験者優遇の求人も
unacceptable	ショートステイ市
unacceptable	【ゼクシィ】カウンター費用
acceptable	レンジフード掃除の料金はこちら
acceptable	掃除のプロが売上アップ支援
unacceptable	ゼクシィ/クシィ
acceptable	自動車保険をお探しの方へ
acceptable	おそうじ本舗/全国の平均月商約110万円!おそうじ本舗の説明会は、地域や年代に応じたケースの事例をご紹介。
unacceptable	リース会社ランキング
acceptable	岩手の賃貸物件情報を今すぐCHECK!賃貸マンション・アパート・一戸建ての物件掲載数が豊富。
acceptable	おすすめの葬祭保険は?20代～50代以上に人気のある葬儀保険をランキング別に徹底比較！
unacceptable	ビジネスローンで個人事業主様へ。アイフルビジネスファイナンスなら最短即日融資可能
unacceptable	1時間だけタイミー福山市
unacceptable	オリックス保険ライズ（ライズ）
acceptable	換気扇掃除の会社をお探しなら
unacceptable	法人・個人事業主向け法人ローン
unacceptable	【公式】Timeeタイミー
unacceptable	公式法人お金借りる
acceptable	掃除のプロが独立開業をサポート!
unacceptable	個人年金保険を無理なく積み立てたい方へ。保険料シミュレーションで月払保険料がいくらか分かる
unacceptable	南明石老人ホーム求人
acceptable	アイフルビジネスファイナンス審査様のローン／個人事業主向け。原則、保証人・担保不要で融資
unacceptable	ネットで申し込むなら定期死亡保険「かぞくへの保険」年齢と性別を入力して保険料比較も。
acceptable	介護ワーカー公式サイト：非公開の好条件求人も／プロと面談して自分に合った働き方を見つけよう
acceptable	掃除のプロが起業|おそうじ本舗
unacceptable	ナース人材派遣活かして短期派遣
acceptable	掃除のプロ」として独立・開業・起業|ハウスクリーニングのおそうじ本舗おそうじ本舗のフランチャイズはサポート・研修体制が充実。ハウスクリーニング業界未経験でも安心・安定して独立・開業・起業!
unacceptable	幸せが動き出したら、ゼクシィ！式場探しや結婚式の疑問をゼクシィが解決！
unacceptable	鳥取ガスの株式は持込可能。引っ越しで電気料金、ガス料金を見直すチャンス。
acceptable	山形の物件多数掲載。一人暮らしやペット可などのテーマから選べる理想のお部屋探し。
unacceptable	etcカードクレジットなし楽天
unacceptable	死亡保険はどこが一番お得?
acceptable	掃除のプロが家庭訪問!?
unacceptable	医療保険1000円以下のがん保険
acceptable	掃除のプロが経営店舗をまるごと掃除。安心と信頼の実績【おそうじ本舗】でキレイに
acceptable	ワックス剥がし/業者選びは比較
unacceptable	1日の入院でも入院一引受基準緩和型保険死亡保険まで保険をチェック!相談や見直しなら保険市場へ
acceptable	島根の賃貸物件情報を今すぐCHECK!賃貸マンション・アパート・一戸建ての物件掲載数が豊富。
acceptable	利用限度額を確認【みずほ銀行】
unacceptable	死亡保険受取人他人探すなら
acceptable	単発・未経験OK・完全在宅・フルリモートのバイト求人も多数!日本全国どこでも働ける神アプリ
unacceptable	事業資金・融資会社・借入れならアイフルビジネスファイナンス／アイフルの新しいビジネスローン
unacceptable	来店不要で24時間カンタン申込み。安心して事業資金の調達をするならアイフルグループにお任せ。
acceptable	中古オッティこちら
unacceptable	掲載中古車カイエンています
acceptable	病気でも入りやすい、お手頃な保険料の保険です。目的に合わせたプランのカンタン見積り可能！
unacceptable	オフィスビルESGのイベント会場
unacceptable	教育資金・豊かオリックスファインセーブ120日まで保障、さらに一時金保障に特化した保険です。
acceptable	サンワサプライラックデスク
unacceptable	人気の保湿アイテムや、石けんでエトヴォス神戸できるメイクアイテムをご紹介。詳しくはこちら
acceptable	【入会金・年会費無料】24時間・365日ご利用可能なオリックスキャッシングのWEB完結ローン！
acceptable	掃除のプロが会社員の退職金を3倍にした
acceptable	理想の働き方をあなたのプログラミング技術で叶えられる。スキル次第で高単価案件もご紹介可能
acceptable	おそうじ本舗 和歌山
unacceptable	rakutenetccardこちら
unacceptable	お客様満足度97.9%。スマホとネット環境があれ保険市場無料？今から準備する個人年金保険。
unacceptable	求人建設業人材
unacceptable	不動産売却の流れサイト
unacceptable	不要で24時間カンタン申込み／安心して事業資金の調達をするならアイフルグループにお任せ。
unacceptable	上質でインパクトのシロアリの駆除も安心。撮影経験豊富なプロがアドバイスしながら撮影します。
acceptable	掃除のプロが店舗閉店後の手荒れを直す
unacceptable	結婚式会場以外もフォローが充実。二次会や前撮り、指輪のごウェディング相談埼玉も可能です。
unacceptable	【2022年】注目の残価設定ローン
acceptable	鹿屋市の賃貸物件情報サイト・賃貸マンション・アパート・一戸建ての物件掲載数が豊富。
unacceptable	神戸で介護職の求人・転職なら介護ワーカー。また働いている方の声や職場の雰囲気もお伝え可能
acceptable	掃除のプロが独立開業|おそうじ本舗おそうじ本舗のフランチャイズはサポート・研修体制が充実。ハウスクリーニング業界未経験でも安心・安定して独立・開業・起業!
acceptable	【アイフル】電話確認が心配な方
unacceptable	保証人付きローンローン
acceptable	PCパーツを法人価格で購入。WEBカメラ／モバイルバッテリーなど、PC周辺機器を多数取り揃え
unacceptable	人気のビジネスローンで資金調達・運用資金の足しに。実績豊富な事業者ローンビジネスローン短期
acceptable	家具の配送を一括見積もり依頼
unacceptable	東京住友不動産青葉台タワー
unacceptable	敷金礼金ゼロの物件高知賃貸安い／家賃相場・学校名で検索：ライフスタイルに合ったお部屋探し
acceptable	SDカード／各種テンキーマウス／USBメモリ／カードリーダーなど、PC周辺機器を多数取り揃え
unacceptable	アイフルビジネスファイナンスのビジネスローン／個人事業主向け。原則、金貸し個人申込み受付中
acceptable	急な出費には銀行カードローン
acceptable	脱サラ」や「独立・開業」は、よくあるご質問にも詳しくご紹介しております。
acceptable	オリックスのVIPローン/公式
acceptable	ビジネスローンは個人事業主でも最短即日融資が可能!資金調達ならアイフルビジネスファイナンス
acceptable	地域密着」「安心支援」
acceptable	シーンに合ったオフィスアイテム多数／デジタル時計,10点以上の豊富なオリジナル商品が充実。
acceptable	≪価格満足度92%≫おトクに依頼
unacceptable	【公式】スマホで印西市賃貸公式
acceptable	楽天ETCカードの年会費はこちら
acceptable	楽々バスルーム
acceptable	お子さまの学習習慣が身につく年長さん向け学習教材・タブレット学習なら自宅で安心して学べる
acceptable	日立市の新着アパート情報を毎日更新!賃貸マンション・アパート・一戸建ての物件掲載数が豊富。
acceptable	【天童市】賃貸アパート情報
acceptable	スタジオアリスのお得なマタニティフォトが満載!白を基調とした優しいナチュラルテイストな空間
acceptable	【年会費永年無料】楽天カードのYOSHIKIデザイン！Mastercardブランド楽天学生カード選択可能
acceptable	山口県のグループホームの求人
acceptable	WEB相談予約受付中
unacceptable	年会費永年無料の楽天楽天カードetc会費限定！好みに合わせて付帯サービスをカスタマイズできる
acceptable	デートにおすすめコーデ一覧
unacceptable	介護職の求人・転職なら介護ワーカー 東大阪。また働いている方の声や職場の雰囲気もお伝え可能
acceptable	ハイゼットカーゴの中古車探し・車種別カタログや相場情報が充実！
acceptable	動画配信サービス年間ランキング
unacceptable	充実した保障内容・安い保険料の医療保険が見つかる。保険料シミュレーションで保険料をチェック
unacceptable	ニーズメディケア生命保険
acceptable	鳥取市の賃貸マンションなら
acceptable	おそうじ本舗」「おそうじ本舗のフランチャイズ」の特徴や、資料請求・おそうじ本舗のフランチャイズ店舗検索は、こちらから!
unacceptable	コープ保険評判べき？
acceptable	楽天カード／24時間申し込み可
unacceptable	年収580万の求人情報も
unacceptable	経営を支えるビジネスローン
unacceptable	介護ワーカー広島マネジャー求人
unacceptable	最大5名のプロの高圧洗浄を比較
acceptable	山梨賃貸アパート情報
acceptable	【新居浜】賃貸・アパートを検索
unacceptable	伊勢市の賃貸アパートをお探しの方へ。毎日豊富な新着物件を様々な条件で探せる。
acceptable	掃除のプロが家庭や店舗をピカピカに
acceptable	介護の求人サイト介護ワーカー
unacceptable	高崎市の賃貸アパート情報!ライフスタイルを豊かにする情報や最新の賃貸物件を多数ご用意
acceptable	セットメニューなら割引も見逃しません
unacceptable	引越しや大掃除で出る不用品や粗大ごみの草むしり業者運搬、大型運搬はプロに任せて一気に解決。
unacceptable	ブライダル東京會舘の式場情報。幸せウエディングを叶える情報満載
acceptable	岡山市北区で写真館をお探しの方
acceptable	掃除のプロが自宅を訪問!おそうじ本舗のフランチャイズで独立・開業・起業|ハウスクリーニングのおそうじ本舗おそうじ本舗のフランチャイズはサポート・研修体制が充実。ハウスクリーニング業界未経験でも安心・安定して独立・開業・起業!
unacceptable	水漏れ費用アンテナが壊れたら
unacceptable	初任者研修の比較検討ならITトレンド。また転職サポートを使えばスムーズに転職ができます。
acceptable	【リフォーム】住友不動産
unacceptable	がん保険/一時金のみ安い
acceptable	みんなが選ぶ保険ランキング
unacceptable	約100種の条件からあなたにマッチした三重県名張市の賃貸アパートを選べる・【更新頻度最短5分】
unacceptable	水道の詰まりを解消?
acceptable	女性安田生命年金保険も掲載
unacceptable	【公式】直売残クレ中古車
unacceptable	女性特有のお金の増やし方とは？
acceptable	【深谷市】賃貸アパート情報
unacceptable	わかりたいみついすみともダイレクトへ。保険料シミュレーションで月払保険料がいくらか分かる
acceptable	壁紙のお掃除業者
unacceptable	高松ヘルパーの求人
unacceptable	広島の試験監督バイト情報掲載。すきな時間、すきな場所、すきな職種で最短1時間から働けます。
unacceptable	【学資保険】いざというときに困らないように備えよう
unacceptable	【公式】日高市賃貸
acceptable	掃除のプロがオーナー代行!おそうじ本舗
acceptable	各種商品の一括見積り
acceptable	奈良市の賃貸マンションなら
acceptable	掃除のプロが家庭の隅々まで徹底清掃!
acceptable	ネット申込みなら保障は申し込んだその日から!スマホからもカンタン申込み。
acceptable	【福岡】賃貸・アパートを検索
unacceptable	約100種の条件からあなたにマッチした福井市の賃貸アパートを選べる・毎日豊富な新着物件！
acceptable	【ガストのデリバリー公式】ハンバーグロコモコ丼、マルゲリータピザなど人気メニューを宅配で
unacceptable	0代~60代安い医療保険
acceptable	フローリングの輝きがお部屋を変える!おそうじ本舗の床クリーニング
unacceptable	セゾンプラチナビジネスローンはメリット満載・通常22,000円（税込）の年会費が期間限定で無料！
acceptable	ブライダルフェアで無料試食
acceptable	日雇いバイトを探すなら求人情報サイトが断然おすすめ!日本全国どこでも働ける神アプリ
unacceptable	事業資金の調達ならアイフルビジネスファイナンス／急な出費が多かっアイフル個人事業だけます
acceptable	宇佐市の新着アパート情報を毎日更新!賃貸マンション・アパート・一戸建ての物件掲載数が豊富。
acceptable	掃除」に関する専門知識はいりません。清掃会社の仕事未経験でも安心・安定して独立・開業・起業!
unacceptable	【公式】8,注文住宅住友
acceptable	【尼崎】デイサービスの求人情報
acceptable	年会費無料のETCカードは楽天カードにお任せ!コンビニやスーパーでのご利用でザクザク貯まる
acceptable	はじめてのお宮参り撮影を一生の思い出に。大切な記念写真を撮るならスタジオアリス！
unacceptable	20代~50代以上に人気のある保険を保険30代男性既婚おすすめ化。保険のご相談は≪保険市場≫
unacceptable	保険料が安い死亡保険はどれ？
acceptable	駅近物件多数／東京のオフィス
acceptable	厳選５社の料金・評価比較
acceptable	トイレ掃除の専門業者なら
unacceptable	【庄原アパート】公式サイト
acceptable	事業資金の融資を受けたい方
acceptable	簡単1分 保険料シミュレーション
acceptable	【綾瀬市】賃貸アパート情報
acceptable	おそうじ本舗 被害者の会
acceptable	スタジオアリスのお宮参り衣装
acceptable	店舗撮影の料金比較
unacceptable	全国の草刈り・芝刈りのプロが登録。最大5社から届く見積もりを比較して、オトクに依頼。
acceptable	松本市の賃貸物件情報サイト・賃貸マンション・アパート・一戸建ての物件掲載数が豊富。
unacceptable	24時間不正監視中。ご利用も安心
acceptable	おすすめモバイルバッテリー
acceptable	お近くの床リフォーム業者
acceptable	地域密着」
acceptable	オリックスのカードローンは、ご旅行やゴルフなどお客様の生活や趣味をサポートします
unacceptable	【2022年】人探し熊本
unacceptable	あなたのニーズを満たすメディケア生命保険もお手頃な保険料／気になる保険料を今すぐチェック！
acceptable	八代市の賃貸物件情報サイト・一人暮らしやペット可などのテーマから選べる理想のお部屋探し。
acceptable	少年・復讐の教科書漫画も配信中
unacceptable	約100種の条件からあなたにマッチした七尾市の賃貸アパートを選べる・賃貸情報サイト CHINTAI。
unacceptable	保険屋におすすめの保険商品
unacceptable	【2022年女性保険1年定期保険】
acceptable	フローリングのワックス料金確認
unacceptable	介護職の求人・転職なら介護ワーカー 。また働いている方の声や職場の雰囲気もお伝え可能
acceptable	iPhoneXRアクセサリーをご紹介。椅子・机などのオフィス用品やPC周辺機器など販売
acceptable	住友不動産半蔵門。
unacceptable	2022年版国保保険料計算必要?
acceptable	掃除のプロが自宅で起業
acceptable	定期死亡保険ファインセーブ・病気や事故、災害でも同額の死亡保障が受取れます。
unacceptable	全国の草刈り・芝刈りのプロが登録。条件に合った草刈り・芝刈り・除草業者から見積もりが届く。
acceptable	最大５名のプロから提案が届く
unacceptable	安くて保障が手厚い死亡保険はどれ？
acceptable	アイフルビジネスファイナンス
unacceptable	アイフルの事業サポートプラン
acceptable	約90%の保護者が学習習慣の定着を実感。安心の全額返金保証・教科書準拠の教材。
acceptable	小説・義妹生活漫画実施中
acceptable	【クレジットカード】審査が不安
acceptable	ガス自由化でより安いガス料金プランを探そう!選べる５つのプランであなたに合わせたお得な料金
unacceptable	賃貸 春日部市
acceptable	SPOOX ポイントサイトはこちら
unacceptable	楽天カード発行日数で1ポイント
acceptable	【坂井市】賃貸アパート情報
acceptable	掃除のプロがオーナー」「ハウスクリーニングのプロがオーナー」、つまりクリーニング業界未経験のオーナーでも安心・安定して独立・開業・起業!
acceptable	東広島市の写真家写真館
unacceptable	壬生町駅の新築戸建て情報はこちらから・毎日豊富な新着物件を様々な条件で探せる
acceptable	脱サラ」による開業は、今では珍しくありません。ご家庭・店舗/オフィスの掃除ならおそうじ本舗
unacceptable	今からがん医療保険見直し
acceptable	出張カメラマンを一挙にご紹介
unacceptable	福島市ペット可賃貸の物件多数掲載。初期費用の問い合わせもカンタン！賃貸情報サイトCHINTAI。
acceptable	【公式サイト】メディケア生命
unacceptable	瀬戸賃貸で賃貸・お部屋探し
unacceptable	土地価格相場なら
acceptable	掃除のプロ」が全国1,701店舗展開
unacceptable	終身保険ライズサポート/公式
acceptable	【公式HP】ジャパネットたかた
unacceptable	1番安い保険市場デメリット?
acceptable	赤ちゃんの撮影服装に迷ったら
unacceptable	死亡保険持病あり安いランキング
acceptable	ポータブルCDプレーヤー
unacceptable	悪玉コレステロールを下げたい！小林製薬の紅麹コレステヘルプで、気になるコレステロール対策を
unacceptable	新潟でアパート探し。ライフスタイルを豊かにする情報や最新の賃貸物件を多数ご用意
acceptable	おそうじ本舗」のフランチャイズが全国で展開中!
unacceptable	働きたい時に働けて、すぐにお金がもらえるスキマバイトサービス／Timee(タイミー福山市)
unacceptable	満期の保険~5位を発表
unacceptable	すみふのオフィス
unacceptable	年齢と性別スミセイバイタリティ
acceptable	簡単お掃除内容チェック
unacceptable	【公式】直売車月額安い
acceptable	結婚式のカメラマンの相場は?
acceptable	ダイハツココア中古車情報サイト
unacceptable	【全国】シロアリ駆除会社探し
acceptable	ETCカードと一体型に進化した楽天カード!街でのご利用から公共料金のお支払いまで。
acceptable	送料無料・30日間返品保証あり。
acceptable	【公式】Timee／タイミーバイト
acceptable	【公式】創業融資ローン
unacceptable	気になる通院保険の保険料は？
acceptable	サッシ清掃業者をお探しなら」
unacceptable	介護の介護福祉士求人をお考えの方へ。グループホーム等様々な施設形態、勤務形態で求人検索可能
acceptable	介護老人保健施設の求人情報
unacceptable	【2022年】死亡保険ランキング！女性死亡保険葬式代を比較。年齢と性別を入力して保険料比較も。
unacceptable	はいすいこうのつまりや除草
acceptable	掃除のプロが解決するハウスクリーニング」
unacceptable	公式／rakutenetccard申込
acceptable	高岡の賃貸アパート/マンション
acceptable	結婚式場相談はウェディング横浜
unacceptable	お客様満足度97.9%。スマホとネット環境があれ保険葬式費用保険の比較や見直しなら保険市場へ
unacceptable	結婚式場・結婚式場をお探しなら、銀座エリアで結婚式をご検討中の方へ!無料相談はこちらから。
acceptable	商標・意匠・特許取得見積もり
unacceptable	事業資金は運転資金・事業拡大融資会社／原則、保証人・担保不要のビジネスローン／事業者向け
acceptable	公式hpはコチラ
acceptable	ios・android同時リリース可能。運営・分析も管理画面でらくらく!自社アプリで課題を解決
unacceptable	ビジネスローンで個人事業主様へ。アイフルビジネスファインナンスは24時間申込み受付中！
acceptable	脱サラ」や「独立・開業」を希望される方へ
unacceptable	行政書士事務所の災害対策
unacceptable	皆少額短期保険商品一覧比較
unacceptable	入会金・年会費は永年無料。セゾンカード即日発行etcする限定サービスも全部無料で利用できる
unacceptable	アイフル個人事業ローン
acceptable	医療保険全労済年金選べる
acceptable	来店不要/webで完結のカーリース
acceptable	【蛇口の水漏れ修理】
unacceptable	佐世保の一人暮らし物件掲載数が豊富。最新の空き状況や詳細情報がスマホで確認できる
unacceptable	マッチングアプリ20代
acceptable	お急ぎのケースもご相談ください
acceptable	広島市の賃貸マンションなら
unacceptable	人気・安い・おすすめの保険が知りたい方必見！保険市場ならお手元のスマホやPCで比較が可能。
acceptable	宇都宮市の賃貸アパート情報
unacceptable	盛岡の賃貸マンション情報を今すぐチェック!毎日豊富な新着物件を様々な条件で探せる。
acceptable	【公式】スタディサプリENGLISH
unacceptable	【公式】融資運転資金
unacceptable	駿東郡清水町賃貸多数掲載。初期費用の問い合わせもカンタン！賃貸情報サイトCHINTAI。
acceptable	個人事業主で開業するなら
acceptable	OpenWork
acceptable	掃除のプロが店舗をまるごと掃除。店舗数業界1位/全国1,701店舗
unacceptable	【2022年】死亡国保と社保の違い
unacceptable	人気のシニア保険を一括比較＆資料請求。シニア保険の相談、保険選びは積立貯金ランキング解決。
unacceptable	日本全国どこでも仙台日払いバイト会、履歴書は必要なし。条件を満たしていればすぐ働けます。
acceptable	薄型～大型加湿器
unacceptable	鳥取でガス自由化でより安いガス料金プランを探そう!ネット環境は「enetopiaひかり」で。
acceptable	脱サラ」や「独立・開業」の相談なら
unacceptable	生命の死亡保険（公式）
unacceptable	法人向け店を出したい資金アイフルビジネスファイナンス。1時間申込み受付・至急の借入れに対応
unacceptable	カーリース1年リース
unacceptable	持病のある方も申込める保険が高血圧でも入れる保険ます。お手頃な保険料の医療保険や死亡保険
unacceptable	【2022年学資保険ランキング】
unacceptable	全国のプロが登録中!お近くのプロからオトクな見積もりが最短1分で届く。
unacceptable	【公式】スマホで香美市賃貸
acceptable	学生専用／楽天カードアカデミー
unacceptable	【公式】賃貸川口物件あり
unacceptable	最新の死亡保険掛け捨て最安値？
acceptable	おしゃれな防水ケース
unacceptable	入院一時金保険りません
unacceptable	東京の不動産を売却物件するならカウカモ！プロが不動産売却をエスコートします
unacceptable	ネズミ業者しょう
unacceptable	車を高く売るなら一括見積もり依頼できるサイトが有効!手間暇かからず、スムーズに車に乗れる
acceptable	掃除のプロが店舗の隅々までピカピカに
unacceptable	シロアリ駆除一軒家値段・確定
unacceptable	6糖尿病医療保険まで保障？
unacceptable	急いで資金調達したいなら／アイフルビジネスファインナスのビジネスローン／24時間申込み受付中
acceptable	【佐世保】賃貸・アパートを検索
acceptable	サンワサプライのケーブル配線D5
acceptable	マタニティフォトを広島で撮りませんか?・母となる第一歩の思い出をマタニティフォトで。
unacceptable	介護職の求人・転職なら介護ワーカー 。求人情報、毎日更新中！【公式】
acceptable	掃除のプロが家庭訪問・訪問販売で利益を上げる
acceptable	早く脱サラしたい方必見
acceptable	掃除のプロ」が教えるおそうじ本舗のフランチャイズ
unacceptable	シニアオリックス生命ログイン
unacceptable	【融資】個人事業借入方向け
acceptable	スキンケアだけでなく、ベースメイクも美容成分たっぷりのアイテムで「うるおい溢れるツヤ肌」へ
acceptable	社員の「生の声」をたくさん掲載
unacceptable	「週日雇い仙台」
acceptable	自分ではなかなか落ちない汚れをプロ専用の器材・洗剤を使用しスピーディーかつ丁寧に仕上げます
unacceptable	医療保険のおすすめは30代から
unacceptable	シニア向け生命保険の比較なら保険市場。 ネット申込専用だから実現できたお手頃な保険料！
unacceptable	学生に山形マンション
unacceptable	貯蓄コーピーカードコチラ
acceptable	パソコンラック通販サイト
unacceptable	一人暮らしやペット可などのテーマから選べる理想のお部屋探し。初期費用などのお問合わせ無料！
acceptable	宇都宮の賃貸物件
unacceptable	保険は色々葬儀保険比較?
unacceptable	お客様満足度97.9%。スマホとネット環境があれ終身保険払込満了後死亡の保険料を簡単比較！
unacceptable	【FINE SAVE】保険金額、保険期間は自由設計OK、クレジットカード払対応、医師の診査不要
acceptable	ゼクシー公式アプリ・今ドキ最新演出やドレス試着など、彼と楽しめるフェア情報がいっぱい
acceptable	小学校一年生向けの通信教育
unacceptable	岐阜市のオススメの賃貸一戸建て
unacceptable	楽天カードは2枚目も作成可能。券面デザインが2種類まで選べる。気になるカードを申し込み！
acceptable	の福井賃貸アパート情報
unacceptable	死亡保険の人気TOP３を発表
unacceptable	≪見積もり無料≫カンタン2分でご依頼完了!ミツモアでお近くの排水管清掃業者札幌も依頼しよう。
unacceptable	兵庫県賃貸情報診断
acceptable	web予約・店舗検索はこちらから
acceptable	ご家庭で落ちない汚れはプロにお任せください
unacceptable	オリックス生命請求した保険
acceptable	SPOOX 商品一覧はこちら
unacceptable	【秘密】借入れを内緒にしたい
acceptable	トイレやお風呂の水漏れを解決
unacceptable	楽天プレミアムキャンペーン申込
unacceptable	ETCカード作り方は楽天ペイサイトで決まり!ポイントはコンビニやスーパーでのお支払いにも使える
unacceptable	出会いもマッチングアプリ男もゼクシィ縁結び。会員数140万人突破。会員の94%が真剣婚活中！
acceptable	楽天ピンクカードの違いはコチラ
acceptable	富山の物件多数掲載。ライフスタイルを豊かにする情報や最新の賃貸物件を多数ご用意！
unacceptable	駅名から郡山市マンション
unacceptable	etvosパーフェクトキット包む
acceptable	【お風呂用品】ならおそうじ本舗
unacceptable	東広島西条アパート情報
acceptable	掃除のプロ」が集客・売上アップのサポート!
acceptable	茨城県の賃貸物件情報サイト・一人暮らしやペット可などのテーマから選べる理想のお部屋探し。
acceptable	ジェイアーバンの補助金対象
acceptable	お買い物がスムーズに／楽天ピンクカードカスタマイズが貯まる！楽天カードはカンタン申し込み
acceptable	オートウェイ【公式サイト】
acceptable	「週単発バイト広島バイト」
unacceptable	(入っていてよかった)生命保険
unacceptable	【医療保険】オリックス生命見積もり付加で必要な保障を備える医療保険キュア・レディ・ネクスト
acceptable	窓の相場価格・目安は?
acceptable	【無料】転職サポートのお申込み
acceptable	間取りや、駅徒歩、駐車台数など、人気のこだわり条件から遠野市の賃貸マンションを探せる!
acceptable	楽天PINKカードの違いはこちら
acceptable	【尼崎】介護求人情報
unacceptable	バイト日払いにすぐ働けてすぐお金がもらえる！メンドウな面接や履歴書も一切必要ありません！
acceptable	お掃除の品質を徹底お掃除本保
acceptable	学資保険はどこがおすすめ?
acceptable	看護師・准看護師の求人
acceptable	だけど、しつこい汚れ、引っ越し時のハウスクリーニングは、お掃除のプロにおまかせ!詳細はこちらから!
unacceptable	違い楽天カードアカデミー得
unacceptable	【2022年個人型確定拠出年金】
unacceptable	東京の不動産を家の売買に必要な書類で全員に1万円分のギフト券プレゼント
unacceptable	不動産売却ならカウカモ！あなたの家売るのライターが取材／その魅力をアピールします
acceptable	おそうじ本舗」とは企業人やブランドの認知度の高さで2020年度のご依頼は約27万件以上!
unacceptable	浮気調査不倫調査探偵依頼
acceptable	福利厚生に加え専任担当が案件探しをサポート!業務外の仕事を任せ自由な時間を手に入れられる。
acceptable	【公式】シロアリ検査費用
acceptable	窓ガラス清掃ならおそうじ本舗
unacceptable	開始都市ガスメーター
acceptable	【動画見放題】年間ランキング
unacceptable	フリーランス法人お金借りる
unacceptable	保険商品を徹底頚がん死亡保険をランキングで認知症を患ってる人は5人に1人と推察されています。
unacceptable	エトヴォス東京の式場
acceptable	【公式】アイフルビジネスファイナンス／最短即日融資も可能。法人・個人事業主事業主向けローン
unacceptable	社会福祉士・介護福祉士の受験資格なら介護ワーカー。介護職に特化した求人情報を数万件掲載。
unacceptable	千葉県の賃貸アパート情報を今すぐチェック!気になる物件はまとめてお気に入りに追加
acceptable	サッシ清掃業者をお探しなら
unacceptable	お住まい
unacceptable	少年・アカゴヒガン漫画も配信中
acceptable	シンクパイプ詰まりをプロが解決
unacceptable	全国の不用品回収業者が登録。条件に合った駆除・予防トイレつまり料金の見積もりが届く。相談!
unacceptable	85歳-90歳満了も/オリックス生命
acceptable	アイフルビジネスファイナンスの事業者ローン／年会費・保証料不要。まずは貸付条件を確認する。
acceptable	オリックス生命／ホームページ
acceptable	赤ちゃん撮影はスタジオアリス
acceptable	お掃除・洗濯機の求人
acceptable	サンワサプライ公式直営通販
acceptable	日本全国配送料無料!組立・設置工事対応など、便利なオプションを多数ご用意。
unacceptable	学資保険シュミレーション。お子様の将来のために計画的な積み立てを！
acceptable	ハウスクリーニング」とは、家をキレイにすることで快適な生活を送りませんか?おそうじ本舗では汚れやカビ、ニオイを取り除いて、キレイで快適な生活を送りませんか?
unacceptable	洗濯機のカビやぬめり、汚れ・出張撮影ミツモア床修理費用のプロにお任せ!分解洗浄で徹底解決。
unacceptable	全車保証車で安心の新車リース
acceptable	富山/一人暮らし女性必見
unacceptable	【ゼクシィ】カウンター前撮り
unacceptable	≪全国対応≫全国のプロに雑草の処理を依頼。雑草の処理はプロにお任せ。
acceptable	結婚式場・結婚式場相談ならお任せください!二次会や前撮り、指輪のご相談も可能です。
acceptable	カードローンとは?
unacceptable	お手頃な保険料/死亡保障
unacceptable	【Saison credit Card】充実したショッピングサービスでより快適な生活を求めるあなたをサポート
unacceptable	住友不動産八丁堀店
unacceptable	鯖江の新築戸建て情報はこちらから・毎日豊富な新着物件を様々な条件で探せる。
acceptable	エトヴォス／公式ECサイト
acceptable	生命保険総合医療保険
acceptable	【みずほ銀行】24時間申込受付中
unacceptable	個人なら確定申告法人運転資金事業者ローン／年会費・保証料不要。まずは貸付条件を確認する。
acceptable	エスティマの中古車探し
acceptable	セットメニューなら割引も
unacceptable	【2022年】死亡保険で選ぶべき・国内最大級の保険比較サイト・年齢と性別を入力して保険料比較も
unacceptable	新規法人運転資金
acceptable	グループホームの求人/大阪
acceptable	オリックスクレジットの審査は原則、会社に連絡ないので誰にもバレる心配なし!24Hお申込みOK
acceptable	フローリング清掃をお探しなら
acceptable	掃除のプロが家庭を丸ごとキレイに
unacceptable	VIPローンカードVIPローンカード
unacceptable	【周南アパート】公式サイト
acceptable	お葬式費用保険人気ランキング
unacceptable	家族カード／公式
acceptable	おそうじ本舗/全国1,701店舗/業界店舗数no.1
unacceptable	たった3分の入力で最も安い自動車保険が分る。お見積りの内容で資料請求いただけます。
unacceptable	2枚目の楽天カードを作成&利用でもれなく3,000ポイントプレゼント・年会費永年無料！
unacceptable	最安値床修理費用
acceptable	人気のビジネスローンで資金調達・運用資金の事業者事業資金。実績豊富な事業者ローンサービス
acceptable	デイサービスの求人、転職なら介護ワーカー。専任のアドバイザーがあなたの転職をお手伝いします
unacceptable	人気の子供保険をランキング化
acceptable	WEBでかんたん電気の申し込み。あなたにピッタリの料金プランをすぐに診断。
acceptable	倉敷の賃貸物件情報を今すぐCHECK!ライフスタイルを豊かにする情報や最新の賃貸物件を多数ご用意
acceptable	洗濯機の汚れをまるごと徹底洗浄
acceptable	業務用／活動量計
acceptable	福島市ショートステイ
acceptable	葬儀保険の人気top3を発表
unacceptable	【オリックス生命】医療保険
unacceptable	Saison Cardがお得
unacceptable	素肌エトヴォスモイストバリアbb
unacceptable	【セゾンカード】作るなら
acceptable	【Baby Kumon】公式ホームページ
unacceptable	申込みランキング
acceptable	脱サラ」や「独立・開業」を検索したあなたにおすすめのサイトはこちら!全国1,701店舗の実績あり/安心開業
acceptable	ポスター・チラシの作成を依頼する
acceptable	記念撮影の予約はこちら
unacceptable	《矢巾アパート》公式サイト
unacceptable	多治見市アパートの物件多数掲載。初期費用の問い合わせもカンタン！賃貸情報サイトCHINTAI。
acceptable	保険料シミュレーションもできる
acceptable	敷金・礼金0、プロの品質と技術で入居前・退去後をトータルサポート。
unacceptable	人とビジネス、環境にやさしい安心安全な住友不動産三田ツインビル西館。まずはお問い合わせを
acceptable	【鳥栖市】賃貸アパート情報
acceptable	岡山市南区の賃貸物件情報サイト・ライフスタイルを豊かにする情報や最新の賃貸物件を多数ご用意
acceptable	蛇口交換・修理の料金はこちら
acceptable	全国の平均月商約111万円 おそうじ本舗の説明会は、地域や年代に応じたケースの事例をご紹介。
acceptable	オリックスマネーの消費者金融
unacceptable	【ファインセーブ シュミレーション】保険の見直し・新規加入はオリックス生命
unacceptable	仙台の単発単発バイト情報掲載。すきな時間、すきな場所、すきな職種で最短1時間から働けます。
acceptable	更新頻度最短5分／新着物件あり
acceptable	スタジオアリスの七五三で家族写真撮影。スタジオアリスで大切な記念日を残しませんか。
unacceptable	鳥取ガスのガス自由化でより安いガス料金プランを探そう!ネット環境は「enetopiaひかり」で。
acceptable	見て納得の価格
acceptable	壁紙清掃業者／壁紙染色サービス
unacceptable	ご楽天カードクレジットポイント
acceptable	川口市/賃貸アパート情報サイト
acceptable	【長岡京】賃貸・アパートを検索
unacceptable	アイフル事業主は金融機関からの融資が困難?審査の速さで選ぶならアイフルビジネスファイナンス
acceptable	おそうじ本舗の【壁紙染色】
acceptable	介護付グループホームを検索
acceptable	脱サラ」や「独立・開業」は、未経験でも安心・安定して独立・開業・起業!
unacceptable	おrakutenetccard
unacceptable	電子noicomi漫画無料
unacceptable	国内最大級の保険比較サイト≪保険市場≫人気の個人年金保険を一括比較&資料請求。
unacceptable	保険金通院医療保険
acceptable	【査定無料】家族構成の変化などで売却を検討中の方必見。ご希望の価格で不動産売却をサポート
acceptable	笑顔あふれるお宮参り写真を
acceptable	個人年金保険ランキング1～5位
acceptable	浴室(風呂釜)の蛇口交換・修理
acceptable	掃除のプロが家をまるごと綺麗に!
acceptable	【オリックス生命】終身
unacceptable	スズメバチの巣施工
unacceptable	【公式】ゼクシィ結婚式相談横浜
unacceptable	国内最大級の保険比較サイト≪保険市場≫人気のがん抗がん剤費用気になることはチャットで相談。
acceptable	壁紙の掃除ならおそうじ本舗
acceptable	直売カーセンサー／中古車リース
acceptable	掃除」という仕事の面白さが実感できる
unacceptable	新居浜市アパート情報
unacceptable	≪簡単3ステップ≫無料チャットで気軽に相談できるので、ネズミ撃退法・作業は全て丸投げでok!
acceptable	【peo】派遣求人を探すなら
acceptable	電子書籍を無料で試し読み
acceptable	店舗なしok/低資金から開業可能」などのキャッチコピーで話題のおそうじ本舗。全国で展開中!
unacceptable	【相続税】草取り値段
acceptable	蛇口の水アカを丁寧に除去!/水アカを根こそぎ除去！
unacceptable	人気の保険比較
acceptable	掃除のプロが起業!?おそうじ本舗のフランチャイズ
unacceptable	悪玉コレステロールを減らすには
unacceptable	無料で翻訳サイトの料金を比較
acceptable	【キュア・ネクスト】病気・ケガによる入院・手術を一生涯保障／保険料は加入時から上がりません
acceptable	掃除のプロ」をフランチャイズオーナーに選んでいませんか?
acceptable	脱サラ」や「独立・開業」のfc加盟店を専門に取り扱うおそうじ本舗は、安心・安定して独立・開業・起業!
unacceptable	貯蓄型の教育費貯め方
acceptable	見て楽しむ壁紙アート
unacceptable	神戸市西区 デイサービスの求人、転職なら介護ワーカー。給与・休暇に妥協をしない転職なら
unacceptable	楽天カードはポイント楽天カードマイナポイント！いろんなお店で楽天ポイントを貯めてポイ活を
unacceptable	【看護師】のパートなら
unacceptable	事業再生から選ばれるローン
acceptable	洗濯槽の掃除ならおそうじ本舗
unacceptable	バイトなら日払いがお得なバイト
acceptable	≪一番安い引越し≫ミツモアなら見積り無料でお得に引越しできます
acceptable	水トラブル・水回り修理
unacceptable	一度にまとめてお医療保険終身
acceptable	広島市の賃貸物件情報サイト・一人暮らしやペット可などのテーマから選べる理想のお部屋探し。
unacceptable	学生etcカード無料楽天ポイント
acceptable	プラドの中古車探し
acceptable	がんを含む七80歳から入れる医療保険はお申込方法はインターネット、郵送、対面の3種類をご用意
unacceptable	アイフルビジネスファイナンスで創業融資／原則、保証人・担保不要のビジネスローン／事業者向け
unacceptable	人気の医療保険１位～３位を発表
acceptable	ゼクシィ縁結びの婚活アプリ【ゼクシィ縁結び】では、約80%の方が6ヶ月以内に出会っています。アプリのダウンロードや、ゼクシィ縁結びのサービスや料金について詳しく知りたい方はこちらから。
acceptable	おそうじ本舗」「おそうじ本舗のフランチャイズ」はサポート・研修体制が充実。ハウスクリーニング業界未経験でも安心・安定して独立・開業・起業!
unacceptable	小林製薬の快眠高脂血症サプリが浅くなった。小林製薬が年齢とともに低下する睡眠の質をサポート
unacceptable	楽天カードは2枚目も作成可能。2種類の国際ブランドが選べて、様々な店舗でetcカード無料楽天
acceptable	【公式】Yappli／アプリ開発
unacceptable	介護ワーカー広島スタッフ求人
unacceptable	初回義妹生活漫画無料
acceptable	マタニティフォトの撮影なら
acceptable	頭皮と髪が変わる、感動体験を
unacceptable	≪簡単2分≫質問事項に答えるだけで依頼完了!エアコンスズメバチの巣に強いプロから見積もりが。
unacceptable	日本在留資格の草むしり依頼
acceptable	【所沢】賃貸・アパートを検索
unacceptable	介護施設の求人をお探しなら！年収400万円以上・土日休みなどの条件で検索。経験者優遇の求人も
acceptable	お宮参りの服装をお探しなら
acceptable	【公式】アイフル／原則電話なし
acceptable	掃除のプロがオーナー代行
acceptable	保険料が業界最安水準の死亡保険、万が一のとき遺された家族を守るなら・比較なら保険市場
unacceptable	静岡県の物件多数掲載。初期費用の問い合わせもカンタン！岐阜アパート情報サイトCHINTAI。
acceptable	楽天カードのメリットをご紹介
acceptable	七五三の写真撮影依頼なら
unacceptable	制作制作・編集の動画制作会社
unacceptable	保険がん保険コスパ
unacceptable	≪TVCM放映中≫おトクに解決
acceptable	【ゼクシィ】ウエディング
unacceptable	マイカーローンのおすすめは?
unacceptable	の福島市ペット可賃貸多数掲載。初期費用の問い合わせもカンタン！賃貸情報サイトCHINTAI。
acceptable	年長さんにおすすめのタブレット学習
acceptable	山梨の賃貸物件情報を今すぐCHECK!ライフスタイルを豊かにする情報や最新の賃貸物件を多数ご用意
unacceptable	女性目線で造られたスタジオは、清潔感とお洒落な雰囲気が人気！気分が高崎ホットヨガです。
acceptable	入退居時のお掃除｜ハウスクリーニングならおそうじ本舗
unacceptable	おグループホーム職員求人
acceptable	掃除のプロが自宅をまるごときれいに!
acceptable	60秒で見積り依頼【名前・メール・郵便番号だけ】
acceptable	おそうじ本舗の説明会は、青森県店舗数no.1のおそうじ本舗だけをご紹介。
acceptable	スプークス/無料トライアル
acceptable	日立エアコンクリーニング
unacceptable	素肌エトヴォスファンデ成分
unacceptable	お保険通院なべき
unacceptable	子供のための保険/人気の保険をランキング別に徹底比較!学資保険選びは資料を見て選ぶべき。
acceptable	壁紙クロス清掃/壁紙染色サービス
unacceptable	楽天カードはキャンペーン実施中
acceptable	掃除のプロが専用機材・洗剤を使用しスピーディーかつ丁寧に汚れを落とします
unacceptable	選べる保障で目的に合わせたプランのカンタン見積り可能！まずは無料で資料メディケア生命
acceptable	公式販売サイトはこちら
unacceptable	今の保険料郵便保険こちら
unacceptable	ウエディング東京會舘で結婚式をご検討中の方へ!幸せが動き出したら、ゼクシィ！
acceptable	【引っ越し代】料金相場を比較
unacceptable	新潟の一人暮らし物件掲載数が豊富。賃貸情報サイトならCHINTAI
acceptable	独占作品も配信／DMMブックス
acceptable	おそうじ本舗/脱サラして独立・開業・起業|ハウスクリーニングのおそうじ本舗おそうじ本舗のフランチャイズはサポート・研修体制が充実。ハウスクリーニング業界未経験でも安心・安定して独立・開業・起業!
acceptable	掃除のプロが家庭訪問。
acceptable	福島の単発バイト求人情報
acceptable	≪依頼料無料≫家族写真・記念写真撮影の実績豊富なカメラマン最大5名から見積もりが届く
unacceptable	茨城枚方介護職求人
unacceptable	【キュア・ネクスト】病気・ケガによる入院・オリックス生命ログイン／ライズ・サポート・プラス
acceptable	掃除のプロが家庭を訪問。家中まるごと徹底清掃します。
acceptable	掃除のプロが家をまるごとキレイに!
unacceptable	軽井沢の賃貸物件情報あり。一人暮らしやペット可などのテーマから選べる理想のお部屋探し。
acceptable	オリックス生命の高齢者向け保険
acceptable	エスティマの中古車探し・初めて購入する方がわかりやすい、豊富な中古車情報
acceptable	愛知県の賃貸物件情報サイト・一人暮らしやペット可などのテーマから選べる理想のお部屋探し。
unacceptable	引受基準緩和型保険ランキング
unacceptable	≪公式≫ミツモアで家具運搬
acceptable	脱サラ」や「独立・開業」についてのご相談をお気軽にお寄せください!
acceptable	高知市の賃貸マンションなら
unacceptable	【公式】Timee単発バイト登録
acceptable	人気・新着衣装が続々登場
unacceptable	中古車プリウスα中古
unacceptable	終身医療保険が月々1000円以下
unacceptable	動画制作の予算を抑える方法
unacceptable	【公式】旧資金調達法人
unacceptable	ロイブ（loIve）美とヨガ大分を同時に！同じ悩みを持つ女性だから、ホットヨガをオススメしたい
acceptable	鍵交換・紛失・修理のご依頼なら
acceptable	80歳から入れる医療保険保険
acceptable	【名古屋】介護職の求人・転職なら介護ワーカー。専任のアドバイザーがぴったりの求人をご紹介。
unacceptable	唐津市の賃貸アパート情報!一人暮らしやペット可などのテーマから選べる理想のお部屋探し。
acceptable	【アイフル】当日の借入れなら
unacceptable	法人向けローン事業資金融資
acceptable	掃除のプロが家庭訪問!
acceptable	ヘッドセット直営通販サイト
unacceptable	香川県の借家人情報掲載。ライフスタイルを豊かにする情報や最新の賃貸物件を多数ご用意
acceptable	オリックス生命の終身保険ライズ
acceptable	排水口のにおいが気になる方へ
unacceptable	オリックス生命RISEは、掛け捨てではなく貯蓄性があります・【万一の場合も安心】
acceptable	赤ちゃん撮影のご依頼を多数いただいております。スタジオアリスで大切な記念日を残しませんか。
acceptable	初回購入の方限定で70%OFF
acceptable	南国市/賃貸アパート情報サイト
acceptable	業界no.1の店舗数。選べる2つのプランから全てのエアコンをしっかりお掃除。
acceptable	【ORIX MONEY】オリックス・クレジットから新しいマネーサービス登場
acceptable	安心」「信頼」「納得」のおそうじ本舗
acceptable	自営業のオススメ求人多数
acceptable	掃除のプロ」としての認知度の高さで2020年度のご依頼は約27万件以上!
acceptable	オフィス移転のご相談なら
unacceptable	賃貸情報なら【佐賀】
unacceptable	【一戸建て、中古マンション等の物件価格を知りたい方】実績豊富な住友不動産販売が購入サポート
unacceptable	人気堕ちる漫画も無料試し読み
acceptable	【中古車情報】60秒見積もり依頼
unacceptable	【すぐに借入れ】バレない
acceptable	品質・性能・デザインに優れたいい家を適正価格で。アキュラホームの『納得の二世帯住宅づくり』
acceptable	ランドクルーザープラド
acceptable	有料老人ホームやグループホームなど施設形態から老人ホームを探せる。介護士の求人情報が満載。
acceptable	【AGA】男性型脱毛症を徹底治療
unacceptable	【下関】賃貸アパート・マンション
acceptable	スキャナの専用ページ
unacceptable	楽天クレジットカードなら新規入会&利用で7000ポイント・お得にポイントを貯めて、活用しよう
acceptable	スタジオ アリスのレンタルならお宮参り撮影OK!スタジオアリスで大切な記念日を残しませんか。
unacceptable	鳥取ガスの株式は持込可能。あなたにピッタリの料金プランをすぐに診断。
unacceptable	小林製薬のナイトミン？
acceptable	【ミツモア公式】床ワックス
unacceptable	【公式】オフィスBCPのオフィス
unacceptable	【福岡】経理仕事内容求人情報
unacceptable	セゾンカード特典カード
unacceptable	公式ページ
unacceptable	楽天グループのカードローン!ポイントはコンビニやスーパーでのお支払いにも使える
acceptable	【公式】HRBrain／組織サーベイ
acceptable	小学生タブレット教材満足度no.1
acceptable	ヘッドセット、ハンズフリー拡声器などオーディオiPhoneアクセサリーてポイント獲得がお得に。
unacceptable	水道店でお得に水道店引き換え
acceptable	掃除のプロ」が専門機材を使用し、入居前や退去後のお部屋をまるごと綺麗に!
acceptable	最大5社からすぐ見積もりが届く。口コミなどを比較して、オトクに依頼しよう。
unacceptable	【個人年金保険】おすすめ4選
acceptable	iPhoneTVスピーカー
acceptable	お宮参りフォトグラファーのレンタルも。スタジオアリスで大切な記念日を残しませんか。
unacceptable	生命保険のおすすめは終身保険
acceptable	【八頭町】賃貸・アパートを検索
acceptable	【ゼクシィ】結婚式場情報
unacceptable	【公式】の賃貸情報岡山
unacceptable	日高市賃貸向け賃貸情報
unacceptable	進撃の巨人悔いなき選択漫画無料
unacceptable	お近くの鍵屋
unacceptable	最短1楽天カードマイナポイント
unacceptable	楽天カードはポイントざくざく貯まる、お得なクレジットカード!【2枚目作成も可能】
acceptable	掃除のプロがオーナーのハウスクリーニング店
acceptable	貯蓄型終身生命保険貯蓄は？
unacceptable	死亡がん保険コスパは65歳以上の高齢者で認知症を患ってる人は5人に1人と推察されています。
acceptable	フローリング交換費用はいくら?
acceptable	もりのみやキューズモール
acceptable	おそうじ本舗の加盟金
unacceptable	がん保険ランキング
acceptable	【スタディサプリENGLISH】公式
acceptable	掃除代行業のフランチャイズで独立するなら。依頼年間約27万件【不況に強い】おそうじ本舗がおすすめ
unacceptable	ベビー/草取り値段
unacceptable	初期費用の問い合わせも必見！鳥取賃貸情報・家賃相場の賃貸物件を探すなら【スマホでCHINTAI】
unacceptable	近くの水道つまり修理業者
unacceptable	100万円融資個人事業者ローン
acceptable	ディズニー・デザインも選べる
acceptable	掃除のプロがハウスクリーニング・おそうじ本舗の開業・集客をサポート!
unacceptable	楽天カードマイナポイント.1
unacceptable	約100種の条件からあなたにマッチした伊予市の賃貸アパートを選べる・愛媛県の物件多数掲載。
acceptable	ETCカードなら楽天年会費無料
acceptable	60歳の方も申込める保険は？
acceptable	札幌市清田区写真館
unacceptable	シニア保険ランキング5
unacceptable	【CURENext】キュア
unacceptable	【頭金０円・月々均等払い】WEBで契約するだけ！手間暇かからず、スムーズに車に乗れる
acceptable	宇和島市の賃貸物件情報サイト・一人暮らしやペット可などのテーマから選べる理想のお部屋探し。
unacceptable	冷蔵庫に草刈りや臭いが発生する前に!食べ物を扱う場所こそ、プロに清掃を任せて綺麗をキープ。
acceptable	おそうじ本舗」「おそうじ本舗のフランチャイズ」のフランチャイズはサポート・研修体制が充実。ハウスクリーニング業界未経験でも安心・安定して独立・開業・起業!
acceptable	脱サラ」や「起業」など、新しい挑戦を始めるなら
unacceptable	ロイブ（loIve）美とヨガ金沢を同時に！同じ悩みを持つ女性だから、ホットヨガをオススメしたい
unacceptable	敷金礼金ゼロの物件あり／家賃相場・学校名で検索：ライフスタイルに合った物件探熊谷市アパート
unacceptable	ナイトミン評判が覚める、眠りが浅くなった。小林製薬が年齢とともに低下する認知機能をサポート
acceptable	ジムニーシエラ 中古車 NISSAN(日産)
acceptable	全国のハチの巣駆除の専門業者が登録。条件に合ったハチの巣駆除の見積りが届く！
unacceptable	病気やケガで入院、通院を一生涯保障する医療保険です。まずは無料で資料請求！
unacceptable	草刈り費用と出会える
unacceptable	医療保険終身生命
acceptable	赤ちゃんを最高の笑顔に
unacceptable	オフィス、ビル、クリニック、病院、店舗など空室をお得に予約!まずはお問い合わせを
acceptable	【姫路】グループホームの求人
acceptable	人探し調査を依頼
acceptable	掃除のプロ」が集客する
acceptable	動画配信サービスSPOOXバリュープランPoweredbyひかり誕生！約30,000本が見放題。
unacceptable	水漏れ修理の評判が気になる
unacceptable	介護保険1位～5位を発表
acceptable	オリックス生命のライズ/口コミ
unacceptable	医療保険 新キュアは終身保険
unacceptable	家族に医療保険入院日額15000円
acceptable	蜂の巣駆除をご検討ですか？
acceptable	約100種の条件からあなたにマッチした福岡市の賃貸マンションを選べる・福岡県の物件多数掲載。
unacceptable	介護職/介護福祉士の求人、転職なら介護ワーカー。長年培った経験で安心してご利用できます
unacceptable	線虫検査がん保険付き保険は？
acceptable	ミコアメリデニムスカート
unacceptable	楽天ピンクカード追加完了
unacceptable	安いがん保険が見つかる
acceptable	死亡保険/死亡共済をご検討の方
acceptable	即日融資も可能なカードローン
acceptable	楽天ポイントの使い方をご紹介
unacceptable	法人・個人事業主向けローンならアイフルビジネスファイナンス／累計15万口座以上の実績
acceptable	【収入保障保険】
acceptable	介護福祉士の資格を活用したい方
acceptable	【愛知県】賃貸・アパートを検索
unacceptable	賃貸物件熊本の物件
acceptable	徳島の短期バイト情報掲載。すきな時間、すきな場所、すきな職種で最短1時間から働けます。
acceptable	結婚式場相談は安心の神奈川で
acceptable	車種別カタログや相場情報が充実!中古車探すならカーセンサーで
unacceptable	エルグランドの式場
acceptable	住友不動産新宿西口店
acceptable	ご依頼内容に最適なプロから見積もりが届く。依頼者数84万人突破／安心の実績
acceptable	教育費としてお子さま、お孫さまに残せる保険商品も／オリックス生命はネットでカンタンお申込み
unacceptable	【公式】旧資金調達方法
acceptable	オリックス生命の生のクチコミ
unacceptable	最大５名のプロから見積もりが
unacceptable	全国の業者が登録。最大５社から届く見積もりを比較して、オトクに依頼しよう。
acceptable	カーセンサー認定軽自動車だと状態を細かく確認できるので安心!お気に入りの中古車が見つかる
acceptable	掃除の会社」として全国展開中!全国1,701店舗展開中!
acceptable	【駅近・沿線で絞り込みが出来るのはリクナビ派遣だけ】スキルを磨ける求人情報多数あり
unacceptable	安い生命保険が見つかる
unacceptable	入会金・サービス賞の最優秀賞受賞。最短5分でセゾンカード、永久不滅ポイントが同時に貯まる！
unacceptable	介護保険がん抗がん剤費用top0≫
acceptable	脱サラ」という言葉を最近よく耳にします。これは、会社員から脱サラして、自分らしい生活を送りたいと願う人が増えているためだそうです。脱サラには、様々な選択肢がありますが、未経験でも安心・安定して独立・開業・起業!
acceptable	リフォーム業者／壁紙染色サービス
acceptable	最大5名のプロから見積もり
unacceptable	引越しや大掃除で出る不用品や草むしり依頼・交換・修理のプロがアドバイスしながら撮影します。
unacceptable	1日の企業死亡保険が分かる。シミュレーションでアナタの保険料の見積り比較が可能／コチラから
acceptable	ドラム式洗濯機清掃は業者に依頼
acceptable	掃除の本舗」ブランドで全国展開中!
acceptable	ネズミ駆除・予防をプロに依頼
acceptable	脱サラ」がテーマの就職・転職情報サイト
acceptable	【お金を借りるならアイフル】本人確認書類の提出はメールでOK
acceptable	シニアにおすすめの保険もご紹介
acceptable	介護福祉士資格の取り方・選び方でお困りですか?介護職に特化した求人情報を数万件掲載。
acceptable	窓ガラスクリーニングなら
acceptable	はじめてのお宮参り写真は一生の思い出に。衣装も充実！初めてでも安心サポート
unacceptable	セゾンカード永久不滅ポイント。
unacceptable	アイフル事業資金申込み可能
acceptable	掃除のプロが家庭や店舗の掃除を代行!
unacceptable	寒い季節にシロアリ駆除一軒家値段洗濯物の乾燥機能が大活躍。便利な機能で生活をもっと快適に。
acceptable	見て楽しむ壁紙ドットコム
acceptable	掃除のプロ」を仕事に
unacceptable	出会いアプリ
unacceptable	高額生命保険5位～5を発表
acceptable	記念写真撮影の予約はこちら
acceptable	ブライダルフェアで挙式をご検討中の方へ!《ゼクシィフェア》事前予約でスムーズ参加
unacceptable	すぐに運転資金・資金調達が必要な方。アイフルビジネスファイナンスは最短融資会社で取引可能
acceptable	【DHA・EPA・ARA】３つの脂肪酸をサプリでチャージ！手軽に飲めるがオススメです
unacceptable	お近くのモデルハウス・すみふキャンペーン・キャンペーン情報を検索できる。WEB相談も受付中。
unacceptable	賃貸 帯広の物件をご紹介
unacceptable	セゾンプラチナビジネスカードなら新規入会&ご利用で8000ポイントプレゼント
unacceptable	歳ナイトミンサプリ
acceptable	資料のダウンロードはこちらから
acceptable	脱サラ」「独立・開業」「起業」など、あなたの質問にお答えします!
unacceptable	近くの鍵屋
unacceptable	ランキング0~5位
unacceptable	入っていてよかった生命保険をランキング。保険市場ならお手元のスマホやPCで比較が可能
unacceptable	最新ランキング
acceptable	苫小牧市の賃貸アパート情報
acceptable	【ライズ】保険シュミレーション
acceptable	掃除のプロが家庭をまるごとお掃除。」の全国展開中!
unacceptable	日本橋住友不動産八重洲
acceptable	掃除のプロ」になるには
unacceptable	初期費用の問い合わせもカンタン・ライフスタイルを豊かにする情報や最新時津賃貸を多数ご用意
acceptable	プライオリティパス/楽天カード
acceptable	掃除のプロが家庭や店舗を掃除のプロ集団に!
acceptable	ノーコードでアプリを作るツール
acceptable	掃除のプロが家庭をキレイに!家族や周りの人たちをもキレイに!
unacceptable	シロアリ検査費用・貸金業・飲食店・運送業など、どんな許認可もお任せ。行政書士0名以上登録。
unacceptable	【全国 シロアリ駆除 予防】
unacceptable	【公式】スマホで北本市賃貸公式
acceptable	小学校一年生向けの通信教育。無料資料請求でもれなく全員にプレゼント進呈
acceptable	カンタン２分で無料見積もり
acceptable	年代別の介護保険をランキングでhokennichiba比較。国内最大級の比較サイト保険市場！
unacceptable	楽天プレミアム楽天カードetc複数なら楽天カード。街でのご利用から公共料金のお支払いまで。
acceptable	生命保険をご検討中の方へ
unacceptable	介護ワーカー紹介施設求人
acceptable	奈良県の賃貸物件情報サイト・賃貸マンション・アパート・一戸建ての物件掲載数が豊富。
unacceptable	車用サブスクを検索。新車のサブスクが利用できる「直売カーセンサー」です。
unacceptable	ネットの生命保険なら定期死亡保険「かぞくへの保険」保障内容・保障期間で死亡保険を比較できる
unacceptable	【最新】がん保険
unacceptable	カーリースより車のサブスク・初期費用が抑えられるためお気軽に車のご利用が可能。
unacceptable	スカイライン400r中古へ
unacceptable	2022年介護保険最新ランキング
unacceptable	ウェディング&hotel sousei
acceptable	マタニティフォト撮影ならスタジオアリスにお任せください。万全の対策で安心安全の撮影を。
unacceptable	【ゼクシー】人気の式場や気になる式場を見学して、実際に結婚式の雰囲気を体験しよう！
acceptable	結婚の流れをご紹介
unacceptable	ビジネスローン事業資金融資
unacceptable	西宮市 デイサービスの求人、転職なら介護ワーカー。給与・休暇に妥協をしない転職なら
acceptable	【小山】賃貸・アパートを検索
unacceptable	楽天カードは引き落とし楽天カード入会学生の使いやすさでクレジットカードを選ぶなら楽天カード
acceptable	直売カーセンサー／新車サブスク
unacceptable	≪依頼料0円≫最大0名・スズメバチの巣・修理のプロから見積もりが届く。相談できるので安心。
acceptable	【真岡市】賃貸アパート情報
acceptable	【長崎】賃貸・アパートを検索
acceptable	【モアコン限定カラー登場】
acceptable	データ入力の派遣 求人を、時給や職種、条件などから探す!あなたに合う職がきっと見つかる
acceptable	オリックス生命の保険はお手頃な保険料とシンプルで充実したプラン／医療保険、死亡保険など
unacceptable	【ゼクシィ】カウンター 大阪
acceptable	【四街道市】賃貸アパート情報
acceptable	【カーセンサー】中古車情報満載
acceptable	福祉の求人：グループホーム
unacceptable	バイト探しで悩んだら橋本環奈に相談!テレビCMで話題「今日なんにもやってないじゃん…私。
acceptable	オリックス生命：公式HP
acceptable	安心の30日間保証
acceptable	あなたのお部屋探しの条件は？家賃やライフスタイルなどから選べる豊富な物件情報を多数掲載中！
acceptable	掃除のプロが経営」
unacceptable	介護職/介護福祉士の求人、転職なら介護ワーカー。年収400万円以上などの詳細条件で検索可能。
unacceptable	庭付き、キッチン充実、日当たり良好等、人気のこだわり条件から南岩国駅の賃貸マンションを探せる
acceptable	おそうじ本舗」のfcオーナー募集
unacceptable	医療保険/ネットで一括資料請求
acceptable	【公式】ゼクシィ
acceptable	面倒なエアコンクリーニングはプロにお任せ！簡単無料見積もりはこちら
acceptable	全国の鍵交換・紛失・修理のプロが登録。お近くのプロからオトクな見積もりが届く！
unacceptable	老後の時死亡保険シュミレーションが気になった学資保険をチェック!相談や見直しなら保険市場。
acceptable	看護師・准看護師資格取得なら
acceptable	最短個人事業主アイフル調達が必要な方。アイフルビジネスファイナンスは最短1営業日で取引可能
unacceptable	楽天楽天クレジット大学生
unacceptable	結婚式の準備の相談はこちらから
acceptable	ホームヘルパーの求人情報
acceptable	福岡県の女性の一人暮らし物件掲載数が豊富。女性の賃貸情報サイトならwoman.chintai
acceptable	約100種の条件からあなたにマッチした福岡の賃貸アパートを選べる・賃貸情報サイトならCHINTAI
unacceptable	5代～県民共済宮崎県におすすめ
unacceptable	全国のネズミ駆除の専門業者が登録。条件に合ったネズミ駆除・防鼠工事の見積りが届く！
acceptable	個人年金保険ランキング１～５位
unacceptable	【見逃し注意】家が高く売れる？
unacceptable	1時間タイミー兵庫
acceptable	お近くの水漏れ修理業者
unacceptable	中古車／スカイライン400r中古
acceptable	【死亡保障も備えられる医療保険】あなたに必要なオリックス生命問い合わせを無料でお届けします
acceptable	【湯沢市】賃貸アパート情報
acceptable	スイッチonで今日のおすすめ学習内容を自動で選定。万が一の故障・破損でも安心の保証をご用意
unacceptable	保険料シミュレーションで自分に年金資産運用なった保険をチェック！相談や見直しなら保険市場へ
unacceptable	エトヴォス公式ファンデお試し
unacceptable	全国対応の介護兵庫県介護求人情報が満載。転職のプロが無料でサポート。詳細条件で検索可能
acceptable	プロの技術でコンロの焦げ付きやシンク・蛇口の水アカなどの頑固な汚れも丁寧に除去。
acceptable	お得楽天etcカード支払い新特典が登場！ピンクカード限定、女子の味方カスタマイズサービス付き
unacceptable	みよし市賃貸の賃貸
unacceptable	【公式】スマホで新潟アパート
acceptable	おそうじ本舗 岐阜
unacceptable	・個人事業主向けローン
acceptable	盛岡市の賃貸物件情報サイト・一人暮らしやペット可などのテーマから選べる理想のお部屋探し。
acceptable	水漏れの修理ならおまかせ。ミツモアのプロは顔が見えるプロだから安心。チャットで事前に相談も！
acceptable	医療保険は保障期間と保障内容で選ぶべき・人気の医療保険を見積りであなたに合った積立年金を。
acceptable	宮崎県の賃貸物件情報サイト・最新の空き状況や詳細情報がスマホで確認できる
unacceptable	最短30分で見積もりが届く
acceptable	式場見学の予約はこちらから
acceptable	彦根市/賃貸アパート情報サイト
acceptable	宇都宮の賃貸マンション・アパート・一戸建ての物件掲載数が豊富。【更新頻度最短5分】
acceptable	荷物の集荷・配達をラクラクに
acceptable	【急募】大阪の派遣求人情報
acceptable	【公式】Timee／Timee
unacceptable	邑南町の賃貸アパート情報!ライフスタイルを豊かにする情報や最新の賃貸物件を多数ご用意
acceptable	全国の平均月商約111万円!おそうじ本舗の説明会は、地域や年代に応じたケース事例をご紹介。
acceptable	新潟市/賃貸アパート情報サイト
acceptable	赤ちゃんの写真の値段はこちら
unacceptable	保険料通院医療保険
acceptable	賃貸マンション・アパート・一戸建ての物件掲載数が豊富。初期費用の問い合わせもカンタン！
acceptable	防水ケースを法人価格で購入。スタンド／充電器など、スマホのアクセサリーを多数取り揃え
unacceptable	水漏れ蛇口張替え
unacceptable	楽天ピンクカード違いコチラ
unacceptable	【【求人】カイゴワーカー積極採用中!高時給の求人情報を知りたい方へ：無料登録で非公開求人も
unacceptable	楽天カードは2枚目etcカード無料楽天がお得に貯まる！違う国際ブランドを選べばお買い物が広がる
unacceptable	鳥取市の電気代を安く
acceptable	【河内長野】介護求人情報
acceptable	【盛岡】賃貸アパート情報サイト
unacceptable	山陽小野田市の賃貸物件情報サイト・毎日豊富な新着物件を様々な条件で探せる。
unacceptable	宇部市の賃貸アパート情報!ライフスタイルを豊かにする情報や最新の賃貸物件を多数ご用意
acceptable	スキマ時間にすぐ働けてすぐお金がもらえる！メンドウな面接や履歴書も一切必要ありません！
acceptable	子供服【753】写真撮影
acceptable	マタニティフォトを熊本で撮りませんか?・スタジオアリスで大切な記念日を残しませんか。
acceptable	フローリング張替え見積もり
unacceptable	通院保障保険申込み
unacceptable	【個人年金保険】さまざまな視点でのランキングを一挙公開。個人年金保険ランキングで徹底比較
unacceptable	Saisonのクレジットカードなら
unacceptable	貯蓄型終身生命保険貯蓄は？
unacceptable	【1】借入個人事業主向けローン
acceptable	桶川市/賃貸アパート情報サイト
acceptable	岩手県の賃貸物件情報サイト・一人暮らしやペット可などのテーマから選べる理想のお部屋探し。
unacceptable	頭金が上がらない保険はこちら
unacceptable	事業事業資金個人事業主
acceptable	オフィスにマッチする業務用タイプからインテリアに切替器払い、送料無料など、最短当日出荷！
unacceptable	《三次賃貸》公式サイト
acceptable	【老人ホーム】のバイトなら
acceptable	キャッシングの審査が不安な方へ
acceptable	結婚式場探しは結婚相談所横浜
unacceptable	神戸 グループホームの求人、転職なら介護ワーカー。もっとキャリアアップできる職場へ
acceptable	配管洗浄業者をお探しなら
unacceptable	学生に矢巾アパートの物件情報
unacceptable	結婚式場・結婚式場情報ならウェディング相談横浜にお任せください。無料相談はこちらから。
unacceptable	保険はどこが保険市場
acceptable	マタニティフォト/熊本
unacceptable	アパート山口市向け賃貸情報
unacceptable	新潟の賃貸物件情報を今すぐチェック!賃貸マンション・アパート・一戸建ての物件掲載数が豊富。
acceptable	脱サラ」「独立・開業」なら
unacceptable	「漏電し床ワックスかも?」
unacceptable	介護士(ケアマネージャー)になるには?全国対応の介護職専門の転職支援サイト【介護ワーカー】。
unacceptable	大和の福井物件物件
acceptable	スタジオアリス/お宮参り衣装
acceptable	研修が充実して安心・約95%の方が掃除業者の仕事未経験で活躍
unacceptable	介護ワーカーの求人情報がザクザクみつかる!長年培った経験で安心してご利用できます
unacceptable	面接や登録会、履歴書は必要タイミー会、履歴書は必要なし。条件を満たしていればすぐ働けます。
acceptable	【2022年】死亡保険ランキング
unacceptable	楽天プレミアムカードならETCカードをETCカードにセット&お支払いで+5%還元!
unacceptable	都心にある2棟を超えるオフィスビルESGオフィスや賃事務所を条件に合わせて検索できる公式サイト
acceptable	ミニクーパーの中古車探し
acceptable	【日田市】賃貸アパート情報
unacceptable	ガイドヘルパー資格取得千葉県
unacceptable	ネズミ防除害獣駆除ネズミ
acceptable	グッドデザイン賞多数受賞。確かな提案力と技術力でいつまでも暮らしjurbanと思える家を
unacceptable	豊後高田市の新築一軒家の賃貸物件情報。毎日豊富な新着物件を様々な条件で探せる。
unacceptable	収入重視の介護職の中ホームヘルパー訪問介護員転職あなたに合った求人をご提案します！
acceptable	ケアマネの求人、転職なら介護ワーカー。また転職サポートを使えばスムーズに転職ができます。
acceptable	【宝塚】介護求人情報
unacceptable	東京の家無料査定するならカウカモ！プロがマンション売却をエスコート
unacceptable	エトボスファンデ／公式通販
acceptable	オリックス生命 finesave(公式)
unacceptable	楽天プレミアムカードなら13000ポイントがお得にもらえます・【2枚目作成も可能】
unacceptable	大阪}で住宅売却・住友不動産販売札幌西営業センターを知ろう
unacceptable	ネズミ駆除料金/相場の約半額
unacceptable	法人・個人事業事業継続資金向け
acceptable	近くのデイサービスに行ってきました。デイサービスって夜勤がないので夜勤がないんですよね。デイサービスの求人情報
unacceptable	ノートeパワー中古車のみでOK
unacceptable	ネットで申し込むなら定期死亡保険「かぞくへの保険」国内最大級の保険比較サイト≪保険市場≫
acceptable	【micoameri】公式サイト
acceptable	オリックスマネーならWEBでカンタン申込み!オリックス・クレジットから新しいマネーサービス登場
acceptable	水漏れ修理の相場をチェック
unacceptable	「週単発バイト広島バイト」
unacceptable	わかりづらい63歳死亡保険相談キャンペーンを実施。オンラインでも来店でももれなくプレゼント。
acceptable	派遣に特化した派遣求人サイト
acceptable	【車のサブスク】新車に乗れる
acceptable	アプリを作るならヤプリ【公式】
unacceptable	わかりづらい保険も丁寧にご説明させて頂保険掛け捨て平均金額ます!相談や見直しなら保険市場へ
unacceptable	カーセンサー販売【公式サイト】
acceptable	おそうじ本舗」ブランドで展開中!全国で展開中!
acceptable	掃除のプロが家庭をまるごと掃除。日々のお掃除では取りずらい汚れも、プロの技におまかせすれば楽々時短で掃除ができます。
acceptable	プロの技術でお料理を楽しく!おそうじ本舗の「簡単・丁寧」な料理の撮り方
acceptable	掃除のプロが独立・開業」
acceptable	豊岡市賃貸アパート情報
unacceptable	1枚マイナポイント楽天カード
acceptable	高品質タブレットで学ぶ通信教育
acceptable	プロが選ぶ生命保険ランキング
unacceptable	賃貸マンション・初期藤枝市賃貸アパートの問い合わせもカンタン！賃貸情報サイトCHINTAI。
unacceptable	【2022年】国保保険料計算
acceptable	老後の資金を確実に準備できる
unacceptable	教育資金・豊かなセカンドライフ・葬儀持病保険・お墓代等6つのサービスを無料でご利用できます
unacceptable	ゼクシィ/next wedding 名駅
unacceptable	すぐに運転資金・資金調達が必要な方。アイフルビジネスファイナンスは最短ビジネスローン個人
acceptable	がん保険】入院や通院に備える保険
acceptable	掃除のプロが掃除機を分解し、まるごと徹底的に洗浄。ピカピカに仕上げます。
acceptable	セレナ E powerの中古車探し
unacceptable	介護士(ケアマネージャー)になるには?また働いている方の声や職場の雰囲気もお伝え可能
unacceptable	生命保険種類ランキング0~5位
acceptable	掃除のプロが起業資金を全額融資。
unacceptable	「週単発バイトバイト」
acceptable	40代、50代から新しい仕事の形
unacceptable	個人年金保険をまとめて資料請求
unacceptable	60歳医療保険必要かも対応
acceptable	介護福祉士ケアマネ受験資格
unacceptable	亀山市賃貸サイト
unacceptable	化粧水・乳液状美容液で簡単2stepケア。乾燥、小ジワ、尽きない女性ブライトエイジ肌の悩みへ
acceptable	医療医療保険（いりょうほけん）
acceptable	アクアの中古車探し
unacceptable	トイレつまり料金・交換・修理
acceptable	≪衣装500着以上≫人気ブランド・新作衣装も続々登場!
acceptable	鍵交換・紛失・修理でお困りなら
unacceptable	LOCATIONがんでも入れる保険
unacceptable	生命保険のおすすめを40代に
unacceptable	鹿屋の賃貸物件情報あり。一人暮らしやペット可などのテーマから選べる理想のお部屋探し。
unacceptable	郡山市賃貸マンションを選べる
acceptable	お得なパックプランも
acceptable	毎月の受取りにかえて一括受取も選べます。20代医療保険のグループ会社です。お申込みはこちら
unacceptable	セゾンプラチナカードなら新規入会&ご利用で8000ポイントプレゼント
unacceptable	評判のオリックス生命/公式
acceptable	山梨の賃貸物件情報を今すぐCHECK!賃貸マンション・アパート・一戸建ての物件掲載数が豊富。
unacceptable	人気のビジネスローンで資金調達・運用資金の足しに。実績豊富な事業者ローン個人事業主収入証明
unacceptable	人気の個人年金個人年金保険保険が知りたい方必見！保険市場ならお手元のスマホやPCで比較が可能
unacceptable	アパート情報長井市アパート
acceptable	アプリ開発から運用&分析までノーコードで提供するアプリプラットフォーム。導入実績600社以上!
unacceptable	ここにしかない非公開の求人の中からあなたに合った介護ワーカー広島を毎日更新中！【公式】
acceptable	掃除の業者を独立開業するなら
acceptable	日産ノート中古車を6,000台以上掲載!60秒で見積り依頼【名前・メール・郵便番号だけ】
unacceptable	公式おすすめ終身保険
unacceptable	ブライトエイジの初回価格は?
acceptable	≪公式通販≫ジャパネットたかた
unacceptable	カーセンサーラガー中古中古車
acceptable	浄水器カートリッジ交換・消毒
unacceptable	群馬県の賃貸なら
acceptable	掃除のプロが店舗運営・フランチャイズ開業・集客までサポート!
acceptable	フローリング洗浄
unacceptable	【無料】入力が楽なパソコンで一戸建てを査定！マンツーマンの営業体制で一戸建て売却をサポート
acceptable	岩手のバイト情報掲載。利用歴に応じて付与されるEXPでグレード特典を手に入れよう！
unacceptable	ナイトミン/眠る力の評判
acceptable	掃除のしすぎでお部屋が汚いを本気で防ぎたい方へ
unacceptable	エトヴォス【公式】
acceptable	リラックスできるスタジオ
unacceptable	一番安い死亡保険はどれ?保険市場ならお手元のスマホやPCで比較が可能
unacceptable	保険60歳生命保険料?
unacceptable	皆ネットの生命保険
acceptable	隙間時間でバイト探し。利用歴に応じて付与されるEXPでグレード特典を手に入れよう！
unacceptable	セゾンカード申し込み無料
acceptable	結婚式場 新宿
acceptable	年齢･性別から検索可能
unacceptable	エネトピア でんきの写真や口コミなどを掲載!引っ越しで電気料金、ガス料金を見直すチャンス。
unacceptable	入っていてよかった生命保険をランキング順に徹底比較!国内最大級の保険比較サイト≪保険市場≫
acceptable	【松阪市】賃貸アパート情報
acceptable	終身保険ライズ/返戻率95.2%
unacceptable	エンドロールの専用ページ
unacceptable	ファンデーション石鹸で落とすで
unacceptable	iPad Air／iPad Pro／iPad mini／デジタル時計／Surfaceなど、PC周辺機器を多数取り揃え
acceptable	【神戸市】看護師の求人
acceptable	メディケア生命の死亡保険/公式
acceptable	福井市の賃貸物件情報サイト・最新の空き状況や詳細情報がスマホで確認できる
unacceptable	会津若松市マンション
acceptable	ブライダルフェアで無料試着
acceptable	スタジオアリスのお得なマタニティフォトが満載!母となる第一歩の思い出をマタニティフォトで。
unacceptable	新居浜の賃貸物件情報あり。一人暮らしやペット可などのテーマから選べる理想のお部屋探し。
unacceptable	行橋市の新築戸建て情報はこちらから・毎日豊富な新着物件を様々な条件で探せる。
unacceptable	（喫煙者の方におすすめ）オリックス生命ファインセーブ・口コミ評価はいい？オリックス生命公式
unacceptable	約100種の条件からあなたにマッチした土佐市の賃貸アパートを選べる・高知県の物件多数掲載。
unacceptable	楽天経済圏での生活をお考えなら、楽天カードで決まり！お得にポイントを貯めて、活用しよう
unacceptable	はいすいこうのつまりく
acceptable	【エリア検索】理想の式場探し
unacceptable	オススメの業者はミツモア
unacceptable	悪玉コレステロール対策サプリ
unacceptable	個人年金保険ランキング
acceptable	エアコン掃除のおすすめ業者なら
unacceptable	楽天ETCカードの作り方のコツ
unacceptable	保険料が安い葬儀保険はどこ？
unacceptable	【癌でも入れる+医療保険】若いうちにがん保険に入ったほうが月額保険料は安くなる？
unacceptable	ポイント無期限のセゾンカード
unacceptable	【公式】旧資金援助
acceptable	掃除のプロが家庭を丸ごと綺麗に!
acceptable	探偵調査の費用はこちらから
unacceptable	あなたファッション人材派遣
acceptable	賃貸・アパートを検索/名古屋駅
unacceptable	保険市場が保険相談キャンペーンを実施。オンラインでも来店でももれなくプレゼント!
unacceptable	公式etvosファンデーション公式
acceptable	盛岡市の賃貸物件情報サイト・賃貸マンション・アパート・一戸建ての物件掲載数が豊富。
acceptable	無料カタログご請求はこちら
unacceptable	鍵ネズミ退治に効くもの
acceptable	【楽天カード】ETCカード発行
unacceptable	持病があっても郵便局の保険
unacceptable	長野の賃貸物件
acceptable	洗面所・水漏れ修理
unacceptable	賃貸天理賃貸情報
acceptable	有料老人ホームをさがすなら
acceptable	動画視聴サイトをお探しなら
acceptable	【2022年】最新の求人情報
acceptable	死亡保険ネット申込みランキング
acceptable	掃除」の数が多ければ多いほど、おそうじ本舗の集客・売上アップは見込めます。訪問者数が目標に到達するよう、しっかりサポートします。
unacceptable	売却査定査定
unacceptable	公式／楽天違い楽天カードアカデミーがカンタン！免許証・印鑑不要。審査完了後に約1週間で届く
acceptable	業界no.1の店舗数。選べる2つのプランから全ての縦型エアコンをしっかりクリーニング!
unacceptable	家族楽天学生クレジットカード
unacceptable	保険料月々1,240円・30歳女性
unacceptable	寒河江市の賃貸アパートをお探しの方へ。一人暮らし、ペット可など人気のテーマ特集も!
unacceptable	自宅周辺の派遣求人を簡単検索！単発・即日開始・テレオペ仕事内容の派遣求人を簡単検索
acceptable	【台所掃除】ならおそうじ本舗
unacceptable	主婦歓迎も/人探し・結婚相談
unacceptable	20代〜50代以上に人気の個人年金保険1位〜5位をランキング別に徹底比較!【最新】人気ランキング
acceptable	終身保険ってどんな保険？
acceptable	脱サラ」という言葉をよく聞くようになりました。しかし、実際は「フリーター」「無職」の人をメインに、たくさんの人が脱サラしています。その理由は何なのでしょうか? 脱サラして独立・開業・起業|ハウスクリーニングのおそうじ本舗おそうじ本舗のフランチャイズはサポート・研修体制が充実。ハウスクリーニング業界未経験でも安心・安定して独立・開業・起業!
unacceptable	【神戸市】看護助手の求人・転職なら介護ワーカー。もっとキャリアアップできる職場へ
acceptable	掃除のプロ」として独立・開業・起業するなら
unacceptable	【2022年】即日草むしり依頼
unacceptable	ゼクシィカウンター広島会場以外もフォローが充実。二次会や前撮り、指輪のご相談も可能です。
unacceptable	宮崎の猫専門賃貸サイト・最新の空き状況や詳細情報がスマホで確認できる
acceptable	机上ラックでお部屋の片付けをお手伝い。タワー型・マウント型ラックも豊富にご用意！
unacceptable	垂水の賃貸物件情報あり。一人暮らしやペット可などのテーマから選べる理想のお部屋探し。
acceptable	オフィス用品なら
acceptable	水回りの頑固な汚れ、エアコンの分解洗浄など、頑固な汚れはプロの技にお任せ!詳細はこちらから
acceptable	ミツモアでプロを探す
unacceptable	【公式】セゾンのデジタルカード
unacceptable	死ぼう保険/掛け捨て型保険
acceptable	自動車保険の等級引継ぎなら
acceptable	病気やケガの入院、通院を一生涯保障する医療保険です。【メディケア生命】
unacceptable	約100種の条件からあなたにマッチした諏訪市の賃貸アパートを選べる・賃貸情報サイト CHINTAI。
unacceptable	害虫駆除ネズミ退治
unacceptable	2022年死亡保障安いランキング
unacceptable	トイレつまり料金クリーニング
unacceptable	税金支払いでもポイントが貯まる
unacceptable	終身がん保険葬式費用はこちら
unacceptable	【Saisonカード】充実したショッピングサービスでより快適な生活を求めるあなたをサポート
acceptable	オリックスのカードローンは最短翌日からご融資OK・オリックス・クレジットのマネーサービス
acceptable	気になるお部屋の見学予約が可能
acceptable	わずか60秒で無料会員登録可能!
acceptable	三重サ高住夜勤求人
unacceptable	鳥取の一人暮らし物件掲載数が豊富。初期費用の問い合わせもカンタン！
acceptable	【江津市】賃貸・アパートを検索
unacceptable	不動産売却ならカウカモ！あなたの家売買のライターが取材／その魅力をアピールします
unacceptable	【公式】住友不動産事務所
unacceptable	鳥取市賃貸物件賃貸物件
unacceptable	万一の時に備え、病気63歳死亡保険を簡単比較!気になるってホント?万が一の時家族に残せる保険
acceptable	お風呂の詰まりを業者に依頼
unacceptable	全国のプロが登録中!最大5社から届く見積もりを比較して、オトクに依頼。
acceptable	【甲賀市】賃貸アパート情報
unacceptable	新車で中古車リース会社
unacceptable	死亡保険掛け捨て最安値でお葬式
unacceptable	スマホで魚崎賃貸公式
unacceptable	結婚式場・結婚式場情報ならウェディング相談横浜にお任せください。特典付き紹介会場数多数。
acceptable	掃除の質」が仕事の決め手
acceptable	結婚式場相談/千葉県の結婚式場情報!あなただけの理想の結婚式をお得に探そう。
unacceptable	賃貸アパート 前橋市
unacceptable	【楽天カード】楽天カード女性
unacceptable	生命保険はいれなくて、入れない人にもおすすめ・目的に合わせたプランのカンタン見積り可能！
acceptable	OpenWorkの口コミサイト
acceptable	車種別カタログや相場情報が充実しています！中古車探すならカーセンサーで
acceptable	【公式】DMMブックス
acceptable	壁紙張り替えの業者をお探しなら
unacceptable	楽天プレミアムカードなら新規入会&利用で7000ポイントプレゼント・券面デザインが選べる
acceptable	【別府】賃貸・アパートを検索
acceptable	絵本コレクションもご用意
acceptable	継続率99%/導入実績600社以上
unacceptable	スキマバイトにすぐ働けてすぐお金がもらえる！メンドウな面接や履歴書も一切必要ありません！
acceptable	楽天カードは2枚目も作成可能。券面デザインが2種類まで選べる。気になる楽天ピンクカード追加！
acceptable	カーペットクリーニング業者を探す
unacceptable	来店不要。WEBで車の購入とローンの審査申込が完結するリクルート提供の「直売リース」です。
unacceptable	敷金礼金ゼロの東海市アパートあり／家賃相場・学校名で検索：ライフスタイルに合ったお部屋探し
unacceptable	医療保険一時金保険公式サイト
acceptable	働きたい時に働けて、すぐにお金がもらえるスキマバイトサービス／Timee(日雇いバイトアプリ)
unacceptable	シニア保険保険通院
unacceptable	セルシオ後期お探しのあなたへ
acceptable	デートにおすすめコーデ
unacceptable	働きたい時に働けて、すぐにお金がもらえるスキマバイトサービス／Timee(バイトアプリおすすめ)
acceptable	ネズミ駆除専門の業者を探す
unacceptable	敷金礼金ゼロ賃貸物件あり/岐阜
acceptable	広島/一人暮らし女性におすすめ
unacceptable	Oオリックス生命はお申込方法はインターネット、郵送、対面の3種類をご用意・／オリックス生命
acceptable	終身保険RISE(ライズ)
acceptable	ミコアメリセットアップ
unacceptable	楽天カードは2枚目も作成可能
acceptable	お得に使える楽天ピンクカード
acceptable	中古車情報エブリイワゴンターボ
unacceptable	【必見】2022年アクセラ突破
unacceptable	80歳の方も申込める死亡保険
acceptable	掃除の会社」のフランチャイズで独立
unacceptable	個人年金保険ランキング0選
unacceptable	2022年最新子供費用5選
unacceptable	悪玉コレステロールを下げたい！小林製薬の紅麹高脂血症サプリで、気になるコレステロール対策を
unacceptable	全国の水回りクリーニングのプロが登録。最大0社から届く見積もりをネズミ退治できるので安心。
unacceptable	ブライトエイジ化粧品/公式
unacceptable	WEBで売却相談受付中】}
acceptable	【派遣求人】ならリクナビ派遣
acceptable	宇都宮市/賃貸アパート情報
unacceptable	公式サイト／初めての楽天etcカード口コミといえば楽天カードアカデミー！年会費はもちろん無料
acceptable	オリックス生命は70歳以上の方や、持病のある方もぴったりな保険が見つかる。お手頃な保険料です
acceptable	しつこい汚れ、掃除のプロが解決
acceptable	楽天カードは2枚目も作成可能
unacceptable	の徳山賃貸マンション多数掲載。初期費用の問い合わせもカンタン！賃貸情報サイトCHINTAI。
acceptable	ゼクシー公式アプリ・人気の式場や気になる式場を見学して、実際に結婚式の雰囲気を体験しよう！
unacceptable	『どうしてもナイトミンちゃう！』が気になるあなたに。快眠サポートサプリで質の良い睡眠に
unacceptable	楽天カード切り替え楽天ピンクカード引き落とし口座を分けられる。用途に応じて賢く使い分け！
acceptable	業界店舗数no.1」/全国1,701店舗
unacceptable	わかりづらい生協生命保険相談キャンペーンを実施。オンラインでも来店でももれなくプレゼント。
unacceptable	20代~50代以上に選ばれている保険生命保険種類を何歳から、いつまで受け取るかで保険を決める
acceptable	大手だから安心/エアコン洗浄【安心安全】
acceptable	ナイトミンの口コミ・ナイトミンは、年齢を重ねていくと低下する睡眠の質をサポート！
acceptable	脱サラ」や「独立・開業」は、今では珍しくなくなってきています。しかし、そうは言ってもやっぱり「仕事はあるのか」「辞めてしまってはどうしよう」など、不安や心配事はつきものです。だからこそ、プロの頼る頼るする依頼がオススメ! 未経験でも安心の独立・開業|おそうじ本舗
acceptable	壁の補修業者をお探しなら
unacceptable	生命保険iryou1位~5位を発表
acceptable	【公式サイト】カーセンサー・車種別カタログや相場情報が充実！在庫確認は無料・中古車を探す
unacceptable	【通販】ネット審査・リース納車
acceptable	年長さん向け学習教材
unacceptable	楽天市場楽天ポイントカード
acceptable	悪玉コレステロールを下げるには
acceptable	公式／住友不動産のオフィス
acceptable	掃除のプロが家庭を訪問!
unacceptable	一人暮らしやペット可などのテーマから選べる理想のお部屋探高知賃貸マンションはCHINTAI
unacceptable	お部屋探しの条件は？人気のテーマから物件が探せて、簡単にオンライン相談・内見予約が可能！
acceptable	ガス代節約ならプロパン
unacceptable	学資保険とは?お子様の将来のために計画的な積み立てを！
unacceptable	北海道の物件多数掲載／岡山市北区賃貸相場の検索も可能。学割適用の物件・ペット可など多数掲載
unacceptable	東京の柿の木坂不動産売却売却のご相談・査定でギフト券1万円分プレゼント
acceptable	東京會舘のブライダルフェア・見学予約はこちら。式場探しや結婚式の疑問をゼクシィが解決！
acceptable	老後の資金はいくら必要?
unacceptable	210クラウンアスリート後期依頼
unacceptable	介護ワーカーデメリット都求人
acceptable	【公式】警報器ガス
unacceptable	貝塚土地価格せ
unacceptable	【2022年頚がん】
acceptable	宇都宮市/写真館をお探しなら
unacceptable	ブライダルフェアで結婚式
unacceptable	楽天楽天カード学生切り替え可能。券面デザインが1種類まで選べる。気になるカードを申し込み！
unacceptable	ソアラカーセンサー【公式】
acceptable	【成田市】賃貸アパート情報
unacceptable	敷金礼金ゼロの物件あり／盛岡市賃貸情報相場・学校名で検索：ライフスタイルに合ったお部屋探し
acceptable	エアコン洗浄実績197万台
acceptable	安定経営」
acceptable	大型家電配送やパソコンなども、面倒な手続きや時間を取られることなく回収することができます。
acceptable	【お使い道自由】ご利用限度額は10万~800万円／高校・大学等の入学金、授業料等教育資金にも。
acceptable	【終身ライズ命】保険商品一覧
acceptable	【公式サイト】カーセンサー
unacceptable	の宮崎大学アパート多数掲載。初期費用の問い合わせもカンタン！賃貸情報サイトCHINTAI。
acceptable	サッシ清掃業者をお探しなら」はこちらから。
acceptable	【公式】セゾンプラチナビジネス
acceptable	【大阪】介護職の仕事をしたい方必見!グループホーム等様々な施設形態、勤務形態で求人検索可能
acceptable	掃除のプロ」が会社設立や起業をサポート!
unacceptable	オリックス生命の保険商品・保険料のチェックはコチラから!【〇〇〇〇】
unacceptable	楽天ポイントが貯まる楽天ETCカード！通行料金100円につき1ポイント貯まる
acceptable	オリックスのファインセーブ・オリックス生命の生命保険は、お手頃な保険料で充実の保障内容。
acceptable	平均月商約111万円/充実の研修制度で安心開業!
acceptable	2022年63歳死亡保険ランキング
acceptable	シエンタの中古車探し・カーセンサー認定車多数、あなたに合った車探しをサポート！
unacceptable	プレオrsしまセンカー
acceptable	おそうじ本舗にお問い合わせ
acceptable	一戸建て売却なら
acceptable	楽天マイナポイントデザイン
unacceptable	入ってよかった生命保険はどれ?
unacceptable	土地の売り方はこちら
unacceptable	豊富な物件情報でこだわり条件の賃貸情報サイトを滋賀で。【更新頻度最短5分】
unacceptable	エトヴォス町田オンラインストア
acceptable	生命保険ネット申込みランキング
acceptable	大手だから安心/エアコン洗浄
acceptable	保険市場デメリット0選
acceptable	滋賀県の賃貸物件情報サイト・一人暮らしやペット可などのテーマから選べる理想のお部屋探し。
acceptable	自分で調査しないでプロに依頼
unacceptable	【オリックス生命】保険商品一覧
unacceptable	350,アウトバック新型度画像付も
acceptable	佐賀の物件多数掲載。ライフスタイルを豊かにする情報や最新の賃貸物件を多数ご用意
acceptable	おそうじ本舗」「おそうじ本舗のフランチャイズ」の2つを組み合わせることで、集客から売り上げアップを実現!
acceptable	入居前の掃除なら
unacceptable	フローリング業者の乾燥機能が大活躍。便利なったら修理・交換・修理のプロに任せればラクラク!
acceptable	約100種の条件からあなたにマッチした佐賀市の賃貸マンションを選べる・【更新頻度最短5分】
acceptable	転職して後悔しないために
unacceptable	【公式】鳥取光熱費
acceptable	【公式】ニトリ/NITORI ベッド
acceptable	脱サラ」や「独立・開業」についてのご相談はお気軽に!
acceptable	【唐津市】賃貸物件を探すなら
acceptable	店舗撮影の相場をチェック
unacceptable	「終身保険の試算してみた？」気になる保険料はいつ終身保険おすすめ50代金額が受取れる保険です
unacceptable	約100種の条件からあなたにマッチした松阪市の賃貸物件を選べる・【更新頻度最短5分】
unacceptable	尼崎 デイサービスの求人、転職なら介護ワーカー。給与・休暇に妥協をしない転職なら
unacceptable	WRX中古車カーセンサー
acceptable	大切な記念写真を撮るならスタジオアリスで決まり!公式hpへアクセス
acceptable	【ヴィヴィオ中古・中古車情報】
acceptable	特典満載の楽天ピンクカード
unacceptable	保険市場/保険市場おすすめの保険商品
acceptable	【碧南市】賃貸アパート情報
unacceptable	山梨県甲府市の賃貸アパート情報!ライフスタイルを豊かにする情報や最新の賃貸物件を多数ご用意
unacceptable	資料請求、シミュレーション、ネットで申込める保険。気になることはチャットで相談。
unacceptable	介護ワーカーの求人情報
unacceptable	最大級の保険情報サイト
unacceptable	券面デザインが選べる／貯めたポイントは月々のお支払いにご利用可能！
unacceptable	初回ちはやふる漫画でイッキ読み
unacceptable	Makuake商品しよう.
acceptable	脱サラ」も歓迎
unacceptable	不動産不動産売買サイト
unacceptable	建設業床修理費用・貸金業・飲食店・運送業など、どんな許認可もお任せ。行政書士0名以上登録。
unacceptable	新着訪問介護サービス提供責任者
acceptable	結婚式場の決め方・コツをご紹介。少人数から大人数プラン等さまざまな挙式スタイルをご紹介
acceptable	オフィスにマッチする業務用タイプから対応サンワサプライラックデスクてポイント獲得がお得に。
acceptable	約100種の条件からあなたにマッチした松阪市の賃貸アパートを選べる・賃貸情報サイトならCHINTAI
acceptable	鏡の水アカ除去＆コーティング仕上げでピカピカの鏡に
unacceptable	害虫ネズミ退治に駆除
acceptable	マタニティフォト 沖縄
acceptable	店舗なしok/低資金から開業可能」/脱サラして独立・開業・起業|ハウスクリーニングのおそうじ本舗おそうじ本舗のフランチャイズはサポート・研修体制が充実。ハウスクリーニング業界未経験でも安心・安定して独立・開業・起業!
acceptable	脱サラ」「独立」についてよくあるご質問にお答えします。
acceptable	プリウスの中古車探し
acceptable	清掃会社を独立開業を。研修が充実して安心・約95%の方が掃除業者の仕事未経験で活躍
acceptable	日本全国で幅広く募集中/短期もokな高時給ニセコバイト。休日は観光を満喫。
unacceptable	【保険市場】sony損害保険~5位
unacceptable	「清潔な住まいから快適な暮らしが始まる!」シロアリの駆除の清掃業者が多数いただいております
acceptable	【軽井沢】賃貸・アパートを検索
unacceptable	東京の親子間売買査定するならカウカモ！プロが不動産売却をエスコートします
acceptable	プロの技術で洗濯機を分解洗浄!
unacceptable	法人様事業資金借りる・事業拡大・資金繰り・生産費用など様々な利用用途にお使いいただけます。
unacceptable	2022年版郵貯子供保険
unacceptable	カーリースの審査はこちら【原則、在籍確認なしのカーリース】低予算で車を検討している方へ。
acceptable	オリックスクレジットの口コミ
acceptable	リングライトを法人価格で購入。WEBカメラ／モバイルバッテリーなど、PC周辺機器を多数取り揃え
unacceptable	60歳生命保険料選
unacceptable	宝塚の介護求人がザクザクみつかる!また転職サポートを使えばスムーズに転職ができます。
acceptable	【岩国市】賃貸・アパートを検索
unacceptable	がんでも入れる+医療保険【メディケア生命】保険料シミュレーションで保険料をチェック
acceptable	【2022】おすすめカードローン
acceptable	マタニティフォトを岡山で撮りませんか?・白を基調とした優しいナチュラルテイストな空間
unacceptable	【取引は全国のATMで利用可能】お悩みの事業者法人借り入れ可能。法人・個人事業主向けローン
unacceptable	【公式】余戸賃貸.CHINTAI
acceptable	サボンモーヴの効果とは?
acceptable	掃除のプロが家庭を訪問!おそうじ本舗でキレイに!
acceptable	モデルハウス住友不動産募集中
unacceptable	光の森でホットヨガ
acceptable	おそうじ本舗の事業資金を調達
acceptable	結婚式を挙げるなら【ゼクシィ】
acceptable	脱サラ」や「独立・開業」を検討している方へ
unacceptable	【2022年】頚がん
unacceptable	がん保険を賢く選んでいいプロが入りたい生命保険ランキング2021558万円。ご相談は保険市場
acceptable	新規会員様募集中／法人様も個人様もご登録可能！会員ランクに応じてポイント獲得がお得に。
unacceptable	駅名から福島県本宮市アパート
unacceptable	etcカード楽天発行期間カード
acceptable	鍵レスキューの専用ページ
acceptable	和装も洋装もおまかせ
unacceptable	介護介護職員兵庫県加古川市求人情報が満載！専任のアドバイザーがあなたの転職をお手伝いします
acceptable	掃除業者のフランチャイズで独立するなら。依頼年間約27万件【不況に強い】おそうじ本舗がおすすめ
acceptable	保険市場／がん保険ランキング
acceptable	掃除のプロが開業店舗を売り上げ2倍にしたおそうじ本舗のフランチャイズ
unacceptable	寒河江市の新着アパート情報を毎日更新!賃貸マンション・アパート・一戸建て情報検索。
acceptable	お宮参りに最適な服装
unacceptable	オリックスのファインセーブ 評判。お手頃な保険料を今すぐチェック！
unacceptable	がん抗がん剤費用
acceptable	スタジオアリスのマタニティフォトはお値段が高いと諦めていませんか?・嬉しい特典いっぱい！
acceptable	【オリックス生命公式サイト】
unacceptable	学生向け高知賃貸マンション
unacceptable	etcカード楽天発行期間永年無料
unacceptable	公式/ブライトエイジ三共製薬
acceptable	オフィスビルの空室チェック。充実の設備/災害対策/24時間直接管理など魅力的なオフィスビル多数
acceptable	50代以上の人が気になった個人年金保険をチェック!相談や見直しなら保険市場へ
unacceptable	介護ワーカーの求人・転職なら介護ワーカー 名古屋にお任せください。最短1ヶ月で入職可能。
unacceptable	草刈り費用家電やパソコンなども、面倒な手続きや時間を取られることなく回収することができます
unacceptable	おすすめの葬祭保険は?20代～50代以上の人が気になった保険をチェック！
acceptable	【下関】賃貸・アパートを検索
acceptable	マタニティフォト/新潟
acceptable	【公式】アイフルの審査はこちら
acceptable	【総社】賃貸・アパートを検索
unacceptable	ビジネクスト融資運転資金
unacceptable	オフィスビル空室。
unacceptable	熊本の賃貸マンション情報を今すぐチェック!毎日豊富な新着物件を様々な条件で探せる。
unacceptable	引受基準緩和型保険死亡保険発表
unacceptable	すみふオフィスオフィス
unacceptable	初期費用の問い合わせもカンタン・ライフスタイルを豊かにする志木賃貸サイトCHINTAI。
acceptable	佐賀県武雄市の賃貸
unacceptable	個人事業主様向けのローンならアイフルビジネスファイナンス。【新規お申込み専用ページ】
acceptable	USBハブを法人価格で購入。WEBカメラ／モバイルバッテリーなど、PC周辺機器を多数取り揃え
unacceptable	シロアリ検査費用取り付け業者
unacceptable	入っていてよかった生命保険をランキング順に徹底比較!生命保険の比較なら保険市場
unacceptable	【賃貸 壬生駅】の賃貸情報
acceptable	サンワサプライ公式通販／ヘッドセット・サーバーラック業務用など豊富な品と同じ保証付き
acceptable	オリックス生命【公式】
unacceptable	20代~50代以上の人が気になった保険をチェック!相談生命保険種類厚く保障いたして保険料比較も
unacceptable	フォルクスワーゲンgolfで
acceptable	セゾンプラチナはビジネスのパートナーに。実用性とグレードを兼ね備えたビジネスカード
unacceptable	【公式】エトヴォス
unacceptable	アイフルビジネスファイナンス
unacceptable	オフィス事務所空室
acceptable	おそうじ本舗のfc(フランチャイズ)オーナー募集
acceptable	結婚式・準備のことならゼクシィ
unacceptable	日本橋住友不動産新宿住友ビル
unacceptable	ゼクシィ カウンター 広島で結婚式をご検討中の方へ!二次会や前撮り、指輪のご相談も可能です。
unacceptable	介護介護ワーカーしつこい求人
unacceptable	【日払い】のバイトなら岡山
acceptable	【静岡県】賃貸・アパートを検索
unacceptable	の鳥栖賃貸マンション多数掲載。初期費用の問い合わせもカンタン！賃貸情報サイトCHINTAI。
unacceptable	徳島の短期バイト情報掲載。利用歴に応じて付与されるEXPでグレード特典を手に入れよう！
unacceptable	介護介護ワーカー岡山求人
unacceptable	約100種の条件からあなたにマッチした成田市の賃貸アパートを選べる・スマホで簡単お部屋探し
unacceptable	【5】事業者ローン個人事業主
unacceptable	【2022年】ネズミ退治に効くもの
unacceptable	オリックス生命の代理店一覧。オリックス生命の保険商品・保険料のチェックはコチラから
acceptable	性別と年齢で保険料をチェック
acceptable	ポイント還元キャンペーン実施中
acceptable	20年以上支持されてきたおそうじ本舗のブランド
acceptable	ゼクシィなら式場探しを全力サポート!少人数挙式など費用を抑えたい方向けのプランも充実
acceptable	公式
acceptable	ソリオ バンディットの中古車探し・カーセンサーアフター保証は料金が安い！
unacceptable	《甲府市アパート》公式サイト
unacceptable	2021年、コーピーカード
unacceptable	最大5社を料金比較
unacceptable	事業拡大やビジネスローン年利にビジネスローンを活用！お客様に合った商品をお探しいただけます
unacceptable	【公式】スマホで逆瀬川賃貸公式
acceptable	住友不動産の平屋
unacceptable	持病メディケア生命保険
unacceptable	看護師の求人・転職なら介護ワーカー 。また転職サポートを使えばスムーズに転職ができます。
acceptable	【peo】派遣 アルバイト、大手メーカー直接雇用の期間工 期間従業員のお仕事など多数掲載。
unacceptable	新庄市の新着アパート情報を毎日更新!賃貸マンション・アパート・一戸建ての物件掲載数が豊富。
unacceptable	宇佐市の賃貸アパート情報!一人暮らしやペット可などのテーマから選べる理想のお部屋探し。
unacceptable	【2022年】草刈り費用
acceptable	保険市場／介護保険おすすめ
acceptable	約100種の条件からあなたにマッチした山口の賃貸アパートを選べる・賃貸情報サイト CHINTAI。
acceptable	キュア・ネクスト
acceptable	【広島】賃貸・アパートを検索
unacceptable	6入院医療保険の特長
unacceptable	LOCATION人材派遣会社社員転職
acceptable	日雇いのバイト情報掲載。メンドウな面接や履歴書も一切必要ありません！
unacceptable	介護福祉士になるには
unacceptable	リース会社ランキングリース
unacceptable	入院一時金保険内容
unacceptable	医療保険エース生命公式サイト
acceptable	綺麗な店舗の理由
acceptable	水アカ除去&コーティング仕上げで輝きを取り戻した浴室
acceptable	【価格満足度92%】おトクに依頼
unacceptable	高松市初任者研修
acceptable	設備充実×安心安全のオフィスなら住友不動産。まずはお問い合わせを
acceptable	オリックスの入院(医療)保険
acceptable	オリックス生命ファインセーブ
acceptable	オリックスマネーの審査は最短即日回答!融資のみならず、多様なシーンに最適なマネーサービス。
acceptable	ニトリNITORI【公式】マットレス
acceptable	保険料と家族どちらが重いですか
unacceptable	ー介護職の転職をフルサポートー
acceptable	20代～50代以上の人が気になった保険住友個人年金。年齢とは？保険の相談、保険選びは保険市場！
unacceptable	【公式】会社でお金を借りる
unacceptable	「週単発バイト登録バイト」
unacceptable	忙しい生命保険何歳までに1人はがんと診断される時代。身近な人ががんになってから備えては遅い
acceptable	オフィス用品多数
unacceptable	申込み専用ページ
acceptable	富山病院介護職員
acceptable	掃除のプロが家庭内をスッキリ掃除!おそうじ本舗
acceptable	カードローン人気ランキング
unacceptable	ネットでカンタン資料請求＆お申込み！保険糖尿病に備える保険充実の保険料は一生涯上がりません
acceptable	保険市場おすすめの入院保険
unacceptable	の楽天ゴールドカード
acceptable	オリックスクレジットのおまとめローンは借入れ時、借換え時の保証料が無料!入会金・年会費不要
unacceptable	東京の一軒家値段のご相談・査定でギフト券1万円分プレゼント
acceptable	アイフルビジネスファイナンスのビジネスローン／個人事業主向け。原則、保証人・担保不要で融資
unacceptable	がん保険oオリックス生命
acceptable	はじめてのお宮参り撮影を一生の思い出に。衣装も充実！初めてでも安心サポート
unacceptable	働き介護福祉士北海道函館市求人
unacceptable	【公式：住友不動産】なら不動産売却を徹底サポート／まずは家がいくらで売れるか無料で査定。
acceptable	三井ダイレクト損保【公式】
acceptable	オフィスにマッチする業務用タイプから対応家庭用サーバーラックなど各種メモリを多数取り揃え
acceptable	個人年金保険とはせる
acceptable	換気扇掃除ならおそうじ本舗
unacceptable	6口6,6定期保険ファインセーブで
unacceptable	ブライダルフェアで挙式
acceptable	【ライズ】掛け捨てではなく貯蓄性もあるため、教育資金などさまざまな資金として活用可能
acceptable	サッシクリーニング」とは、ガラスに付いた手アカやヤニ、砂ボコリまで徹底的にキレイにすることを指します。おそうじ本舗では、ガラスに付いた手アカやヤニ、砂ボコリまで徹底的にキレイにします。お掃除が大変なサッシの細かい汚れもお任せください。
unacceptable	ご主人や奥さまに万一のことがあった場合に毎月決まったオリックス生命プランが受取れる保険です
unacceptable	約100種の条件からあなたにマッチした久留米の賃貸アパートを選べる・快適な生活を送りたい！
unacceptable	（終身）生命終身保険riseライズ
acceptable	おそうじ本舗」「おそうじ本舗」ブランドでおそうじ本舗のフランチャイズ展開をスタートさせました。
acceptable	アフターサービスの対応も万全
unacceptable	保険冠婚葬祭保険
unacceptable	初期費用の問い合わせもカンタン・ライフスタイルを豊かにする小城アパートサイトCHINTAI。
acceptable	【NISSAN中古車】すべて見る
unacceptable	2住友不動産水道橋
acceptable	楽天カード作成なら楽天etc引き落としがカンタン！免許証・印鑑不要。審査完了後に約1週間で届く
acceptable	【公式】楽天カード学生枠カード
acceptable	毎月更新/実例多数掲載中
unacceptable	個人年金保険の人気ランキングは?年齢・性別、月払保険料を選択するだけで簡単比較！
unacceptable	尼崎の介護求人がザクザクみつかる!全国対応の介護職専門の転職支援サイト【介護ワーカー】。
unacceptable	終身保険 メビウス/公式
acceptable	キャッシング即日審査
acceptable	【津山市】賃貸アパート情報
acceptable	XVの中古車探し
acceptable	東京會舘(とうきょうかいかん)
acceptable	約100種の条件からあなたにマッチした鳥取市の賃貸マンションを選べる・【更新頻度最短5分】
unacceptable	【全国】シロアリ駆除業者評判
acceptable	【公式】Timee／CM放映中！すきな時間、すきな場所、単発バイト登録。最短1時間で働ける！
unacceptable	茨木ケアマネジャー求人県求人
acceptable	掃除のプロが独立開業/全国1,701店舗展開中!
acceptable	見積もり無料／チラシデザイン
acceptable	結婚式会場以外もフォローが充実。二次会や前撮り、指輪のごウェディング相談埼玉はこちらから。
unacceptable	専門アドバイザーがピッタリの職場をご提案。介護ケアマネ実務研修の方にピッタリ。口コミあり
acceptable	ミツモアおすすめの業者多数
acceptable	業務用／家庭用デスク防水ケース
acceptable	介護士になるには?
acceptable	キューブの中古車探し
acceptable	笛吹市/賃貸アパート情報サイト
unacceptable	ヒヤマケンタロウの妊娠漫画読み
unacceptable	13,000円～
acceptable	着付け、ヘアセット、撮影小物等のオプションサービスも充実。
acceptable	何ポーズ撮っても撮影料は同じ。お得なセットメニューも!
unacceptable	神戸の激安物件をチェック!一人暮らしやペット可などのテーマから選べる理想のお部屋探し。
acceptable	店舗なしok/低資金から開業可能」と書いてありますが、これは本当でしょうか?
acceptable	【公式】セゾンカード
acceptable	バイクローンの審査が不安な方へ
acceptable	ETCカードのお申し込みはコチラ
acceptable	30代から60代も活躍中!未経験でも安心の独立・開業
unacceptable	≪全国対応≫お住まい付近の草刈り・作業は全て丸投げでok!
unacceptable	約100種の条件からあなたにマッチした桑名市の賃貸アパートを選べる・三重県の物件多数掲載。
unacceptable	【2022年死亡保険子供費用】
unacceptable	東京會舘の結婚情報サイト【ゼクシィ】式場探しや結婚式の疑問をゼクシィが解決！
acceptable	セットメニュー
unacceptable	医療保険は必要か?
unacceptable	一人暮らしや鳥取賃貸などのテーマから選べる理想のお部屋探し。初期費用などのお問合わせ無料！
acceptable	【無料漫画1万冊以上】初回限定70%OFFクーポンもプレゼント！人気アニメ原作漫画も充実
acceptable	全国のカメラマン多数登録
unacceptable	丸亀市の賃貸アパート情報!一人暮らしやペット可などのテーマから選べる理想のお部屋探し。
unacceptable	約100種の条件からあなたにマッチした前橋市の賃貸アパートを選べる・最短5分の情報更新頻度
acceptable	掃除のプロ」が会社員のスキルを活かし、店舗なしok!自宅で独立・開業・起業!
acceptable	ネットでカンタン資料請求＆お申込み！オリックス生命の保険商品・保険料のチェックはコチラから
acceptable	おそうじフランチャイズ
unacceptable	オリックス生命審査期間届け
acceptable	クサい床材は落とします
acceptable	【おすすめ】の終身保険は？
unacceptable	特別価格8,注文住宅住友
unacceptable	【Saison Card apply】貯まったポイントはお買物や別のポイントにも交換OK
acceptable	スマイルゼミ 3年生の料金
unacceptable	エトヴォス/スターター
acceptable	介護職/愛知県の求人情報
acceptable	ご希望の日時に家具・荷物運搬業者が訪問。家具・荷物を運び、運搬する処分・代行サービスです。
acceptable	保険市場/保険市場おすすめ
unacceptable	東京の様々なエリアに多様なスペックのオフィスビル空室にやさしい安心安全なオフィスビルづくり
acceptable	【公式】ブライトエイジシミ
acceptable	保障が一生涯続く「終身保険」
unacceptable	敷金エリア土佐アパートの物件あり／家賃相場・学校名で検索：ライフスタイルに合ったお部屋探し
unacceptable	パパ・介護生命保険
unacceptable	大型家電配送交換
acceptable	ブライダルフェア/挙式予約
unacceptable	ねずみ110番
acceptable	掃除のプロが教えるお掃除の極意
unacceptable	上越市賃貸物件物件多数掲載。初期費用の問い合わせもカンタン！賃貸情報サイトCHINTAI。
unacceptable	【公式】朝霞賃貸.CHINTAI
unacceptable	最大5人のプロに相談できるので、排水管掃除方法など、種類・対象に応じた対策をプロにお任せ。
unacceptable	短期バイトや即日バイトなど、あなたの希望に合った求人をご提案。」そんなときはスキマバイト！
acceptable	ヘッドセット、ハンズフリー拡声器などオーディオパソコンラック業務用てポイント獲得がお得に。
unacceptable	賃貸情報岡山の物件
acceptable	掃除のプロが専門機材を使用し、スピーディーかつ丁寧に汚れを落とします!
acceptable	エアコンクリーニング
unacceptable	都城市賃貸アパート・マンション
acceptable	身辺調査・素行調査の探偵
unacceptable	お冠婚葬祭保険な保険がひと目で分かる。シミュレーションでアナタの保険料の見積り比較が可能。
unacceptable	【公式】住友不動産品川
acceptable	掃除のプロ」が全国1,701店舗/月!
acceptable	在宅事務の派遣求人を紹介
unacceptable	賃貸マンション・アパート・一戸建ての物件掲載数が豊富、日光市の新着物件多数!
unacceptable	20代～50代以上の人は医療保険試算。気になった保険をチェック！相談や見直しなら保険市場へ
acceptable	【全国の平均月商約110万円！】店舗無しOK！低資金から開業可能／低開業資金で高収益！
acceptable	ネットからのお申し込みで、最大10,500円の割引。24時間365日いつでもお申込み頂けます。
acceptable	排水管清掃は業者に依頼
unacceptable	シニア保険コーピーカード
acceptable	当日・翌営業日OK
acceptable	台所換気扇掃除はプロにお任せ
acceptable	自分た場合に、人気がん保険ランキング自分に合った保険をチェック！相談や見直しなら保険市場へ
acceptable	あなたにピッタリの好条件求人をお探しします。また働いている方の声や職場の雰囲気もお伝え可能
unacceptable	賃貸アパート 天理市
acceptable	商標登録/意匠登録はミツモアで
unacceptable	【1】個人事業主事業資金
acceptable	ルポ中古車【カーセンサー】
acceptable	山形市の賃貸アパート情報なら
unacceptable	一人暮らしやペット可などのテーマから選べる理想のお部屋探しや島原アパートに役立つ情報も掲載
acceptable	掃除代行サービス
unacceptable	法人・個人事業主
unacceptable	島原アパートの物件多数掲載。初期費用の問い合わせもカンタン！賃貸情報サイトCHINTAI。
acceptable	ハウスクリーニングのプロが専用器材・洗剤を使用し、スピーディーかつ丁寧に汚れを落とします!
unacceptable	豊後大野市の賃貸物件情報サイト・家賃相場・学校名で検索：ライフスタイルに合ったお部屋探し
unacceptable	「週スキマバイト広島バイト」
unacceptable	ブライトエイジ化粧品／口コミ
acceptable	保険市場／学資保険おすすめ
unacceptable	アイフルビジネスファイナンスの事業者向けローン。契約後は1時間1日いつでも法人借入審査申込OK
acceptable	掃除のプロが家事を代行!おそうじ本舗
unacceptable	福山市の賃貸物件情報サイト・更新頻度最短5分・駅近物件で快適な生活を送りたい！
acceptable	会員証をアプリ化
unacceptable	人気の生命保険を一括見積もり&比較。ご相談は保険市場
acceptable	ハウスクリーニングのフランチャイズで独立開業を。研修が充実して安心・約95%の方が掃除業者の仕事未経験で活躍
unacceptable	【公式】排水管掃除相場
acceptable	【公式サイト】オートウェイ
unacceptable	奈住不の仲介【公式】
unacceptable	無選択型保険死亡保険5を発表
unacceptable	35gtr中古,350台突破
acceptable	セレナの中古車探し・60秒で見積り依頼【名前・メール・郵便番号だけ】
unacceptable	来店不要。WEBでリース会社ランキングする購入／リースできるサイト「直売カーセンサー」です。
acceptable	掃除のプロが家庭をまるごと綺麗に
unacceptable	介護職：グループホーム求人大阪
unacceptable	オリックス生命70歳以上保険です
acceptable	介護ワーカー口コミ必見／介護職専門の転職エージェント：履歴書、面接対策もしっかりサポート
unacceptable	短期集中で少額融資も可能
acceptable	換気扇の掃除はプロにお任せ
acceptable	栃木の賃貸アパート/マンション
acceptable	掃除のプロが自宅で開業
unacceptable	静岡で介護職への転職をお考えの方へ。グループホーム等様々な施設形態、勤務形態で求人検索可能
acceptable	脱サラ」が話題になる。独立・開業をお考えなら
unacceptable	全国の翻訳家が登録中
unacceptable	来店不要でお借入れ・ご返済
unacceptable	兵庫の一人暮らし向け物件掲載数が豊富。初期費用などのお問合わせ無料！
unacceptable	【香美市賃貸】公式サイト
acceptable	単発・未経験OKなど条件で探せるバイト情報掲載。メンドウな面接や履歴書も一切必要ありません！
unacceptable	19インチラックの本格デスク。法人様の特価対応・請求書払い・掛売りも対応しております！
unacceptable	貯めたポイントが幅広rakutenetccard使える／楽天Edyカードなら普段のお買い物が便利でお得に！
acceptable	デイサービス 名古屋の求人情報
unacceptable	制作する動画の内容や構成、撮影の相場価格も公開中。参考にして動画制作に活かそう。
unacceptable	厚木不動産売買
acceptable	住友不動産六本木グランドタワー
unacceptable	明石 デイサービスの求人、転職なら介護ワーカー。転職サポート登録で非公開求人もご紹介
acceptable	保険料が業界最安水準の死亡保険、万が一のとき遺された家族を守るなら・ご相談は保険市場
unacceptable	子供の学資保険はどこがおすすめ?
acceptable	【佐賀市】賃貸・アパートを検索
unacceptable	【キュア・ネクスト】病気・ケガによる入院・オリックス生命入院一時金特約、新キュア・レディ
acceptable	掃除のプロが独立・開業するなら
unacceptable	保険市場イチオシの”シニア保険”
acceptable	結婚式の準備に迷ったら
acceptable	大阪介護求人介護職求人
unacceptable	東京の様々なエリアに多様なスペックの住友不動産水道橋にやさしい安心安全なオフィスビルづくり
acceptable	毎日使う浴室をピカピカに
unacceptable	法人運転資金こちら
acceptable	ホコリや油汚れをキレイに洗浄
acceptable	【2022年】床張り替えdiyの業者
acceptable	【諫早市】賃貸アパート情報
unacceptable	入院や手術に備える一時金保険
unacceptable	年齢t&dフィナンシャル生命は
acceptable	キッチン掃除代行なら
unacceptable	東京の石神井公園駅マンション売却のご相談・査定でギフト券1万円分プレゼント
acceptable	大人気の楽天カードピンクカード
acceptable	ピカピカに
acceptable	マイカーリースで中古車探し。リクルートが提供する「直売カーセンサー」
acceptable	保険料シミュレーションで自分に合った個人年金外貨建てランキング費、介護費に備えておきたい。
acceptable	しつこい汚れ、掃除のプロにお任せ
unacceptable	ネット型死亡保険/一生涯保障
unacceptable	素肌エトヴォスロフト
acceptable	住友不動産の住宅展示場情報
acceptable	掃除業者を独立開業を。研修が充実して安心・約95%の方が掃除業者の仕事未経験で活躍
acceptable	オリックス生命／死亡保険
acceptable	赤ちゃん撮影の衣装をお探しなら
acceptable	【ゼクシィ】ブライダル
acceptable	長崎県大村市の新着アパート情報を毎日更新!学割適用の物件・ペット可など多数掲載
unacceptable	セゾンプラチナビジネスローンはメリット満載・実用性とグレードを兼ね備えたビジネスカード
unacceptable	床張り替えdiy円~
acceptable	はい すいこうのつまりを修理
acceptable	単発・未経験OKのバイト求人多数/土日祝休み・完全在宅・フルリモートのバイト求人多数
unacceptable	あなたの希望に合った津駅の賃貸物件が見つかる!毎日豊富な新着物件を様々な条件で探せる。
acceptable	【2022年】葬儀保険ランキング
unacceptable	人気の保険比較でお得に生命保険をget!相談や見直しなら保険市場へ
acceptable	年齢･性別で保険料をチェック
acceptable	羽島市/賃貸アパート情報サイト
acceptable	プロの技でお部屋をキレイに!
acceptable	香川県の賃貸物件情報サイト・賃貸マンション・アパート・一戸建ての物件掲載数が豊富。
unacceptable	人気のビジネスローンで資金調達・運用資金の足しに。実績豊富な事業者ローン個人事業主代替わり
acceptable	上質さと機能性を叶えた快適な家
acceptable	冷蔵庫クリーニングをお探しなら
unacceptable	人とビジネス、環境にやさしい安心の住友不動産八重洲対応などの最新設備オフィスなら住友不動産
acceptable	【大阪】病院の求人情報
acceptable	ジムニーシエラの中古車探し・60秒で見積り依頼【名前・メール・郵便番号だけ】
unacceptable	ビジネスローンをお探しなら
acceptable	自営業・小売業界の仕事探しなら
unacceptable	色・オプション等も選択可能新車リースはご自宅へお届け。リース満了時には車がもらえます！
acceptable	脱サラ」「独立・開業」「ハウスクリーニング」「おそうじ本舗」の全国求人募集情報が充実。地域や年代に応じた求人案件が豊富。
acceptable	最大5社を比較できる
acceptable	挙式から披露宴まで、ワンランク上のウエディングをご提案。フェア見学で今ドキ演出を体験しよう
acceptable	カイエンの中古車探し
acceptable	転職するならOpenWork
unacceptable	パンフレット進呈！オフィスBCPに巨大イベント空間誕生。スポーツなど多彩なイベントに対応。
unacceptable	人気のビジネスローンで資金調達・運用資金の足しに。実績豊富な事業者ローン事業資金借りる
unacceptable	融資運転資金方は決算書5期分と本人確認書類5点で最短即日融資！カードローンは繰り返し利用可能
acceptable	住まいづくりカタログプレゼント
unacceptable	東京オフィスビル賃料
unacceptable	ビジネスアイフルビジネスローン
acceptable	枚方市 介護職の求人情報
acceptable	価格重視/竣工写真
unacceptable	人気駅から徒歩10分安曇野アパート／家賃相場・学校名で検索：ライフスタイルに合ったお部屋探し
acceptable	茨城の賃貸物件情報を今すぐCHECK!賃貸マンション・アパート・一戸建ての物件掲載数が豊富。
unacceptable	全国の水道屋草刈り費用が登録。最大0名から各種写真撮影の見積もりが届く。相談できるので安心!
acceptable	学資保険、いつから入るべき？
unacceptable	【Saison クレジット】貯まったポイントはお買物や別のポイントにも変換OK
unacceptable	【ゼクシィ】式場探し
unacceptable	保険市場が保険相談78歳でも入れる死亡保険実施。オンラインでも来店でももれなくプレゼント。
acceptable	掃除のプロが家をキレイに!
acceptable	BRIGHTAGE 化粧品はこちら
acceptable	【楽天カード】最短即日審査
acceptable	掃除の効きが悪くなった換気扇 掃除はプロに頼んで徹底洗浄! | おそうじ本舗最近、換気扇の効きが悪くなっていませんか? おそうじ本舗では換気扇を分解洗浄し、ファンやフィルターなど細かい部品に付いたしつこい油汚れもしっかり洗浄。換気扇をお掃除すれば、換気効率がアップして、快適にお料理ができます。
unacceptable	東京の売却の流れのご相談・査定でギフト券1万円分プレゼント
acceptable	全国の蛇口修理業者が登録。希望条件に合った蛇口の取り付け・修理の見積もりが届く
unacceptable	【持病】で保険を諦める前に
acceptable	安心」「安全」の提供
acceptable	スタジオアリスのお宮参り料金
unacceptable	【セゾンカード】新規お申し込み
acceptable	ラクにアプリ化。要件定義も支援
acceptable	約30,000本が見放題！動画配信サービスSPOOXバリュープランPoweredbyひかりTV
acceptable	2022年がん保険ランキング
acceptable	積立貯金ランキングはこちら
acceptable	保険市場が保険相談キャンペーンを実施。webから資料請求可能。
acceptable	【豊川市】賃貸・アパートを検索
unacceptable	年齢･性別で保険料をチェック
unacceptable	タイミー 福山市の情報がわかる!利用歴に応じて付与されるEXPでグレード特典を手に入れよう！
acceptable	七五三の写真撮影のご依頼を多数いただいております。今しかないこの瞬間を写真に残しませんか？
unacceptable	美唄賃貸アパート情報
unacceptable	アイフルビジネスファイナンスで資金繰り／原則、保証人・担保不要のビジネスローン／事業者向け
unacceptable	全国のリフォーム蛇口の水漏れ修理からあなたの条件にあった見積もりを比較して、オトクに依頼。
acceptable	バッグ・インナーバッグ／セキュリティグッズ／掃除機DVD・ブルーレイケースなど多数取り揃え
acceptable	貼り替えよりもリーズナブルな価格。安心して壁紙を貼り替えることができます。
acceptable	オートロック付き賃貸物件あり
unacceptable	【キュア・ネクスト】病気・ケガによる入院・葬儀医療保険71才・お墓代等をトータルでサポート
acceptable	学生限定/楽天カードアカデミー
acceptable	キッチン掃除代行
acceptable	日雇い・日払いのバイトなら
acceptable	ゼクシィで叶える感動の結婚式
acceptable	掃除のプロが起業
unacceptable	最短アイフル個人事業調達が必要な方。アイフルビジネスファイナンスは最短1営業日で取引可能
acceptable	高崎市の賃貸アパート情報なら
unacceptable	【山形アパート】公式サイト
acceptable	【マルイ公式ネット通販】自慢したくなるアイテムが勢ぞろい
acceptable	約100種の条件からあなたにマッチした山形市の賃貸マンションを選べる・【更新頻度最短5分】
acceptable	【DAIHATSU中古車】すべて見る
acceptable	掃除のプロ」がオーナーになる
unacceptable	死亡保険 安い保険ランキング
acceptable	【スッキリ片付く】キッチン収納
unacceptable	Keywordカローラバン
unacceptable	登戸駅の賃貸物件情報あり。一人暮らしやペット可などのテーマから選べる理想のお部屋探し。
unacceptable	1時間日雇いバイトアプリ
unacceptable	介護職の求人を探すなら兵庫
unacceptable	兵庫看護助手求人女性
acceptable	掃除のプロが家庭や店舗をまるごと掃除。年末の大掃除など、一度にまとめてお家をキレイにしたいときにオススメです。
acceptable	年長さんにおすすめのスマイルゼミ。入会ご検討中の方は全額返金保証を使って無料おためしOK
acceptable	fc(フランチャイズ)オーナー募集
acceptable	東京の新宿マンション売却するならカウカモ！プロがマンション売却をエスコート
acceptable	地図から探すならこちら
unacceptable	死亡保険は掛け捨てではなく貯蓄性のある死亡保険。保険市場ならお手元のスマホやPCで比較が可能
acceptable	【公式】楽天カード女性／お申込
acceptable	【公式】ヤプリ／アプリ作成
acceptable	近くの介護施設の求人情報
acceptable	静岡の賃貸物件情報を今すぐCHECK!ライフスタイルを豊かにする情報や最新の賃貸物件を多数ご用意
unacceptable	通院、コープ共済こーぷの方へ
acceptable	WEBでガールズ漫画無料
unacceptable	全国のプロが登録中!最大5名のおすすめ業者から見積もりが届く。おトクなプロを選べる
acceptable	【草津市】賃貸アパート情報
unacceptable	【新潟市東区アパート】
unacceptable	人気の生命保険１位～５位を発表
unacceptable	東京の売買査定査定するならカウカモ！プロが不動産売却をエスコートします
acceptable	アルファードの中古車探し
unacceptable	【人材を集める】リクルート
unacceptable	グループホーム／デイサービス／介護職介護福祉士情報を知りたい方へ：無料登録で非公開求人も
acceptable	神栖市の賃貸物件
acceptable	一般事務・受付・秘書の派遣求人・沢山の求人情報からあなたにピッタリの仕事探し
acceptable	おすすめの掃除機・レンジフード
acceptable	お掃除のプロが専用機材・洗剤を使用しスピーディーかつ丁寧に仕上げます
acceptable	七五三/スタジオアリス
unacceptable	真岡市の賃貸物件情報サイト・人気駅・栃木県の物件多数掲載・快適な生活を送りたい！
unacceptable	「週バイト1日バイト」
unacceptable	中古車リースの比較ならこちら
unacceptable	20代~50代以上に選介護生命保険に計画的な積み立てを!学資保険の比較や相談なら保険市場へ。
acceptable	RAV4の中古車探し。初めて購入する方がわかりやすい、豊富な中古車情報
unacceptable	年会費永年無料のピンクカード限定！好みに合わせて楽天アカデミーサービスをカスタマイズできる
acceptable	【塩尻市】賃貸アパート情報
unacceptable	24時間お申込みetcカード無料楽天の券面デザインが2種類まで選べる。気になるカードを申し込み！
acceptable	年会費永年楽天カードマイナポイント／限定！年会費無料／携帯料金の支払いでもポイントが貯まる
acceptable	ビラ作成の依頼はこちらから
unacceptable	ネットでカンタン資料請求＆お申込み！保険・オリックス生命のキープがoオリックス生命です
acceptable	脱サラ」なんて単語が最近よく耳にしますが、脱サラして独立・開業・起業するなら
acceptable	浄水器の取り付け業者なら
acceptable	【オリックス生命】保険商品一覧
acceptable	≪チラシ作成・フライヤー作成≫
acceptable	島根県の物件多数掲載。ライフスタイルを豊かにする情報や最新の賃貸物件を多数ご用意
acceptable	【ゼクシー】挙式のみ・プライベート感のある会場など情報満載
acceptable	SDカードなど、各種メモリが多数
unacceptable	法人様web完結ローン・事業拡大・資金繰り・生産費用など様々な利用用途にお使いいただけます。
unacceptable	どこの保険相談が人気?
acceptable	【低価格・高品質】マットレス
unacceptable	死亡保険、医療保険、がん保険、就業不能保険の4つの保障からお選びください。ご相談は保険市場
unacceptable	公式／楽天カード・楽天rakutenetccardカード！三大あんしん機能でセキュリティー充実
unacceptable	法人向け事業継続資金
unacceptable	Keywordフェローマックス
unacceptable	排水管掃除相場補充まで
acceptable	【津】賃貸・アパートを検索
unacceptable	今の一時払い終身保険相続です。
acceptable	エブリイワゴンターボ見つかる
unacceptable	が選ぶがん保険第1位は?
acceptable	20代～50代以上に選んでいいかわ共済年金保険準備するだけで各社の医療保険の保険料を簡単比較。
unacceptable	個人年金保険の人気ランキングは?老後資金を無理なく積み立てたい方へ。
acceptable	仙台の単発単発バイト情報掲載。利用歴に応じて付与されるEXPでグレード特典を手に入れよう！
unacceptable	一時生命保険死亡保険なしで選ぶ
acceptable	1日の入院でも住友個人年金一時金や月払保険料で徹底比較！保険の比較や見積もりなら保険市場へ
acceptable	スタジオアリスのマタニティフォトを簡単予約!母となる第一歩の思い出をマタニティフォトで。
acceptable	山口の賃貸物件をお探しなら
acceptable	店舗なしok/低資金から開業可能」や「最短14日間/集中研修」など、あなたのライフスタイルに合わせてお選びいただけます。
acceptable	真剣なお相手が見つかる！ゼクシィ縁結びなら、約80％の方が6ヶ月以内に出会っています。アプリのダウンロードや、ゼクシィ縁結びのサービスや料金について詳しく知りたい方はこちらから。
acceptable	【公式】jurbanの注文住宅
acceptable	安心」「安全」「安定」
unacceptable	個人融資会社者ローン
acceptable	近くの介護施設の求人情報なら
unacceptable	持病や入院歴のある方も入りやすい終身保険／ライズ・サポート・プラスはネットで告知ができます
acceptable	【ゼクシィ】相談カウンター/店舗
unacceptable	死亡保険保険市場
unacceptable	大和の丹波市賃貸の賃貸物件
acceptable	笑顔を生み出すプロにおまかせ
unacceptable	水道の蛇口交換施工
acceptable	ゼクシィなら会員登録無料。今ドキ最新演出やドレス試着など、彼と楽しめるフェア情報がいっぱい
acceptable	終身保険ライズは保険のプロから高い評価を頂いております・さらにお申込みしやすくなりました！
unacceptable	死亡保険、医療保険、がん保険、就業不能保険の4つの保障からお選びください。比較なら保険市場
acceptable	LANケーブル／HDMIケーブル／USBケーブルなど各種ケーブルや、変換アダプなど多数取り揃え
acceptable	フランチャイズ経営で安定収入
unacceptable	ゼクシィ カウンター 梅田の情報がわかる!結婚式会場以外もフォローが充実。
unacceptable	会社近く
unacceptable	保険市場奈良請求
acceptable	（公式）医療保険見積もり
acceptable	【マルイ公式通販】1,500以上のブランド・ショップを公式に取扱い。店舗にないサイズやカラーも
unacceptable	pr浄水器カートリッジ交換
acceptable	滋賀の賃貸物件情報を今すぐCHECK!賃貸マンション・アパート・一戸建ての物件掲載数が豊富。
unacceptable	藤枝市賃貸アパートの物件多数掲載。初期費用の問い合わせもカンタン！賃貸情報サイトCHINTAI。
acceptable	【創業20年以上】ハウスクリーニングは安心と信頼のおそうじ本舗にお任せください
acceptable	理想の間取りを作成
acceptable	サーバーラック・業務用サーバーラック。学校やオフィスなどの専用商品も取り扱い中。
unacceptable	須賀川市マンション一人暮らし
unacceptable	20代~50代以上に選死亡保障安いあなたに合った保険をチェック!相談や見直しなら保険市場へ
acceptable	住友不動産で住友不動産工法
unacceptable	姫路 デイサービスの求人、転職なら介護ワーカー。もっとキャリアアップできる職場へ
unacceptable	2022年郵貯子供保険?
unacceptable	自宅周辺の派遣求人ナース人材派遣の派遣求人を探すならリクナビ派遣／新着案件多数掲載
acceptable	車の保険の等級でお悩みの方へ
acceptable	脱サラ」を目指す方へ
acceptable	平均２分で見積り
acceptable	脱サラ」や「独立・開業」に関するおそうじ本舗
unacceptable	岩手県の物件多数掲載。初期費用の問い合わせもカンタン！アパート熊本市南情報サイトCHINTAI。
acceptable	OpenWork【公式】
acceptable	モバイルバッテリーをおすすめする理由とは?椅子・机などのオフィス用品やPC周辺機器など販売
unacceptable	LOCATIONオリックス生命ケガ通院
unacceptable	都城市の賃貸物件情報サイト・人気の厳選テーマから理想のお部屋探し【スマホでCHINTAI】
acceptable	ビジネス専用の融資はこちら
acceptable	VGAチャイムMM-MC28
unacceptable	働き日雇い仙台時に働けて、すぐにお金がもらえるスキマバイトサービス／Timee(タイミー)
acceptable	女性保険の加入は年金資産運用以上に人気の生命保険をランキング化。保険のご相談は≪保険市場≫
acceptable	キッチン掃除はプロにおまかせ。
acceptable	掃除屋フランチャイズをお探しなら
unacceptable	えっ今から入れる死亡保険？
acceptable	賃貸マンション千葉の物件多数掲載。初期費用の問い合わせもカンタン！賃貸情報サイトCHINTAI。
unacceptable	茨城介護ワーカー
unacceptable	【ゼクシィ】カウンター広島
acceptable	あなたの保険料はどのくらい？比べてください、メディケア生命保険のお手頃な保険料！
unacceptable	オフィスすみふオフィス
acceptable	掃除」とは、人生において大いなる価値を生み出すもの。おそうじ本舗のフランチャイズは、そのお手伝いをさせていただくサービスです。
unacceptable	ブライダル東京會舘の式場情報。結婚準備のことならゼクシィへお任せ！
unacceptable	ナイトミンナイトミンcm
acceptable	人材派遣会社をお探しの方へ
unacceptable	個人インディード個人事業主掲載
unacceptable	熊本加西介護求人
unacceptable	法人は決算書5期分・本人確認書類5点、個人事業主お金を借りる方法事業主向けのビジネスローン！
unacceptable	広島市の賃貸物件情報サイト・更新頻度最短5分・駅近物件で快適な生活を送りたい！
unacceptable	【2022年】死亡保険保険市場奈良
acceptable	定期死亡保険がオススメ
unacceptable	公式／第一三共ヘルスケアが開発
acceptable	おそうじ本舗」などのおそうじ本舗のフランチャイズを比較。おそうじ本舗なら安心・安定して独立・開業・起業!
acceptable	マタニティフォト/山梨
acceptable	人気の死亡保険【１位～３位】
acceptable	リクシルエスモ物置
unacceptable	東京の渋谷マンション売りたいのご相談・査定でギフト券1万円分プレゼント
unacceptable	アイフルビジネスファイナンスに社名変更！個人事業主カード・個人事業主向けのビジネスローン！
unacceptable	小山市の賃貸物件情報サイト・人気駅・栃木県の物件多数掲載・快適な生活を送りたい！
unacceptable	アパート・佐賀市賃貸物件
unacceptable	法人のお借入ローンランキング
unacceptable	【公式】VIPオリックスVIP
acceptable	サボンモーヴの口コミはこちら
unacceptable	住友不動産水道橋オフィスビル
unacceptable	通院医療保険(エース)
unacceptable	全国の家具運搬のプロが登録。最大５社から届く見積りを比較して、オトクに依頼しよう。
unacceptable	【初回契約後最大30日間特典あり】本人確認はスマホでも可能
acceptable	ムーヴキャンバスの中古車探し。車種別カタログや相場情報が充実！
acceptable	山形の賃貸物件情報を今すぐCHECK!賃貸マンション・アパート・一戸建ての物件掲載数が豊富。
unacceptable	宮崎市の新着物件情報を毎日更新中！人気の厳選テーマから理想のお部屋探し【スマホでCHINTAI】
acceptable	掃除のプロが講師」
acceptable	おそうじ本舗」「掃除の会社」のfc加盟店を募集中
acceptable	能美市の新着アパート情報を毎日更新!賃貸マンション・アパート・一戸建ての物件掲載数が豊富。
unacceptable	掛け捨て死亡保険最新ランキング
unacceptable	【悪玉コレステロールを下げる】小林製薬の紅麹サプリで、気になるコレステロール対策を
unacceptable	求人病院介護福祉士求人
acceptable	掃除が仕事」
acceptable	全国にネットワークが広がっているため、どこで事故にあっても安心の対応が可能です。
unacceptable	ETCカードはクレジットなし楽天
unacceptable	全国のシロアリ検査費用・トイレ・広告・ウェブサイトなど、プロにお任せ!隅々までピカピカに。
acceptable	佐賀の物件多数掲載。一人暮らしやペット可などのテーマから選べる理想のお部屋探し。
unacceptable	生命保険終身保険ライズ
acceptable	楽天ピンクカード限定の選べるカスタマイズサービス!街でのご利用から公共料金のお支払いまで。
unacceptable	排水アパート排水管清掃費用洗浄
acceptable	新規・乗り替えの方におすすめな自動車保険は事故対応満足度94.8％の三井ダイレクト損保。
acceptable	単発・未経験OK・完全在宅・フルリモートのバイト求人も多数!即日即金／振り込み手数料¥0！
acceptable	スマイルゼミ小学一年生・タブレットで学ぶ幼児・小学生・中学生の通信教育。
unacceptable	賃貸アパート 観音寺市
unacceptable	神戸 グループホームの求人、転職なら介護ワーカー。転職サポート登録で非公開求人もご紹介
unacceptable	桑名市アパート物件多数掲載。初期費用の問い合わせもカンタン！賃貸情報サイトCHINTAI。
acceptable	川崎市の賃貸物件情報サイト・一人暮らしやペット可などのテーマから選べる理想のお部屋探し。
acceptable	20代～50代以上に人気の保険市場求人まで幅広く取り扱い。持病があっても入れる死亡保険も掲載
acceptable	スタジオアリス/七五三写真撮影
acceptable	掃除のフランチャイズ加盟店を独立開業を。研修が充実して安心・約95%の方が掃除業者の仕事未経験で活躍
acceptable	オンライン保険相談が大人気
acceptable	おそうじ本舗」「安心」のブランドで全国約1,701店舗展開中!
unacceptable	冒険少年漫画読み
acceptable	特別注文住宅住友不動産
unacceptable	楽天カードは引き落とし楽天カードアカデミーデザイン分けられる。用途に応じて賢く使い分け！
unacceptable	定期死亡保険が200万円
unacceptable	修正申告を申請したネズミ撃退法でも安心。撮影経験豊富なプロがアドバイスしながら撮影します。
acceptable	ネズミを1匹残らず退治
unacceptable	シロアリの駆除の完全駆除
acceptable	オリックス生命RISEは、掛け捨てではなく貯蓄性があります・さらにお申込みしやすくなりました！
unacceptable	スズキエブリィ中古台をココで
acceptable	最大5社からすぐ見積もりが届く。ミツモアならあなたの条件に合う洗濯機設置の業者が見つかる。
unacceptable	【保険市場】生命保険種類~5位
unacceptable	全労済入院給付金いくら必要？
unacceptable	事業拡大や即日融資法人緊急にビジネスローンを活用！お客様に合った商品をお探しいただけます
acceptable	見違えるほどキレイに
unacceptable	インターネット申込みなら、一度のお手続きで医療保険も死亡保険もまとめてお申し込郵便局の保険
unacceptable	【毎日の睡眠にお悩みの方へ】ナイトナイトミン口コミで、気になる睡眠ケアを。／小林製薬公式
unacceptable	セゾンクレジットカード永年無料
acceptable	山口の物件多数掲載。ライフスタイルを豊かにする情報や最新の賃貸物件を多数ご用意
unacceptable	全国の水回りクリーニングのプロが登録。最大0社から届く見積もりを比較してネズミ退治を解決。
acceptable	【公式】VIPORIXMONEY審査
unacceptable	電子スパイ教室漫画無料
acceptable	おそうじ本舗」「ハウスクリーニング」「おそうじ本舗のフランチャイズ」の3社で全国fcオーナー募集中!
unacceptable	5社5死亡保険TOP5
unacceptable	週５ファッション人材派遣
unacceptable	保険市場/保険比較・相談の【保険市場】
acceptable	【小山市】賃貸・アパートを検索
unacceptable	【最新版】個人事業主向けローン
acceptable	【見学予約も、ゼクシィ】ブライダルフェア・式場の見学予約も、エリアと日時でカンタン予約
acceptable	【札幌市デイサービス】
acceptable	掃除のプロが店舗を開く/掃除のフランチャイズで独立・開業・起業|ハウスクリーニングのおそうじ本舗おそうじ本舗のフランチャイズはサポート・研修体制が充実。ハウスクリーニング業界未経験でも安心・安定して独立・開業・起業!
acceptable	スマートリモコンの専用ページ
unacceptable	WEBで中古車購入-全車保証あり
acceptable	店舗なしok/低資金から開業可能」や「最短14日間/集中研修できる」など、あなたのライフスタイルに合わせて脱サラ・開業・起業!
unacceptable	厚木賃貸の賃貸物件あり
acceptable	【楽天経済圏利用に】楽天カード
acceptable	蛇口・水栓・シャワーの交換費用
acceptable	結婚式場情報。ゼクシィのブライダルフェアへ参加して、結婚式当日のイメージを膨らませよう！
unacceptable	浜松の賃貸アパート情報!ライフスタイルを豊かにする情報や最新の賃貸物件を多数ご用意
acceptable	床の掃除を業者に依頼
acceptable	費用や料金体系はこちら
acceptable	三井ダイレクト損保の自動車保険は安心・スピーディーな事故対応力。事故対応満足度94.8％
unacceptable	【2022年】頚がんは?
acceptable	ガスレンジ掃除の業者なら
unacceptable	持病や入院・手術の経験がある方も加入しやすい一生涯終身ライズが一生涯にわたり生活をサポート
acceptable	シュミレーションで選ぶ死亡保険
unacceptable	高ネズミ業者ったら
unacceptable	約100種の条件からあなたにマッチした神戸の賃貸アパートを選べる・賃貸情報サイト CHINTAI。
acceptable	小学生タブレットno.1のスマイルゼミから幼児コースが新登場!資料請求で他社と比較。
unacceptable	【イベント実績掲載中】住友不動産東京日本橋タワーに誕生。スポーツなど多彩なイベントに対応。
unacceptable	エトヴォスファンデーション色
unacceptable	東京の売却査定するならカウカモ！プロがマンション売却をエスコート
unacceptable	仙台の単発単発バイト情報掲載。メンドウな面接や履歴書も一切必要ありません！
unacceptable	約100種の条件からあなたにマッチした福山市の賃貸マンションを選べる・広島県の物件多数掲載。
acceptable	岡山市の賃貸物件情報サイト・一人暮らしやペット可などのテーマから選べる理想のお部屋探し。
acceptable	送料無料・30日間返品保証
acceptable	スマイルゼミ 年長コースならお子様の理解度に合わせた教材で、基礎から応用力まで伸ばせる!
unacceptable	DMMブックス／デザート漫画％OFF
unacceptable	【公式】の賃貸下松市
unacceptable	【公式】Timee／単発バイト栃木
acceptable	地域密着」をテーマの一つにしているおそうじ本舗。ご家庭・店舗/オフィスのあらゆる箇所を掃除のプロが徹底的に汚れを除去。まずは無料で訪問・お見積りいたします。
unacceptable	冒険少年漫画も配信
unacceptable	編集・ブツ撮り・動画撮影
acceptable	最大50%pt還元実施中
acceptable	風呂クリーニング
unacceptable	学生向け石川賃貸
acceptable	富士市の新着アパート情報を毎日更新!賃貸マンション・アパート・一戸建ての物件掲載数が豊富。
unacceptable	新規入会＆rakutenetccardだけ、加盟店での給油がポイント1倍！お出かけがお得に。
acceptable	【公式】Timee単発バイト登録
unacceptable	スズキツイン中古で
acceptable	PCパーツ,10点以上
acceptable	新規申込み専用ページ
unacceptable	通院、入院の際のプロが入りたい生命保険ランキング2021リスクに備えるネット型生命保険も多数
acceptable	配水管洗浄はプロにお任せ
unacceptable	楽天カードなら主婦・学生・バイトもOK／新規入会＆ご利用で楽天カードおすすめ学生が貯まる！
unacceptable	損保ジャパンがん保険評判とは？
acceptable	教育資金のわからないを解決
acceptable	予算・口コミ・実績で比較
unacceptable	西条市の賃貸物件情報サイト・更新頻度最短5分・駅近物件で快適な生活を送りたい！
acceptable	サッシクリーニング」ならお部屋の95%がキレイになる
acceptable	オリックス生命の死亡保険
acceptable	水回りの汚れに
unacceptable	トイレの水漏れの雨樋掃除・修理
acceptable	チラシ作成をプロに丸投げ
unacceptable	全国の除草業者が登録。最大5社から届く見積もりを比較して、オトクに依頼しよう。
unacceptable	【公式】Timee／タイミー放映中！すきな時間、すきな場所、すきな職種で最短1時間から働けます。
acceptable	【坂出市】賃貸アパート情報
unacceptable	砥部町賃貸の賃貸
unacceptable	学生向け南陽賃貸
acceptable	【最短即日可能】スマホで借入れ
unacceptable	山梨県甲斐市の新着アパート情報を毎日更新!毎日豊富な新着物件を様々な条件で探せる。
unacceptable	無料で保険相談出来る窓口探し
acceptable	年代別に医療保険の保険料を比較
unacceptable	介護福祉士の求人・転職なら介護ワーカー。また転職サポートを使えばスムーズに転職ができます。
acceptable	岐阜県の賃貸物件情報サイト・賃貸マンション・アパート・一戸建ての物件掲載数が豊富。
unacceptable	万一の時に備え、葬祭費用保険な資金を今、初めて備えようと思う。年齢や性別でがん保険を探せる
unacceptable	公式
acceptable	脱サラ」や「独立・開業」に興味のある方へ
acceptable	楽天アカデミー貯まる
unacceptable	更新頻度最短5分・様々な検索方法で自分に合った物件を・エリア韮崎賃貸こだわりテーマから検索
unacceptable	明石 デイサービスの求人、転職なら介護ワーカー。もっとキャリアアップできる職場へ
acceptable	北九州市の賃貸情報
acceptable	X4中古／カーセンサー
unacceptable	鹿児島市のマンション賃貸なら
acceptable	【KUMON】無料トライアル受付中
acceptable	カーセンサー／公式サイト
acceptable	【佐野】賃貸・アパートを検索
acceptable	マタニティフォトを広島で撮りませんか?・白を基調とした優しいナチュラルテイストな空間
acceptable	介護士資格の取り方/あなたにピッタリの求人掲載。長年培った経験で安心してご利用できます
acceptable	公式／マイナポイント楽天カード
unacceptable	資金調達（事業者ローン個人事業主方向け）／5時間オンライン申込み可能！スマホアプリもご用意
acceptable	しつこい汚れ、普段お掃除がしにくい箇所をプロ専用の器材・洗剤を使用しスピーディーかつ丁寧に仕上げます
acceptable	床掃除の業者をお探しなら
unacceptable	看護師・准看護師の求人
acceptable	エトヴォスのミネラルファンデーションの使い方・ミネラルファンデで崩れにくく心地のいい素肌。
unacceptable	短期バイトや即日バイトなど、あなたの希望に合った求人をご提案。【今だけ1,000円ボーナス】
unacceptable	水道・蛇口のリフォーム
unacceptable	医療保険どこが一番お得なの?
unacceptable	【公式】セゾンの
acceptable	安心して独立・開業!
acceptable	【公式サイト】AUTOWAY
unacceptable	【zexy】のアイテム多数取り揃え/800以上の人気ブランドがセール実施中!フェア入場無料
unacceptable	福岡市マンション価格ネットワーク
unacceptable	【葬儀保険】葬儀ワンダイレクト
acceptable	おそうじ本舗」ブランドで全国展開中!全国加盟店の平均月商約110万円
unacceptable	lpガスプロパンガスenetopia
acceptable	グループホームの求人、転職なら介護ワーカー。また働いている方の声や職場の雰囲気もお伝え可能
unacceptable	奈良の賃貸マンション
acceptable	パパ・ママのための学資保険4選
acceptable	即日融資安心カードローン
unacceptable	気になる教育資金の準備方法
acceptable	札幌で部屋探しをご検討中の方へ!おすすめの賃貸マンション・アパートの物件をご紹介。
unacceptable	介護職のワーカーとは?
unacceptable	≪一番スズメバチの巣引越し≫ミツモア!最大0名のカメラマンから見積もりが届くので比較できる
unacceptable	【札幌】アパート・マンション
unacceptable	事務所の窓,床,ダクト,周辺環境
acceptable	日々の掃除では取りずらい汚れに
acceptable	おそうじ本舗/フランチャイズ
acceptable	浄水器取り付け・蛇口交換・修理
acceptable	料金体系の確認はこちら
acceptable	換気扇清掃業者ならおそうじ本舗
unacceptable	資金ショート融資
acceptable	スマホで申し込める生命保険
acceptable	チラシやフライヤーを手早く作成したいなら。ミツモアのプロはプロ。デザインは豊富で質が高い。
unacceptable	通院医療保険,175円・30歳男性
unacceptable	キャリアアップしたならセゾンetcカードたいゴールドカード！ワンランク上の特典をあなたに。
acceptable	はじめてのお宮参り写真は一生の思い出に。衣装も充実！はじめてでも安心お任せ！
acceptable	簡単ご説明会受付中
unacceptable	兵庫の一人暮らし向け物件掲載数が豊富。賃貸情報サイトならCHINTAI
acceptable	【清掃会社】フランチャイズで探す
unacceptable	個人年金保険とは、老後に必要な資金を準備しておくと安心の保障です。【個人年金保険】
unacceptable	函館ケアマネジャー求人等
unacceptable	5全労災こくみん共済～3位
acceptable	《公式》 アキュラホーム
acceptable	【通販サイト】micoameri
acceptable	ETCカードをお持ちなら楽天カードにセットアップ!コンビニやスーパーでのご利用でザクザク貯まる
unacceptable	楽天jcbカードPINKカード
acceptable	神戸で介護職の求人・転職なら介護ワーカー。専任のアドバイザーがあなたの転職をお手伝いします
unacceptable	オンライン保険相談お申込ページ
unacceptable	賃貸郡山市賃貸情報
unacceptable	jaがくしの味をご自宅で楽しもう
acceptable	エルグランドの中古車探し・60秒で見積り依頼【名前・メール・郵便番号だけ】
unacceptable	【公式】旧支援金個人事業主
unacceptable	安い死亡保険を一括でお見積り
unacceptable	【女性専用】インストラクターも女性だから安心。ダイエットや筋トレを取り入れた秋田市ヨガも。
acceptable	三大疾病･七大生活習慣病を保障
unacceptable	保険相談お申込ページ
unacceptable	赤字決算融資から選ばれるローン
acceptable	綺麗な空気で新年を迎えよう!
unacceptable	新築住友不動産例
acceptable	掃除のプロが掃除の本質を解決!
unacceptable	【Saison Card】永久不滅ポイントは貯まる・使える・交換できるお得なポイントサービスです
acceptable	ハイゼットトラックすべて見る
acceptable	ハリアーを購入検討中の方へ
unacceptable	結婚式場相談は都内の結婚式場
unacceptable	保険市場株価195万円
acceptable	掃除の会社で独立
unacceptable	介護加東介護求人求人
acceptable	秋田県の秋田物件多数掲載。初期費用の問い合わせもカンタン！賃貸情報サイトCHINTAI。
acceptable	壁紙補修業者/壁紙染色サービス
acceptable	【公式】ゼクシィ相談カウンター
unacceptable	全国対応の介護職ケアマネージャー年収の非公開求人を多数ご紹介。年収やこだわり条件で詳細検索
acceptable	掃除のプロ」/脱サラ・独立開業のfcオーナー募集中
acceptable	切り替え楽天ピンクカードでお得
acceptable	ガス開栓の手続きはコチラから。割引プランやポイントサービスでもっとおトクに！
acceptable	GLCの中古車探し
unacceptable	防鼠スズメバチの巣
unacceptable	プロが2分で駆除
acceptable	水のトラブル。水漏れやつまり、蛇口交換や排水管洗浄などご相談できるのでお得に依頼できます。
acceptable	プロの技術でお部屋をキレイに
acceptable	秋田の賃貸物件情報を今すぐCHECK!賃貸マンション・アパート・一戸建ての物件掲載数が豊富。
unacceptable	様々な検索方法で自分に合った物件を・エリア鳥取賃貸マンション物件を多数ご用意！
acceptable	敦賀市/賃貸アパート情報サイト
unacceptable	熊本市：生活支援員
acceptable	七五三の写真撮影のご依頼を多数いただいております。万全の対策で安心安全の撮影を。
acceptable	求人をお探しなら全国対応の介護ワーカー。会員登録で希望条件に合った求人がメールで届く
unacceptable	人気の介護保険を一括比較＆資料請求！介護保険の相談、保険選びは保険市場！
acceptable	必見
unacceptable	天童市の新着アパート情報を毎日更新!賃貸マンション・アパート・一戸建ての物件掲載数が豊富。
acceptable	【神戸】グループホームの求人
acceptable	オリックスのカードローン【公式】
unacceptable	オフィス家具通販ならBCP。人とビジネス、環境にやさしい安心安全なオフィスビルづくり
acceptable	三島市の賃貸物件情報サイト・賃貸マンション・アパート・一戸建ての物件掲載数が豊富。
unacceptable	20代~50代以上の人が気に県民共済終身の年金を何歳から、いつまで受け取るかで介護保険をご紹介
unacceptable	20代~50代以上の人が気になった個人年金保険をチェック!相談や個人年金保険からないを一緒に解決
acceptable	シニアにおすすめのがん保険
acceptable	個人事業主は金融機関からの支援金個人事業主コチラ。法人・個人事業主向けのビジネスローン！
acceptable	無料で見積り／料金比較
unacceptable	掛け捨て型の生命保険がおすすめ
unacceptable	【Saison Card apply】充実したショッピングサービスでより快適な生活を求めるあなたをサポート
unacceptable	Saison Card apply
unacceptable	七大生活習慣病の入院は40入院120日まで保障。医療疾病保険が一生涯にわたり生活をサポート
acceptable	家中まるごと徹底洗浄
acceptable	床クリーニングをお探しなら
unacceptable	学資保険のメリット・デメリットを総まとめ!いざというときに困らないように備えよう。
unacceptable	結婚式会場以外もフォローが充実。二次会や前撮り、指輪のごウェディング相談埼玉はこちらから。
unacceptable	お買いものパンダ／楽天カード
unacceptable	あなたにピッタリの好条件カイゴワーカー求人がの中からあなたに合った求人をご提案します！
acceptable	広島県の一人暮らし物件掲載数が豊富。女性の賃貸情報サイトならwoman.chintai
unacceptable	年会費楽天カード再発行の方
acceptable	掃除機／デジタル時計
acceptable	挙式から披露宴まで、ワンランク上のウエディングをご提案。ゼクシィで今ドキ演出を体験しよう！
acceptable	【アルティモイストライン】
acceptable	おそうじ本舗」「安心して開業/全国加盟店募集中」/全国fcオーナー募集中
unacceptable	小林製薬の睡眠サポートサプリ
acceptable	個人融資会社者向けローン
unacceptable	(rakuten カード)・普段のお買い物や公共料金のお支払いにもご利用できる
acceptable	5社5保険市場デメリットTOP5
acceptable	全国のシロアリ駆除の専門業者が登録。条件に合ったシロアリ駆除・予防工事の見積もりが届く！
acceptable	ゼクシィで見つける、結婚式場
unacceptable	設備充実×安心安全住友不動産青葉台タワーや賃事務所を条件に合わせて検索できる公式サイト
acceptable	シュミレーションでアナタの死亡保険の検討が可能。死亡保険の相談、保険選びは保険市場!
unacceptable	ネズミの駆除をご検討ですか?
unacceptable	ライズ サポート
acceptable	【カーセンサー】中古車多数掲載
unacceptable	今泉アパートの無料
acceptable	【セゾンカード】新規申込専用
acceptable	排水溝つまりの業者なら
acceptable	60歳-65歳の方にも／ご高齢の方や持病のある方も3つの告知項目に該当しなければお申込みできます
unacceptable	【公式】住友不動産新橋
acceptable	【公式】ゼクシィ結婚式相談横浜
acceptable	家具・家電付き賃貸物件
acceptable	全国対応の介護職専門の看護助手募集情報を優先的にご案内。もっとキャリアアップできる職場へ
unacceptable	がんでも入れる+医療保険【メディケア生命】保険市場ならお手元のスマホやPCで比較が可能
acceptable	介護職専門の求人情報サイト
unacceptable	入院保険おすすめ保険：公式
unacceptable	興信所を訪ねてみよう
unacceptable	生命保険はいれなくて、入れない人にもおすすめ・目的に合わせたプランのカンタン見積り可能。
unacceptable	見積もり無料 家具・荷物運搬
acceptable	気になった汚れはプロにお任せ。
acceptable	【小郡市】賃貸アパート情報
acceptable	年会費永年無料／楽天PINKカード
unacceptable	70歳の方も入れる医療保険/安い
acceptable	スバルのXV中古車をチェック!軽自動車の中古車検索・在庫確認は無料・中古車を探す
acceptable	少しでも保険料を節約したいあなたに。どれだけ安くなるかお確かめください！
unacceptable	ウェディング相談なら埼玉で。二次会や前撮り、指輪のご相談も可能です。
acceptable	【公式】三菱ＵＦＪ銀行カードローン、24時間いつでもネットでお申込可能/来店不要
unacceptable	老後の資金作り始めませんか？
acceptable	窓掃除をプロにおまかせ
acceptable	福井市/賃貸アパート情報サイト
unacceptable	楽天カードetc機能追加カードなら普段のお買い物がお買い物が登場！リリースキャンペーン実施中
unacceptable	即福井賃貸アパート物件あり
unacceptable	がん保険安いところ一覧は？
unacceptable	エトヴォス定期／公式通販
acceptable	ヴォクシーの中古車探し
unacceptable	がんでも入れる+医療保険【メディケア生命】人気・安い・おすすめの保険が知りたい方必見！
acceptable	塾・学習教室と比べて年間約96,000円もお得に／まずは無料の資料請求で他社とかんたん比較！
unacceptable	掛け金0円で、死亡保険の保険料がお手頃です。人気・安い・おすすめの保険が知りたい方必見！
unacceptable	尼崎の介護求人がザクザクみつかる!グループホーム等様々な施設形態、勤務形態で求人検索可能
acceptable	【橿原市】賃貸アパート情報
acceptable	滋賀の賃貸物件情報を今すぐCHECK!ライフスタイルを豊かにする情報や最新の賃貸物件を多数ご用意
acceptable	オフィスビルの移転をお考えの方。東京の様々なエリアに多様なスペックのビルを展開。
unacceptable	ナイトミン眠る力薬局起きる
acceptable	人気のスイフトはコチラ
unacceptable	介護費用の収入を保険市場店舗数
unacceptable	鳥取ガスの問い合わせ窓口。あなたにピッタリの料金プランをすぐに診断。
acceptable	賃貸・アパートを検索/宮崎市
acceptable	掃除のプロが集客や売上アップに
unacceptable	1番安い死亡保険はどれ?
acceptable	ゼクシィで理想の結婚式場を検索。挙式のみ・プライベート感のある会場など情報満載
unacceptable	お近くの蛇口の修理
unacceptable	徳島の短期バイト情報掲載。テレビCMで話題「今日なんにもやってないじゃん…私。
unacceptable	浜松の賃貸アパート情報!一人暮らしやペット可などのテーマから選べる理想のお部屋探し。
unacceptable	ネットの生命保険～3位
unacceptable	五條賃貸情報賃貸物件
acceptable	ハウスクリーニング/料金比較
unacceptable	Keyしなきゃいけませんか漫画
unacceptable	広島病院介護士ワーカー
acceptable	365日24時間家具運搬のプロが在籍。最短1分で見積もりが届く
unacceptable	福島の賃貸アパート情報を今すぐチェック!毎日豊富な新着物件を様々な条件で探せる。
unacceptable	高コールセンター受電の求人
acceptable	保険市場イチオシの”個人年金保険”
unacceptable	【ゼクシィ】カウンター・店舗
acceptable	おそうじ本舗」のフランチャイズ募集を期間限定で開始しました。
acceptable	約100種の条件からあなたにマッチした盛岡市の賃貸アパートを選べる・賃貸情報サイト CHINTAI。
acceptable	福岡市のマンション賃貸なら
unacceptable	評判高齢者でも入れる医療保険
unacceptable	【6歳】オリックス三大疾病
unacceptable	大曲のアパート探し。ライフスタイルを豊かにする情報や最新の賃貸物件を多数ご用意
acceptable	【大曲】賃貸・アパートを検索
unacceptable	事業資金の調達ならアイフルビジネスファイナンス／急な出費が多かっビジネスローン短期だけます
unacceptable	公式サイト／学生の楽天カードetc機能追加は楽天カード！楽天市場での利用でポイント最大3倍
unacceptable	楽天カードはポイントざくざく貯まる、お得なクレジットカード!楽天カードの申し込みはこちら
acceptable	おそうじ本舗で独立開業
acceptable	キッチン排水管のつまりを修理
unacceptable	【必見】2022年Kei突破
unacceptable	大曲のアパート探し。一人暮らしやペット可などのテーマから選べる理想のお部屋探し。
acceptable	ゼクシィ/公式サイト
unacceptable	≪利用料0円≫最大0名のシロアリ駆除に強いプロから見積もりが届きます。草刈りをプロにお任せ。
acceptable	充実した保障内容・安い保険料の死亡保険が見つかる。保険料シミュレーションhokennichiba。
acceptable	オリックス生命のマイページ登録
acceptable	【唐津】賃貸アパート情報
unacceptable	はいすいこうのつまりせんか?
unacceptable	【矢巾アパート】公式サイト
unacceptable	介護職の求人・転職なら介護ワーカー 。専任のアドバイザーがあなたの転職をお手伝いします
acceptable	松本市の新着アパート情報を毎日更新!賃貸マンション・アパート・一戸建ての物件掲載数が豊富。
unacceptable	手厚い保障の生命保険を探すなら・20代~50代以上の人が気になった保険をチェック!相談や見直し
acceptable	おしゃれな楽天クレジットカード
acceptable	【おすすめのセール対象作品が充実】話題の漫画を無料で試し読み！人気少年・青年漫画が充実
unacceptable	常滑市の賃貸アパート情報!ライフスタイルを豊かにする情報や最新の賃貸物件を多数ご用意
unacceptable	八幡東区賃貸賃貸物件
acceptable	オリックスマネーはお借り入れ・ご返済サポートで初めての方も・オリコン顧客満足度(R) No.1》
acceptable	アリスのお宮参り撮影なら
acceptable	ゼクシィでウエディングをご検討中の方へ!ブライダルフェアへ行くと結婚準備がグッと進む
unacceptable	老後資金の積立なら個人年金保険
acceptable	福岡釧路グループホーム求人
unacceptable	保険料が安い生命保険はどこ?
acceptable	有料老人ホームの求人情報
acceptable	【岩手】のバイトなら単発
acceptable	【初めての方必見】お得にクレジットカードを作りたい／インターネットで簡単比較・審査・申込み
unacceptable	一人暮らしやペット可などの福井県立大学学生寮掲載数が豊富。賃貸情報サイトならCHINTAI
unacceptable	内容証明草むしり業者
unacceptable	【公式】個人事業ローン
unacceptable	がん保険】入院や通院も保障する
acceptable	掃除のプロが専門技術で汚れやカビを徹底的に洗浄!
acceptable	ハウスクリーニング」のフランチャイズで独立・開業・起業|ハウスクリーニングのおそうじ本舗おそうじ本舗のフランチャイズはサポート・研修体制が充実。ハウスクリーニング業界未経験でも安心・安定して独立・開業・起業!
acceptable	【公式】Timeeタイミー軽作業
acceptable	初めて車任意保険に加入するなら、ネット保険がおすすめ!お得な割引プランもご用意。
unacceptable	【エトヴォス神戸】日頃のスキンケアでは物足りない。そんな方にエトヴォスのスキンケアライン
unacceptable	2022年国保と社保の違いの?
acceptable	最短オリックスマネーアプリ
unacceptable	公式サイト
unacceptable	楽天カードは2枚目も作成可能。券面デザインが2種類まで選べる。気クレジット楽天もご利用できる
acceptable	【秦野市】賃貸アパート情報
unacceptable	【公式】メディフィット定期
acceptable	最大5社から見積もりが届く
unacceptable	保険市場保険市場デメリット
acceptable	【あなたのニーズに合わせて保険金額と保険期間が選べる】持病がある方も入りやすい死亡保険です
unacceptable	いわきサ高住夜勤求人介護職
unacceptable	ついに始動楽天ピンクカード口コミのピンク色デザイン！楽天グループ優待サービスでもっとお得に
acceptable	保険市場／医療保険おすすめ
acceptable	一時個人年金おすすめで備える
unacceptable	【即日】申引受緩和型死亡保険
acceptable	働きたい時に働けて、すぐにお金がもらえるスキマバイトサービス／Timee(すぐ働けるバイト)
unacceptable	【公式】個人事業主向け融資
acceptable	浄水器の設置でお悩みの方へ
acceptable	大手だから安心」「おそうじ本舗の品質」
acceptable	スタジオアリスのマタニティフォトはお値段が高いと諦めていませんか?・公式HPへアクセス
unacceptable	楽天カードは1枚目も作成可能。券面デザインが選べる。気になるカードを楽天カードetc会費！
acceptable	壁紙クロス掃除は業者に依頼
acceptable	三重県の物件多数掲載。一人暮らしやペット可などのテーマから選べる理想のお部屋探し。
acceptable	掃除のプロが家庭の掃除を代行!
unacceptable	法人の方は決算書1期分と本人確認書類1点で最短即日個人事業借入。原則、保証人・担保不要で融資
acceptable	バイト経験を活かして単発バイト
unacceptable	2022年版教育資金保険
unacceptable	看護師と検索した方にオススメ!高給与、土日休み、賞与年3回など条件に合わせた求人情報多数。
acceptable	ゼクシィがあなたにピッタリな結婚式場をご紹介!家族・親族のみの結婚式なら、ゼクシィで検索！
acceptable	はじめてのお宮参り撮影を一生の思い出に。はじめてのお宮参り撮影を一生の思い出に。
acceptable	事務所の移転をお考えの方。充実の設備/災害対策/24時間直接管理など魅力的なオフィスビル多数
acceptable	ロッキーの中古車探し
acceptable	【公式】介護ワーカー：無料で履歴書・面接対策できる／ひとりでバイト探しするよりスムーズ
unacceptable	水道の蛇口交換弁理士へ
unacceptable	品川区不動産売却売却
unacceptable	事務所オフィス災害対策
unacceptable	楽天カードなら新規入会&利用で8000ポイント・自分にぴったりの「使い分け」を見つけよう！
unacceptable	島根の賃貸物件情報を今すぐチェック!賃貸マンション・アパート・一戸建ての物件掲載数が豊富。
unacceptable	賃貸マンション・アパート・一戸建ての物件掲載数が豊富、横手市エリアで人気の賃貸マンション・アパートが見つかる!
unacceptable	約100種の条件からあなたにマッチした坂井市の賃貸アパートを選べる・メールで簡単問い合わせ
unacceptable	エトヴォスナイトパウダーメイク
acceptable	掃除のプロが家庭の手に負えない汚れはプロにお任せください
unacceptable	ネットでカンタン申し込み
acceptable	二世帯住宅など様々な住宅に対応
acceptable	保険市場のオンライン保険相談のご予約で選べるギフトプレゼント!
unacceptable	楽天のプレミアムカードは1枚目も作成可能。1種類の国際ブランドが選べて、様々な店舗で使える！
acceptable	【ORIX MONEY】融資のみならず、多様なシーンに最適なマネーサービス。
unacceptable	最新／生命保険会社評価が分かる
unacceptable	アイフルファイナンスを確認する
acceptable	キッチン換気扇掃除はプロにお任せ
unacceptable	子供のための保険はどこがおすすめ?
acceptable	単発バイト求人/スタッフ募集中
unacceptable	デザイン・pr・pr の会社を探す
unacceptable	佐々町賃貸情報賃貸物件
acceptable	パソコンラック、業務用パソコンラック。会員ランクに応じてポイント獲得がお得に。
unacceptable	がん保険 メビウス/公式
acceptable	ヘッドセット、ハンズフリー拡声器デジタル時計・純正インク／詰め替えインクなど、多数取り揃え
acceptable	ハウスクリーニングのプロが専用器材・洗剤を使用し、スピーディーかつ丁寧に汚れを落とします。
acceptable	全国の平均月商約111万円 おそうじ本舗の説明会は、地域や年代に応じたケースの事例をご紹介
acceptable	岩手県の岩手アパート多数掲載。初期費用の問い合わせもカンタン！賃貸情報サイトCHINTAI。
unacceptable	オンラインストア
acceptable	衣装は業界最大級
unacceptable	死亡保険・死亡共済まで幅広く取り扱いコープ共済こーぷ。年齢と性別を入力して保険料比較も。
unacceptable	子供貯蓄おすすめ。
acceptable	釧路市/賃貸アパート情報サイト
unacceptable	≪全国対応≫全国のプロに雑草の手入れを依頼。厳選された５社から見積もりが届く。
acceptable	業界No.１の店舗数
acceptable	「幼児年長通信教材」
acceptable	病院内のお仕事探しは、看護師転職専門の求人サイトが断然おすすめ!（今すぐチェック）
acceptable	フローリング・床の張り替え業者
unacceptable	「チラシ短期バイト広島」
acceptable	保険市場おすすめのがん保険
acceptable	チラシ作成業者をお探しなら
unacceptable	ぜくしい
acceptable	日本全国で幅広く募集中/短期もokリゾバcom家賃・食費0円で有名リゾートを満喫
unacceptable	ネズミが住み着く家なら
unacceptable	オフィスビルの賃料比較
acceptable	キュア・サポート・プラス
acceptable	見て分かる壁紙の細かい汚れに
acceptable	ブライダルフェアの情報がわかる!少人数挙式など費用を抑えたい方向けのプランも充実
unacceptable	敷金礼金ゼロの物件あり／弥生が丘賃貸相場・学校名で検索：ライフスタイルに合ったお部屋探し
acceptable	【介護職】中高年の方も活躍中
unacceptable	人気の生命保険をランキング化。あなたの保険選びをサポート！
acceptable	アイフルビジネスファイナンスは個人事業主セーフティネットが必要な方も対応可能。今すぐ申込み
unacceptable	医療保険おすすめ30代詳細
unacceptable	【2022】おすすめカードローン
unacceptable	2022年生命保険63歳死亡保険
acceptable	結婚式や結婚式に人気の場所を検索。少人数から大人数プラン等さまざまな挙式スタイルをご紹介
unacceptable	資料オリックス生命見積もり
unacceptable	定期死亡保険をネットで見積
acceptable	脱サラ」ならおそうじ本舗
unacceptable	比較し入院医療保険
unacceptable	2022年掛け捨て保険月いくら
acceptable	ハウスクリーニングのプロが専用機材・洗剤を使用し、スピーディーかつ丁寧に汚れを落とします!
unacceptable	おすすめの葬式保険は?葬儀保険なら保険金を葬儀費用に充てらる
acceptable	ハウスクリーニングで開業するなら
unacceptable	ハリブライトエイジ評判
acceptable	ナイトミン／小林製薬公式
unacceptable	医療保険エースも
acceptable	害虫駆除・ネズミ退治駆除
acceptable	【ゼクシィ】結婚準備・式場見学
acceptable	一般事務・受付・秘書の派遣求人・即日開始、時給1700円以上等の派遣求人を探すならリクナビ派遣
acceptable	【行橋】賃貸・アパートを検索
acceptable	【矢幅】賃貸・アパートを検索
acceptable	【2022年】最新ランキング
acceptable	《鳥取ガス》都市ガス
acceptable	洗濯物のニオイが気になる。その原因は洗濯槽の汚れではないですか？
acceptable	オススメの保険商品一覧ページ
acceptable	【水口駅】賃貸・アパートを検索
unacceptable	全国の草刈り・芝刈りのプロが登録。最大5社から届く見積もりを比較して、オトクに依頼しよう。
unacceptable	公式オンラインエトボスファンデ
acceptable	お掃除業者にお得な料金で依頼
unacceptable	【公式】倉敷市賃貸.CHINTAI
acceptable	使っているうちに汚れが溜まる洗濯機。おそうじ本舗の洗濯機クリーニング完全分解洗浄で、徹底的に汚れを除去し、快適な生活を送りませんか?
unacceptable	宮崎の猫専門賃貸サイト・人気の厳選テーマから理想のお部屋探し【スマホでCHINTAI】
acceptable	掃除のプロ」をフランチャイズ開業に
unacceptable	愛媛介護福祉士になるには
unacceptable	主任ケアマネ求人バイト
acceptable	脱サラ」「独立・開業」「フランチャイズ」ならおそうじ本舗
unacceptable	山梨でアパート探し・ライフスタイルを豊かにする情報や最新の賃貸物件を多数ご用意
acceptable	条件に合わせて簡単にオフィス探しが可能
acceptable	社会福祉士の求人/愛知県
unacceptable	【Saison credit Card apply】お支払い1000円ごとに1ポイント貯まります。
acceptable	《来店不要》オリックスクレジット株式会社サービス誕生。入会金・年会費不要／14Hお申込みOK
acceptable	水漏れをプロが解決
acceptable	カンタン資料請求はこちら
acceptable	個人年金保険はどこが一番お得なの?
unacceptable	法人キャッシング向けローン
acceptable	フローリング清掃業者をお探しなら
unacceptable	サンワサプライのケーブル配線トレー メッシュ erdシリーズ専用品 CB-cterd5・2000円以上送料0円
unacceptable	【公式】茨木ケアマネジャー求人
acceptable	手アカやヤニ、砂ボコリまでキレイに！お掃除が大変なサッシの細かい汚れもお任せください。
unacceptable	楽天プレミアムカードなら新規入会&ご利用で13000ポイントプレゼント・【2枚目作成も可能】
unacceptable	中性脂肪の上昇を緩やかにし、血圧を下げない食事で血圧を下げる・悪玉コレステロール対策なら
unacceptable	大村市の賃貸物件情報サイト・毎日豊富な新着物件を様々な条件で探せる
acceptable	【久留米】賃貸・アパートを検索
acceptable	水道栓の交換・取付・増設もOK
acceptable	伊勢市/賃貸アパート情報サイト
unacceptable	人気の生命保険１位～３位を発表
acceptable	ロイブ公式／駐車場完備
acceptable	ハスラーの中古車探し
unacceptable	【取引は全国のATMで利用可能】お悩み・お困りの際は電話で相談も可能です。年会費・保証料無料
acceptable	掃除」の独立開業
unacceptable	垂水区の介護求人がザクザクみつかる!グループホーム等様々な施設形態、勤務形態で求人検索可能
unacceptable	Keyword：中古車検索／
unacceptable	秋田市の賃貸アパート情報!ライフスタイルを豊かにする情報や最新の賃貸物件を多数ご用意
acceptable	30代から60代も活躍中！未経験でも開業したい方、安心して開業したい方でもはじめられます。
acceptable	《web予約》七五三キャンペーン
acceptable	スペーシアをご検討の方
unacceptable	ファインセーブ保険円まで保障
unacceptable	不動産売却
acceptable	【2022年】床ワックス
acceptable	【新発表】超空間の家Neo誕生
unacceptable	奈京都不動産おすすめ【公式】
unacceptable	周南市のアパート情報!ライフスタイルを豊かにする情報や最新の賃貸物件を多数ご用意
acceptable	浴室(風呂釜)の追い焚き配管クリーニング
unacceptable	諫早の賃貸物件情報サイト・毎日豊富な新着物件を様々な条件で探せる。
acceptable	米沢市の賃貸物件情報サイト・一人暮らしやペット可などのテーマから選べる理想のお部屋探し。
acceptable	デイサービスの社員求人
unacceptable	1万口座以上の契約実績。全国の提携金融機関のATMからご利用可能・事業資金個人事業主を確認する
unacceptable	死亡安い医療保険【1位~3位】
acceptable	≪無料≫カメラマンから見積もりが届く。依頼はチャットで！おトクに解決しましょう。
acceptable	サッシクリーニングをお探しなら
acceptable	結婚式場相談/都内の結婚式場情報!二次会や前撮り、指輪のご相談も可能です。
acceptable	ネットで申し込める生命保険
acceptable	都市ガス警報機が大特価
acceptable	掃除のプロ」が主宰
unacceptable	事業資金の足しに
acceptable	山梨県の賃貸物件情報サイト・賃貸マンション・アパート・一戸建ての物件掲載数が豊富。
acceptable	初任者研修を効率よく実施
unacceptable	6分で病気でも入れる保険
unacceptable	【公式】の会津若松市マンション
unacceptable	働き単発バイト登録時に働けて、すぐにお金がもらえるスキマバイトサービス／Timee(タイミー)
unacceptable	神戸市ケアマネ求人京都
unacceptable	修正申告を申請した草むしり業者でも安心。撮影経験豊富なプロがアドバイスしながら撮影します。
unacceptable	【Saisonカード】貯まったポイントはお買物や別のポイントにも交換OK
unacceptable	楽天カードは2枚目も楽天プレミアムキャンペーンがお得に貯まる！メリットいっぱいの家族カード
acceptable	公式hp限定おそうじ本舗なら解決できるかも！
unacceptable	えっ今から入れる子供の保険？
acceptable	【座間市】賃貸物件を探すなら
unacceptable	商品内容や自分にあったメディケア生命保険を見つけよう！お手頃な保険料、サポート体制も充実。
acceptable	完結お掃除プログラム
acceptable	掃除のプロが自宅で掃除を指導!」- 記事詳細|おそうじ本舗
acceptable	セゾンプラチナビジネスカード会員様限定!実用性とグレードを兼ね備えたビジネスカード
unacceptable	ここにしかない非公開の介護士ワーカーを優先的にご案内。もっとキャリアアップできる職場へ
acceptable	直方の賃貸物件情報を今すぐCHECK!ライフスタイルを豊かにする情報や最新の賃貸物件を多数ご用意
acceptable	静岡の物件多数掲載。一人暮らしやペット可などのテーマから選べる理想のお部屋探し。
unacceptable	医療保険も医療保険場合の保険。
unacceptable	特典楽天pinkカードプレゼント
unacceptable	愛媛県西条市の賃貸物件情報・一人暮らしやペット可などのテーマから選べる理想のお部屋探し。
acceptable	チラシ制作をプロに依頼
unacceptable	浴室・トイレネズミ業者・洗面所・換気扇など水回りの掃除はプロにお任せ!隅々までピカピカに。
unacceptable	（今すぐチェック）介護ヘルパーとは：こだわり条件で希望の職場へ／プロが無料で転職サポート
unacceptable	【公式】Timee／タイミー日雇い
acceptable	おしゃれな加湿器が充実
unacceptable	70歳からの保険歳女性
unacceptable	セゾンビジネスプラチナなら最短5分で申し込み完了。自動マイル移行サービスも無料。
acceptable	人気の学資保険ランキング
unacceptable	常滑市の賃貸アパート情報!一人暮らしやペット可などのテーマから選べる理想のお部屋探し。
acceptable	エアコンや水回りの汚れ。大切な住まいを長持ちさせる為のプロの掃除がオススメ
unacceptable	おひさま不動産査定
unacceptable	個人年金保険はどこがいい？
unacceptable	札幌部屋探し物件選び
acceptable	介護職ワーカーの口コミ多数
unacceptable	ライズサポートプラスキープ
acceptable	あなたの保険料はどのくらい？くらべて分かるメディケア生命のお手頃な保険料！
acceptable	【アイフルビジネスファイナンス】事業資金・資金調達・借入れならアイフルビジネスファイナンス
unacceptable	設備充実×安心安全の住友不動産虎ノ門タワーや賃事務所を条件に合わせて検索できる公式サイト
unacceptable	【岩手アパート物件情報サイト】
unacceptable	がんほけん/公式サイト
acceptable	【吉賀町】賃貸・アパートを検索
unacceptable	楽天カードのご登録はコチラ
acceptable	カーセンサー/公式サイト
acceptable	入会ご検討中の方は全額返金保証を使って無料おためしok タブレット1台で成績アップ。
acceptable	刈谷市の新着アパート情報を毎日更新!賃貸マンション・アパート・一戸建ての物件掲載数が豊富。
unacceptable	介護ワーカー公式サイト：非公開の好条件求人も／プロと面談して自分に合った働き方を見つけよう
acceptable	愛媛の賃貸物件情報を今すぐCHECK!賃貸マンション・アパート・一戸建ての物件掲載数が豊富。
acceptable	ライズの中古車探し
unacceptable	【がん保険】oオリックス生命
unacceptable	奈良市の賃貸マンション情報!賃貸マンション・アパート・一戸建ての物件掲載数が豊富。
acceptable	福岡の物件多数掲載。約100種の条件からあなたにマッチした福岡市の賃貸マンションを選べる
acceptable	ベタベタしつこい油汚れやこびりついた頑固な汚れもプロに頼めば楽々ピカピカになります!
unacceptable	【公式】の中津賃貸
acceptable	【常滑市】賃貸アパート情報
unacceptable	ぜくし
unacceptable	約100種の条件からあなたにマッチした三重県伊勢市の賃貸アパートを選べる・【更新頻度最短5分】
acceptable	日本全国で幅広く募集中/短期もokな高時給キロロバイト。休日は観光を満喫。
unacceptable	タイミー隙間にすぐ働けてすぐお金がもらえる！メンドウな面接や履歴書も一切必要ありません！
acceptable	掃除のプロ」としての自信を持って、おそうじ本舗で独立・開業・起業!
acceptable	ご依頼内容に合わせた最適な提案・見積もりを。pr動画・動画制作はミツモアで。
acceptable	ブライダルフェアの情報がわかる!エリアや日付で簡単検索/理想の結婚式場を探そう
unacceptable	南アルプス駅の新築戸建て情報はこちらから・毎日豊富な新着物件を様々な条件で探せる。
acceptable	机上ラックでお部屋の片付けをお手伝い。2000円以上送料無料、最短当日出荷！
acceptable	掃除の会社を独立開業するなら。おそうじ本舗がおすすめ
acceptable	PC入力・在宅ワーク対応の求人
unacceptable	【頭金０円・月々均等払い】WEBで契約するだけ
acceptable	【アイフル】最短25分で取引可能
acceptable	【公式】Timeeタイミー
unacceptable	セゾンカードなら最短当日受け取りOK!お支払い1000円ごとに1ポイント貯まります。
acceptable	【介護職】転職体験談はこちら
acceptable	がん保険選びに迷ったらここ
acceptable	iPhoneXRアクセサリーをご紹介。学校・工場・飲食店など、オフィス専用商品も取り扱い中。
unacceptable	《CHINTAI》一関アパート物件
unacceptable	忙しい方も医師の診査不要でお申込みできます。おオリックス生命ファインセーブ口コミをご用意
acceptable	高知市の賃貸物件情報サイト・一人暮らしやペット可などのテーマから選べる理想のお部屋探し。
acceptable	掃除の会社」のfc加盟店を独立開業を。研修が充実して安心・約95%の方が掃除のプロに!
unacceptable	南陽市アパート無料
acceptable	保険市場安田生命年金保険5位
unacceptable	保険市場おすすめのシニア保険
acceptable	753の写真撮影を依頼
unacceptable	介護ワーカーデメリット？
unacceptable	をスマホでイッキ読み
acceptable	保険料シミュレーションは
acceptable	掃除のプロがオーナー」だから安心/集客や売り上げアップのサポート!
acceptable	約90%が学ぶ習慣の定着を実感。選べる幼児・小学生・中学生コース/効率的な反復学習が可能。
acceptable	掃除の会社のfc加盟店を独立開業を。研修が充実して安心・約95%の方が掃除の会社の仕事未経験で活躍
unacceptable	終身がん葬儀保険比較が分かる
unacceptable	急いで資金調達したいなら／アイフルビジネスファインナスのビジネスローン／1時間申込み受付中
acceptable	ベタベタしつこい油汚れやこびりついた頑固な汚れもプロに頼めば楽々ピカピカになります
unacceptable	シニア保険はどこが一番お得？
acceptable	全国の水道屋さんが登録。最大5社から届く見積もりを比較して、オトクに依頼しよう。
acceptable	安心安全・安定経営のおそうじ本舗
unacceptable	オリックス生命の引受基準緩和型シニア死亡保険・サポート・プラスは持病のある方も申込めます。
unacceptable	【公式サイト】アパート浜松
acceptable	壁紙掃除代行なら【おそうじ本舗】
unacceptable	保険市場イチオシの”死亡保険”
unacceptable	グループホームの求人情報
unacceptable	セゾングループでクレジットカードを作るならコチラ
acceptable	掃除のプロ」が家庭や店舗をピカピカに
acceptable	リラックスできる空間を綺麗に
acceptable	赤ちゃん撮影で迷ったら
unacceptable	オフィスビルをお探しならBCP。オフィスビル事業を通じて都市と社会に貢献する【住友不動産】
unacceptable	お近くの水漏れ修理
acceptable	マイカーリースで中古車探し。頭金0円でカーリースが利用できる「直売カーセンサー」です。
acceptable	オリックス生命請求FineSave
unacceptable	個人年金保険はどこがおすすめ?
unacceptable	【保険市場】コープ保険評判、終身保険、養老保険などさまざまな保険をランキング形式で比較可能
acceptable	松江市の新着アパート情報を毎日更新!賃貸マンション・アパート・一戸建ての物件掲載数が豊富。
acceptable	ファインセーブなら月々の保険料がお手頃・今日も未来も、変わらぬ安心。
unacceptable	医療保険おすすめ30代即日発送
unacceptable	愛媛県西条市の賃貸物件情報・賃貸マンション・アパート・一戸建ての物件掲載数が豊富。
unacceptable	2022年最新／個人型確定拠出年金
unacceptable	保険市場／生命保険
unacceptable	国内最大級の保険比較サイト≪保険市場≫人気の死亡保険を一括比較＆資料請求。
acceptable	英語から日本語への翻訳
unacceptable	20代~50代以上の人が気になった保険をチェック!相談や見直し満期の保険オンラインで無料相談
unacceptable	個人事業主は金融機関からの個人事業主赤字融資コチラ。法人・個人事業主向けのビジネスローン！
unacceptable	70歳以上の方にも／ご高齢の方やキュアサポートプラス保険料の見直し・新規加入はオリックス生命
unacceptable	春日部市の新築戸建て情報はこちらから・毎日豊富な新着物件を様々な条件で探せる。
unacceptable	新規おビジネスローン消費者金融
unacceptable	【香川県アパート】
acceptable	死亡保険・死亡保険葬式代。シミュレーションでアナタの保険料の見積り比較が可能／コチラから
acceptable	【創業20年以上】エアコンクリーニングは安心と信頼のおそうじ本舗にお任せください
acceptable	在宅ワークにデジタル時計
acceptable	しつこい汚れや掃除のプロがいないと諦めかけた箇所を、キズを付けずに丁寧にクリーニングします。
acceptable	マイナポイント楽天カード紹介
acceptable	シンクの詰まりを解消
unacceptable	学生に長崎市アパート
acceptable	【北栄町】賃貸・アパートを検索
acceptable	お宮参り写真撮影のご依頼を多数いただいております。大切な記念写真を撮るならスタジオアリス！
unacceptable	ゴキブリ浄水器カートリッジ交換
acceptable	掃除」で集客アップ
acceptable	おそうじ本舗/創立20年以上のfcビジネスで、安心と信頼の実績多数!全国約1,701店舗展開中!
unacceptable	結婚式や結婚式に人気の場所を検索。少人数から大人数プラン等さまざまな挙式スタイルをご紹介
acceptable	おそうじ本舗のロイヤリティ
unacceptable	ウェディングで婚礼をしたい方、初めて参加される方もこちらをチェック・結婚準備ならゼクシィ。
acceptable	新規お申込み専用ページ
unacceptable	住友不動産新橋で結婚式をご検討中の方へ!東京の様々なエリアに多様なスペックのビルを展開。
acceptable	スマホアクセサリー/人気モデルも着用。2000円以上送料無料、最短当日出荷！
unacceptable	アパート福崎町の新着物件情報を毎日更新中！人気の厳選テーマから理想のお部屋探しを応援。
acceptable	安心のコンシェルジュ機能もあるゼクシィ縁結びでは、約80％の方が6ヶ月以内に出会っています。アプリのダウンロードや、ゼクシィ縁結びのサービスや料金について詳しく知りたい方はこちらから。
unacceptable	万一の時に備え死亡保障安いイベントごとに見直そう。保障内容・保障期間で死亡保険を比較できる
acceptable	楽天マイナポイント事業カード
acceptable	安心して開業・起業！ブランド認知度の高さで2020年度のご依頼は約27万件以上！
unacceptable	葬儀1年定期保険ランキング
unacceptable	鳥取ガス 開栓器
acceptable	必要なときに、必要なだけ。パックメニューでお得に
acceptable	オリックスライズは？
unacceptable	オリックス生命約款保険ビリーブ
unacceptable	東京住友不動産田町
unacceptable	カンタンマイナポイント楽天
acceptable	死亡保険、医療保険、がん保険、就業不能保険のシンプルなラインナップ。ご相談は保険市場
acceptable	1番安い医療保険はどれ？
unacceptable	天童市の新着アパート情報を毎日更新!賃貸マンション・アパート・一戸建て情報検索。
unacceptable	0がん保険安いところ~3位を発表
unacceptable	茨城県アパート以上
acceptable	24時間365日お申込み可能
unacceptable	顧問税理士ネズミ退治
acceptable	ソリオの中古車探し
unacceptable	公式オリックスクレジットVIPローンカードのローンならお申し込みから新しいマネーサービス登場
unacceptable	東京會舘の結婚式場情報。幸せウエディングを叶える情報満載
unacceptable	メディケア保険ランキングか？
acceptable	【死亡保険】年齢・性別、月払保険料を選択年金積立だけで簡単比較！人気の保険も一目で分かる。
acceptable	ネットでカンタン資料請求＆お申込み！オリックス生命の入院医療保険料のチェックはコチラから
acceptable	掃除のプロが掃除機を分解してピカピカに/
unacceptable	お客様満足度97.9%。無料で生命保険自宅療養が見つかる。保険の相談、保険選びは保険市場！
acceptable	掃除のプロ」が経営業務を行う安心・安定経営のハウスクリーニングおそうじ本舗は全国で展開中!ご家庭・店舗/オフィスのあらゆる箇所を掃除のプロが徹底的に汚れを除去。まずは無料で訪問・お見積りいたします。
acceptable	絵本コレクションがいっぱい
unacceptable	初期費用の問い合わせもカンタン・ライフスタイルを豊かにする情報や最新つくば賃貸を多数ご用意
acceptable	会員マイナポイント楽天カード
acceptable	東京住友不動産田町
acceptable	自分た家族も認知症になるかもしれない。検査、通院費、介護00091888保険市場。保険も掲載
acceptable	掃除のプロが家庭をまるごと綺麗に!
unacceptable	毛穴肌に優しいファンデーション
unacceptable	保険全労済がん保険評判
acceptable	マイナポイント【楽天カード】
acceptable	八十歳でも入れる医療保険。オリックス生命の医療保険・生命保険をまとめて資料請求
unacceptable	【公式】リクルートダイレクトスカウト／時間と初期費用をかけずに即戦力人材と出会える
acceptable	≪全国対応≫洗濯機設置の依頼はミツモアで！無料で見積もり・料金比較ができる。
acceptable	日立市の賃貸物件情報サイト・一人暮らしやペット可などのテーマから選べる理想のお部屋探し。
unacceptable	賃貸アパート探しは神奈川で
acceptable	帯広市/写真館の予約
acceptable	エアコン掃除は業者に依頼
unacceptable	楽天楽天カード発行日数が無料
acceptable	【足利】賃貸・アパートを検索
unacceptable	収入重視の介護神戸市ケアマネ求人特化の非公開求人を多数ご紹介。年収やこだわり条件で詳細検索
unacceptable	アイフルビジネスファイナンスは即日融資も可能。原則、無担保・無保証で事業資金を借入れできる
unacceptable	認知症死亡保険シュミレーションイベントごとに見直そう。保障内容・保障期間で保険を比較できる
unacceptable	あなたにオリックス生命約款
unacceptable	楽天ピンクカード口コミ登録
acceptable	ビジネスローン【個人事業主】
acceptable	初めての方におすすめのキット
unacceptable	介護施設の介護ワーカー口コミをお探しします。また働いている方の声や職場の雰囲気もお伝え可能
acceptable	おそうじ 本舗 大阪
acceptable	可愛いiPhoneアクセサリーが勢揃い。学校・工場・飲食店など、オフィス専用商品も取り扱い中。
acceptable	VGA-サンワサプライmmmc28VHD10
acceptable	え、アプリ開発が誰でも簡単に?
unacceptable	東京の吉祥寺マンション査定のご相談・査定でギフト券1万円分プレゼント
unacceptable	【公式】ネズミ業者
acceptable	（今すぐチェック）介護職の求人情報が満載。転職のプロが無料でサポート。詳細条件で検索可能
unacceptable	女性目線で造られたスタジオは、清潔感とお洒落な雰囲気が人気！気分が上がるヨガ長野スタジオ
acceptable	洗濯機の汚れを徹底洗浄
unacceptable	仙台の単発単発バイト求人
unacceptable	貯蓄性保険（医療）保険
acceptable	脱サラ」などの独自開業・起業向けセミナーも充実。ハウスクリーニング業界未経験でも安心・安定して独立・開業・起業!
unacceptable	ビジネクスト起業資金調達方法
acceptable	おそうじ本舗」さんが販売するハウスクリーニングです。レビューはまだありません。
unacceptable	カーリースの審査に通るか不安な方は、まずは仮審査申込み!【頭金０円・月々均等払い】
unacceptable	Saison credit Card apply
acceptable	住友不動産上野オフィスビル
unacceptable	今だけ入会金・年会費は永年無料。貯まった永久不滅ポイントはPARCOポイントにも交換できる
unacceptable	初期費用の問い合わせも必見！千歳物件・家賃相場の賃貸物件を探すなら【スマホでCHINTAI】
acceptable	掃除のプロが会社員のスキルを丸ごと認め、開業を全面サポート。
unacceptable	一戸建て売却なら
acceptable	大牟田賃貸アパート情報
unacceptable	住友不動産の賃貸オフィス・物件ご購入情報なら住友不動産販売にお任せください
acceptable	住友不動産実例キャンペーン
acceptable	隙間時間でバイト/在宅ワーク
unacceptable	人気の葬儀保険を一括比較&資料請求!葬儀個人年金保険ランキングの相談や見直しなら保険市場へ
acceptable	【公式】VIPオリックスマネー
unacceptable	【銀行での融資をご検討の方必見】お申込みからご融資までご来店は不要。最短55緊急融資取引可能
acceptable	30代～50代からでもOK！未経験でも開業したい方、安心して開業したい方でもはじめられます。
acceptable	【公式】オリックス生命
acceptable	オリックスから新サービス登場
unacceptable	釧路の賃貸アパート&マンション
acceptable	【賃貸情報 佐賀】
unacceptable	プレミアムカード
unacceptable	マッチングアプリ女
acceptable	【公式】代アニ／声優目指すなら
acceptable	【三菱ＵＦＪ銀行】カードローン
acceptable	スマホアクセサリーでテレワーク環境を整える。人気オフィス家具から便利な収納グッズまで勢揃い
acceptable	単品よりもパックプランがお得
acceptable	動画配信サービス【無料お試し】
acceptable	公式アプリのスマホATM機能で、全国のセブン銀行ATMからスムーズに借り入れ・返済が行えます。
acceptable	シンク掃除の業者をお探しなら
unacceptable	新型コロナのワクチンによる副作用を死ぼう保険掛け捨ても同額の死亡保障／医師による診査不要。
unacceptable	【1】ビジネスローン
acceptable	72歳も入れる保険は?
acceptable	脱サラ」や「独立・開業」は、今ある仕事の棚卸しや会社員では対応しきれない、専門技術や経験豊富な正社員などのスペシャリストにお任せする方が多いです。
unacceptable	ETCカードのおすすめは楽天ペイ!通行料金100円につき1ポイント貯まる
unacceptable	2枚目の楽天カードを作成&利用でもれなく3,000ポイントプレゼント・100円につき1ポイント貯まる!
acceptable	掃除のプロ」が開業サポート!
unacceptable	シニア向け死亡保険をご検討中の方へ。 ネット申込専用だから実現できたお手頃な保険料！
acceptable	【公式】
acceptable	【2022年】床張り替えdiy
acceptable	無料で見積もり／料金比較
acceptable	【公式】Timee山形単発バイト
acceptable	毎月安定した収入を得るには?
unacceptable	【公式】タイミー日雇い
unacceptable	会津若松市の賃貸アパート情報!一人暮らしやペット可などのテーマから選べる理想のお部屋探し。
acceptable	生命保険のおすすめを50代に
unacceptable	【楽天カード】楽天18歳こちら
acceptable	壁紙の張替え・修理・補修なら
acceptable	約100種の条件からあなたにマッチした盛岡の賃貸アパートを選べる・【更新頻度最短5分】
acceptable	簡単1分で完了
acceptable	キッチン用品ならおそうじ本舗
unacceptable	パンフレット進呈！住友不動産ESGに巨大イベント空間誕生。スポーツなど多彩なイベントに対応。
unacceptable	癌があっても入れる+保険
acceptable	【個人事業主】ビジネスローン
acceptable	宮崎市の賃貸アパート情報なら
acceptable	オプションで浴室換気扇も
acceptable	特別養護の介護福祉士求人をお探しですか？あなたの経験を活かせる求人をご紹介。まずは会員登録
unacceptable	浅口市の賃貸アパート情報!ライフスタイルを豊かにする情報や最新の賃貸物件を多数ご用意
acceptable	（おススメ）介護士の求人情報が満載。年収400万円以上などの詳細条件で検索可能。口コミも紹介
unacceptable	（公式）ライズサポート終身
acceptable	秋田市賃貸情報を毎日更新中！人気の厳選テーマから理想のお部屋探し【スマホでCHINTAI】
unacceptable	安い医療保険0選
unacceptable	草むしり業者の交換業者
acceptable	看護師の求人・募集情報
unacceptable	【公式】介護ワーカー：介護求人が満載の転職サイト。あなたの希望をお聞かせください／完全無料
acceptable	ブランドの世界観をアプリで表現
acceptable	札幌で部屋探しをご検討中の方へ!最新の空き状況や詳細情報がスマホで確認できる
unacceptable	ケアマネ実務研修求人
acceptable	掃除のプロがオーナーになったおそうじ本舗
acceptable	富山市の一人暮らしをしたい女性のお部屋探しを応援!CHINTAIが運営する女性向け賃貸サイト。
unacceptable	学生向け賃貸大分が可能
unacceptable	保険料t&dフィナンシャル生命
acceptable	【刈谷】賃貸・アパートを検索
unacceptable	結婚式場・結婚式場をお探しなら、千葉県のウエディングパークへ。無料相談はこちらから。
unacceptable	学生に高知賃貸賃貸アパート
unacceptable	fine SAVE/配信中
unacceptable	求人介護福祉士転職
unacceptable	楽天楽天アカデミー貯まる
acceptable	ガスコンロクリーニングなら
unacceptable	水漏れを水道で解決
unacceptable	生命保険オリックス終身医療保険
acceptable	BRZの中古車探し
unacceptable	小説・復讐の教科書漫画実施中
acceptable	掃除の効きが悪くなっていませんか?細かい部品に付いた油汚れを分解洗浄で落とします
acceptable	少ない水でさっとキレイに！おそうじ本舗の「おそうじ本舗エコ洗剤」とは！
acceptable	タブレット1台で全教科の学習ok
acceptable	学資保険どれが一番お得なの?
acceptable	豊富な撮影メニューをご用意
acceptable	おそうじ本舗/全国加盟店募集
unacceptable	60歳生命保険料葬儀保険はどれ?
unacceptable	大洲市の賃貸マンション情報!一人暮らしやペット可などのテーマから選べる理想のお部屋探し。
acceptable	資金用途自由・カードレス決済OK
unacceptable	死亡保険は5000万円から
acceptable	掃除機／サーバーラック業務用
unacceptable	【企業様向け】リクルートダイレクトスカウト／初期費用いらずで始めやすい転職スカウトサービス
unacceptable	ブライダル東京會舘の式場情報。東京・丸の内にあり続ける、人生に寄り添う「迎賓の場所」。
unacceptable	2022年最新頚がん?
acceptable	公式／メディケア生命の医療保険
acceptable	手アカやヤニ、砂ボコリまでキレイに！お掃除が大変なサッシやレールの細かい汚れもお任せください。
unacceptable	【公式】浄水器カートリッジ交換
unacceptable	【lifenet】生命保険・死亡保険
unacceptable	楽天カード学生切り替えに公式
unacceptable	お楽天ピンクカード海外旅行保険
acceptable	老後に備える個人年金保険
acceptable	脱サラ」による独立・開業なら
acceptable	【千葉県】賃貸・アパートを検索
unacceptable	20代~50代以上の人が気になった保険30代男性既婚おすすめを。保険のご相談は≪保険市場≫
unacceptable	【全国 シロアリ 対策】
acceptable	デイサービスの求人情報/大阪
acceptable	滋賀県の賃貸物件情報サイト・賃貸マンション・アパート・一戸建ての物件掲載数が豊富。
unacceptable	医療保険エースRe／公式
unacceptable	【医療保障の見直し・新規加入】6歳医療保険一時金タイプおすすめのライズ・サポート・プラス
acceptable	一度にまとめてお申込み
acceptable	ショッピングでポイント貯まる
unacceptable	saisonプラチナビジネス無料
acceptable	人気のシニア保険を一括比較＆資料請求。シニア保険市場デメリットを徹底比較するなら保険市場。
acceptable	結婚式場選びの相談はこちらから
unacceptable	死亡保険は死亡保障で選ぶべき・人気の死亡保険を見積りで比較・おすすめの死亡保険をランキング
unacceptable	【排水管掃除方法制作を依頼】
unacceptable	人気の生命保険会社ランキング・自身の万が一の時に備える保険・生命保険の比較なら保険市場
acceptable	普段の掃除では取りずらい汚れに
acceptable	掃除のプロが自宅をまるごと綺麗に
acceptable	平均２分の無料見積り
acceptable	タイミーで軽作業をご検討中の方へ!メンドウな面接や履歴書も一切必要ありません！
unacceptable	約100種の条件からあなたにマッチした松阪市の賃貸物件を選べる・賃貸情報サイト CHINTAI。
acceptable	掃除のプロが教えるおそうじ本舗のフランチャイズ
unacceptable	滋賀物件暮らせる賃貸マンション
acceptable	掃除のプロが掃除機などの家中一式をピカピカに
acceptable	【ゼクシィ】結婚式場探し
acceptable	介護資格の取り方・選び方でお困りですか?また転職サポートを使えばスムーズに転職ができます。
unacceptable	事務所オフィスBCP
unacceptable	結婚式場・結婚式場相談ならお任せください!結婚式会場以外もフォローが充実。
acceptable	病気があっても入れる医療保険
acceptable	おそうじ本舗/全国加盟店の平均月商約110万円
unacceptable	車の購入費を抑えて車定額を節約
acceptable	廃材が出ないので環境に優しい
acceptable	掃除」という仕事の面白さに魅了され、掃除のプロを志しました。おそうじ本舗でアルバイトとして学んだことを活かし、独立開業にむけた準備をしていくことになりました。 おそうじ本舗で独立・開業するなら、依頼年間約27万件【不況に強い】おそうじ本舗がおすすめ!年間約27万件【不況に強い】おそうじ本舗だから可能な豊富なサポート!
acceptable	スタジオアリスのマタニティフォトを簡単予約!白を基調とした優しいナチュラルテイストな空間
unacceptable	夜勤清田区介護求人介護
acceptable	【沖縄】
unacceptable	ネズミを１匹残らず退治
acceptable	長岡市の賃貸物件情報サイト・賃貸マンション・アパート・一戸建ての物件掲載数が豊富。
unacceptable	医療保険どこが一番お得なの？
acceptable	おそうじ本舗」は地域密着のハウスクリーニング会社です。全国約1,701店舗展開中!
unacceptable	お近く
acceptable	費用対効果の改善ならヤプリ
unacceptable	プロの取付・交換やシロアリ検査費用・藻を徹底お掃除!家も長持ちさせるためのメンテナンスを。
acceptable	学習習慣が身につく小学校3年生向け通信教育・無料資料請求でもれなく全員にお得なプレゼント
unacceptable	法人の方は決算書1期分と本人確認書類1点で最短即日法人ローン・無保証で事業資金を借入れできる
acceptable	【公式】住友不動産の注文住宅
acceptable	医療保険も定期保険も安心の保障内容。選ばれている保険をランキング別で徹底比較
acceptable	オリックスのライズ/公式
acceptable	エアコンのクリーニングなら
unacceptable	経営を50万即日融資？
acceptable	1番安い死亡保険はどこ?保険市場ならお手元のスマホやPCで比較が可能
unacceptable	（公式）個人事業融資ローン
unacceptable	2022年版国保保険料計算?
unacceptable	いつも通り楽天カードを楽天マイナポイント年会費永年無料／これからのお出かけがもっとお得に
acceptable	掛け捨てでお手頃な医療保険
unacceptable	お客さまのニーズに合わせて、100万円単位で保険一時金保険／月々511円から(30歳女性)
acceptable	気になる教育資金の準備方法
unacceptable	【公式】賃貸物件金沢市
acceptable	シニアの保険は？オリックス生命
unacceptable	//www.jet.CO.JP】
acceptable	業界店舗数No.１のおそうじ本舗
acceptable	掃除のプロ」が開業支援
unacceptable	長野県の物件多数掲載。初期費用の熊本市アパート物件もカンタン！賃貸情報サイトCHINTAI。
acceptable	保険の資料請求はこちらから
unacceptable	車買取/月々支払いがお得
unacceptable	山梨市の新着アパート情報を毎日更新!賃貸マンション・アパート・一戸建ての物件掲載数が豊富。
unacceptable	賃貸情報なら福岡市/賃貸情報
acceptable	お部屋探しはスマホでCHINTAI
unacceptable	実例・はいすいこうのつまり
unacceptable	【依頼者120万人突破】洗濯機の草むしり依頼など、高所作業はプロにお任せ!分解洗浄で徹底解決。
acceptable	お子さまの学習習慣が身につく年長さん向け学習教材・無料資料請求で他社とカンタン比較
acceptable	蛇口の水アカも丁寧に除去
acceptable	クレジットカードならセゾンカード。貯まったポイントはお買物や別のポイントにも変換OK
unacceptable	無料で見積もり・料金比較
acceptable	≪全国対応≫家具運搬の業者なら。見積もり無料でお得に引越し。最大5社から見積もりが届く。
acceptable	【CURE Next】キュア・ネクスト
unacceptable	保険商品を徹底比較・がん抗がん剤費用オンライン保険相談など。保険のことなら、なんでも解決。
unacceptable	香川県で借家を探すならここ
unacceptable	熊本市の賃貸マンション情報!一人暮らしやペット可などのテーマから選べる理想のお部屋探し。
acceptable	【グループホーム求人募集中】
unacceptable	医療保険も定期保険も安心の保障内容。若いうちに医療保険に入ったほうが月額保険料は安くなる？
acceptable	掃除のプロが掃除をします
acceptable	バイト経験を活かして短期集中
unacceptable	敷金礼金ゼロの物件アパート山口市／家賃相場・学校名で検索：ライフスタイルに合ったお部屋探し
unacceptable	週５ワクチン求人OK
acceptable	「週バイト1日バイト」
acceptable	鳥栖市の賃貸物件情報サイト・賃貸マンション・アパート・一戸建ての物件掲載数が豊富。
acceptable	保険市場が生命保険を徹底比較
acceptable	【保険市場】定期保険ランキング
unacceptable	≪利用料0円≫最大0名のシロアリ駆除に強いプロから見積もりが届き、納得のいく税理士草刈りを。
unacceptable	死亡保険は死亡保障で選ぶべき・国内最大級の無選択型保険死亡保険の相談や見直しなら保険市場へ
acceptable	ハウスクリーニングの求人募集もfc本部が協力
acceptable	清掃会社 フランチャイズで独立・開業・起業|ハウスクリーニングのおそうじ本舗おそうじ本舗のフランチャイズはサポート・研修体制が充実。ハウスクリーニング業界未経験でも安心・安定して独立・開業・起業!
unacceptable	料金を比較してお得に翻訳
unacceptable	ライズ
unacceptable	加西介護求人職の転職をお考えの方へ。グループホーム等様々な施設形態、勤務形態で求人検索可能
acceptable	デジタル時計を法人価格で購入。椅子・机などのオフィス用品やPC周辺機器など販売
acceptable	【ゼクシィ】ウエディング情報
acceptable	充実した保障内容・安い保険料の医療保険が見つかる。保険料シミュレーション00091888保険市場。
acceptable	【公式】Timee／スキマバイト
acceptable	RAV4の中古車探し
acceptable	多言語事故対応サービス
acceptable	キャラクター撮影あり
acceptable	パソコンラック、業務用パソコンラック。学校やオフィスなどの専用商品も取り扱い中。
acceptable	【楽天ETCカード】年会費無料
acceptable	豊田市 看護助手の求人情報
unacceptable	オリックス生命のがん保険カスタマーセンター・病気・ケガによる入院を一生涯保障する保険も
acceptable	フローリングのワックス剥がし
acceptable	【2022最新】医療保険ランキング
unacceptable	【公式サイト】VIPオリックスVIP
unacceptable	申込みトップページ
acceptable	住友不動産/坪単価が安い
unacceptable	返戻率が高い学資保険を探す
acceptable	介護職への転職を完全サポート
unacceptable	メディフィット緩和型医療保険
unacceptable	カーリース
unacceptable	都心にある2棟を超えるオフィスESGオフィスや賃事務所を条件に合わせて検索できる公式サイト
unacceptable	新規申込み専用ページ
acceptable	事務所の移転をお考えの方。東京の様々なエリアに多様なスペックのビルを展開。
acceptable	掃除のプロが自宅をまるごと綺麗に!家族やお友達をご招待してのイベントにオススメです。
unacceptable	単発バイト募集にすぐ働けてすぐお金がもらえる！メンドウな面接や履歴書も一切必要ありません！
unacceptable	賃貸湯梨浜町アパート情報
acceptable	貯金をコツコツ貯めるコツ
acceptable	佐世保の賃貸物件情報を今すぐCHECK!最新の空き状況や詳細情報がスマホで確認できる
unacceptable	中古車情報／ジューク日産中古
acceptable	掃除のプロ」
acceptable	死亡保険は死亡保障で選ぶべき・人気の死亡保険を見積りで比較・おすすめの死亡保険をランキング
unacceptable	様々な検索方法で自分に合った物件を・駅から徒歩10分佐賀市マンション物件を多数ご用意
unacceptable	5子供費用5位～5位を発表
acceptable	日本人の死因トップは「がん」
unacceptable	葬儀保険介護生命保険?
acceptable	オリックスクレジットはアプリでいつでもどこでもお申込みいただけます。【ORIX MONEY】
unacceptable	石川県賃貸情報アパート情報
acceptable	新潟の賃貸物件情報を今すぐCHECK!ライフスタイルを豊かにする情報や最新の賃貸物件を多数ご用意
acceptable	ETCカード/楽天カード年会費無料
unacceptable	【公式】介護ワーカー：介護のサービス管理責任者を考えている介護職の方にピッタリ。口コミあり
unacceptable	松山市介護神戸介護求人
acceptable	お宮参り写真/スタジオアリス
acceptable	タイミーのバイト情報掲載。メンドウな面接や履歴書も一切必要ありません！
unacceptable	結婚式場相談はウェディング千葉
acceptable	水回り掃除はセットで最大半額
acceptable	掃除のプロが掃除会社を開業?/おそうじ本舗のフランチャイズ
unacceptable	オリックス生命の終身保険ライズ・サポート・プラス／死亡保障が一生涯続きます／終身保険ライズ
acceptable	葬儀のための保険なら
acceptable	ブライダルカメラマンを探す
acceptable	ホームヘルパーの求人、転職なら介護ワーカー。長年培った経験で安心してご利用できます
acceptable	山梨の物件多数掲載。一人暮らしやペット可などのテーマから選べる理想のお部屋探し。
unacceptable	不動産売却／カウ
acceptable	生命保険の人気top3を発表
acceptable	年代別におすすめの保険が分かる
acceptable	全国500社以上の保険から厳選して、あなたに合った保険をプロがご提案いたします。
acceptable	綺麗な部屋で気持ちよく新年を迎えよう!
unacceptable	看護助手のパート情報掲載。高給与、土日休み、賞与年3回など条件に合わせた求人情報多数。
unacceptable	栃木の賃貸物件情報を今すぐCHECK!毎日豊富な新着物件を様々な条件で探せる。
unacceptable	岡山介護職員兵庫県加古川市求人
unacceptable	出雲市の賃貸アパート情報!ライフスタイルを豊かにする情報や最新の賃貸物件を多数ご用意
unacceptable	豊後高田市一軒家賃貸の賃貸
unacceptable	ネットで申し込むなら定期死亡保険「かぞくへの保険」あなたの保険料はどのくらい？
unacceptable	大仙市の賃貸アパート・アパートをお探しの方へ!毎日豊富な新着物件を様々な条件で探せる。
acceptable	特典付き紹介会場数多数。あなただけの理想の結婚式をお得に探そう。無料相談はこちらから。
acceptable	所沢市周辺の写真館を探す
unacceptable	更新頻度最短5分・様々な検索方法で自分に合った物件を・エリア余戸賃貸こだわりテーマから検索
unacceptable	人気の女性主人恋日記漫画も充実
acceptable	【売却】不動産会社をお探しなら
acceptable	年齢・性別全労済年金入るべき？
acceptable	生活支援員をお探しなら
unacceptable	積み立て安い生命保険
acceptable	富山の賃貸マンション・アパート・一戸建ての物件掲載数が豊富。初期費用の問い合わせも簡単。
acceptable	キッチンでの蛇口交換にも対応
unacceptable	バイト経験を活かして単発バイト
acceptable	掃除の会社」として、全国で展開中!ご家庭・店舗/オフィスのあらゆる箇所を掃除のプロが徹底的に汚れを除去。まずは無料で訪問・お見積りいたします。
acceptable	オフィスビルの空室チェック。東京の様々なエリアに多様なスペックのビルを展開。
acceptable	公式hp限定 おそうじ本舗
acceptable	エルグランドの中古車探し
acceptable	結婚式場相談/都内の結婚式場情報!特典付き紹介会場数多数。
unacceptable	楽天経済圏での生活をお考えなら
unacceptable	死亡20代医療保険加入率資料請求
unacceptable	持病があっても入れる死亡保険も
unacceptable	【ゼクシィ】カウンター料金
acceptable	【公式】Timee／CM放映中！すきな時間、すきな場所、日雇いバイトアプリ。最短1時間で働ける！
unacceptable	通院の死亡保険葬式代発表
acceptable	脱サラ」や「独立・開業」についてのご相談は、おそうじ本舗にお任せください!
unacceptable	看護師・准看護師の求人情報なら【リクナビネクスト】兵庫で介護職への転職をお考えの方へ。
unacceptable	ETCカードは年会費無料、楽天ペイアプリはアプリでカンタン申込み・100円で1ポイント貯まる！
unacceptable	入っていてよかった生命保険をランキング。国内最大級の保険比較サイト≪保険市場≫
unacceptable	人気の引受基準緩和型保険が見つかる。引受基準学資保険月々5000円ゆうちょはチャットで相談。
acceptable	【人材を集める】リクルート
acceptable	お風呂掃除/ならおそうじ本舗
acceptable	保険市場おすすめの学資保険
unacceptable	カーリースより月額定額でお得
unacceptable	楽天カードなら主婦・学生・バイトもOK／新規入会＆ご利用で1ポイント楽天カードetcカード年会費
unacceptable	楽天カードデザインピンクコチラ
unacceptable	【公式サイト】真岡市アパート
unacceptable	楽天カードは1枚目も作成可能。1楽天etc引き落としまで選べる。気になるカードを申し込み！
acceptable	インプレッサ WRX
acceptable	あなたの保険料はどのくらい？くらべて分かるメディケア生命のお手頃な保険料！詳細はこちら。
acceptable	キックスの中古車探し
unacceptable	ブライトエイジ化粧品
acceptable	掃除のプロが全国加盟店募集中
unacceptable	山梨県甲府市の賃貸アパート情報!毎日豊富な新着物件を様々な条件で探せる。
acceptable	【公式】Timeeタイミー日雇い
acceptable	福祉清田区介護求人
acceptable	お子さまの学習習慣が身につく年長さん向け学習教材・万が一の故障・破損でも安心の保証をご用意
unacceptable	学生にクレジット楽天
acceptable	面倒なエアコンクリーニングはプロにお任せ!安心と信頼の実績【おそうじ本舗】でキレイに!
acceptable	ハウスメーカーの戸建住友不動産
acceptable	ゼクシィ公式サイト
acceptable	掃除のプロが自宅をまるごと掃除。家族や友人を誘って楽しく新生活をスタートさせませんか?
acceptable	レンジフード掃除ならおそうじ本舗
unacceptable	人気の保険商品をプロが比較
acceptable	【必見】2022年ミニ中古
unacceptable	ブライダルの相談は神奈川県で
unacceptable	日帰り入院から長期の入院、手術を一生涯カバーする医療保険です。生命保険の比較なら保険市場
acceptable	はじめてのお宮参り撮影を一生の思い出に。衣装も充実！はじめてでも安心サポート
unacceptable	がん保険のコスパは?
acceptable	ゼクシィーなら、結婚相手と真剣に向き合いながら理想の結婚を叶える!結婚式準備はゼクシィ。
acceptable	シーンに合ったオフィスアイテム多数／スマホアクセサリーランクに応じてポイント獲得がお得に。
unacceptable	アイフル/事業資金の足しに
unacceptable	生命保険一覧死亡保険はどこ？
acceptable	保険市場奈良個人年金保険
acceptable	おそうじ本舗」fcオーナー募集中
acceptable	最短1時間融資/業界最低水準の低金利ローン/急な出費や生活費が足りなくて困っている
unacceptable	20代～50代以上の人が気になった保険高額生命保険。シニア保険の相談、保険選びは保険市場！
unacceptable	楽天カード入会学生実施中
unacceptable	【人気のシニア保険を徹底比較】どこを選生命保険種類ってる人は5人に1人と推察されています。
unacceptable	姫路 グループホームの求人、転職なら介護ワーカー。給与・休暇に妥協をしない転職なら
unacceptable	5、男女同額だから、真剣なお相手が見つかる！
acceptable	掃除」の単品依頼の全国展開をスタートさせました。
unacceptable	楽天カードは2枚目も作成可能。自分にぴったりの「使い分け」を見つけよう！
unacceptable	【最短即日】融資も可能
acceptable	安曇野市の賃貸物件情報サイト・一人暮らしやペット可などのテーマから選べる理想のお部屋探し。
acceptable	【売却査定無料】あなたの大切な土地売却を住友不動産販売がサポートします！
acceptable	入退居時のお掃除はプロにおまかせ
unacceptable	初期費用の問い合わせもカンタン・ライフスタイルを豊かにする情報や最新の韮崎賃貸を多数ご用意
acceptable	大手だから安心／お風呂場のクリーニング
acceptable	全国の雑草掃除業者が登録。最大5社から届く見積もりを比較して、オトクに依頼しよう。
unacceptable	保険相談のアドバンスクリエイト
acceptable	わずか60秒で無料会員登録可能
unacceptable	資料70歳からの保険はこちらから
acceptable	掃除のプロが店舗の隅々まで徹底洗浄
unacceptable	80歳から入れる医療保険保険
acceptable	静岡の物件多数掲載。ライフスタイルを豊かにする情報や最新の賃貸物件を多数ご用意
unacceptable	今、生命保険種類1位~5位
unacceptable	事業主向けローン
unacceptable	公式／楽天カード・楽天マイナポイント楽天カードカード！三大あんしん機能でセキュリティー充実
acceptable	掃除のプロ」が教えるおそうじ本舗の強味とは
acceptable	小林製薬が独自に研究したコレステロール対策サプリ。初回限定980円でお得に試してみませんか?
unacceptable	楽天カードは1楽天プレミアムカードキャンペーン目も作成も可能。券面デザインが1種類まで選べる
acceptable	掃除のプロが掃除機を使わない理由とは!
unacceptable	セゾンカードカード
unacceptable	立合い害獣駆除ネズミ
acceptable	オリックス生命は70歳以上の方や、持病のある方もぴったりな保険が見つかる。1分で保険料試算
unacceptable	死亡保険持病あり安いの積立て
unacceptable	長野県の物件多数掲載。初期愛媛賃貸の問い合わせもカンタン！賃貸情報サイトCHINTAI。
acceptable	掃除のプロ」が家庭をキレイに
unacceptable	オリックス生命公式サイト
acceptable	持病のある方も申込めるファインセーブシュミレーション商品・保険料のチェックはコチラから！
acceptable	最短当日出荷も可能
unacceptable	タイミーコールセンター探しなら
acceptable	掃除の効きが悪くなっていませんか?細かい汚れにプロの技が対応
acceptable	脱サラ」の方や「ハウスクリーニング」の業界未経験の方でも安心・安定して独立・開業・起業!
acceptable	【住友不動産】新築そっくりさん
acceptable	家庭で落としにくい汚れはプロにお任せ「使って実感、見て実感」悩み事をキレイに解決してみせます
unacceptable	楽天クレジットカードなら新規入会&利用で7000ポイント・楽天カードの申し込みはこちら
acceptable	60分ダイエット体験0円
unacceptable	【取引は全国のATMで利用可能】お悩みの事業者資金調達方法可能。法人・個人事業主向けローン！
unacceptable	クレディセゾンのDカードGOLD
unacceptable	色・オプション等も選択可能車月々支払いはご自宅へお届け。リース満了時には車がもらえます！
unacceptable	賃貸アパート 古河
acceptable	壁紙のハウスクリーニング
acceptable	日高市賃貸アパート情報
acceptable	死亡保険市場オンラインをお届け
acceptable	【高石】介護求人情報
unacceptable	ネズミ駆除業者をお探しなら
acceptable	結婚式にかかる費用はいくら?
unacceptable	非公開の求人介護ワーカー広島
acceptable	掃除のプロが全国約1,100店舗展開中!
acceptable	ハウスジェイアーバン
unacceptable	【公式】旧カードローン法人
unacceptable	がん+保険、どれが一番安い?
acceptable	壁紙の清掃業者をお探しなら
acceptable	岡山の賃貸物件情報を今すぐCHECK!ライフスタイルを豊かにする情報や最新の賃貸物件を多数ご用意
unacceptable	オリックス生命の保険商品・保険料のチェックはコチラから!資料請求はこちら
acceptable	カーローンをお探しの方、急な出費におすすめのタイミングで借りたい方におすすめ!
acceptable	持病持ちでも入れる保険/公式
acceptable	約100種の条件からあなたにマッチした佐賀市の賃貸物件を選べる・賃貸情報サイト CHINTAI。
unacceptable	40代にオリックス生命プラン
acceptable	約100種の条件からあなたにマッチした盛岡市の賃貸マンションを選べる・岩手県の物件多数掲載。
unacceptable	働きたい時に働けて、すぐにお金がもらえるスキマバイトサービス／Timee(タイミー隙間)
acceptable	人気の死亡保険【１位～３位】･生命保険ネット申込みランキング･自身の万が一の時に備える保険
unacceptable	楽天イーティーシーカードはお得なサービスで海外でも使える・100円で1ポイント貯まる！
unacceptable	日本橋住友不動産賃貸オフィス
acceptable	オリックス生命は貯蓄性保険のグループ会社です／ライフステージに合わせて保険の加入＆見直しを
unacceptable	楽天カードマイナポイント楽天カードカンタン！免許証・印鑑不要。審査完了後に約1週間で届く
unacceptable	諫早市の賃貸物件情報サイト・毎日豊富な新着物件を様々な条件で探せる
acceptable	中古車通販なら直売カーセンサー
unacceptable	t&dフィナンシャル生命選びたい
unacceptable	鳥取でガス自由化でより安いガス料金プランを探そう!3年契約で¥48,300(税込)おトク
unacceptable	【訪問介護サービス提供責任者】
unacceptable	生命保険のクチコミなら
acceptable	浴室(風呂釜)の追い焚き配管除菌クリーニング
unacceptable	新規ご利用で今ならポイント優遇あり／新規入会・ご利用でギフト券最大1,1セゾンカード特典！
unacceptable	福島市ペット可賃貸情報賃貸物件
unacceptable	入会金・年会費セゾンカード申し込み。貯まった永久不滅ポイントはPARCOポイントにも交換できる
acceptable	ガス開栓の手続きはお早めに
acceptable	クサい水アカ・皮脂汚れ、浴槽・壁・床・天井・窓などお風呂場一式をプロがピカピカに!
acceptable	賃貸アパート/松江市の物件探し
unacceptable	【ネズミ業者業者】
acceptable	オリックスマネー会員様限定!融資のみならず、多様なシーンに最適なマネーサービス。
unacceptable	最短5分で発行可能
acceptable	【鯖江】賃貸・アパートを検索
unacceptable	栃木の賃貸アパート情報を今すぐチェック!毎日豊富な新着物件を様々な条件で探せる
acceptable	ゼクシィ カウンター 名古屋で結婚式をご検討中の方へ!結婚式会場以外もフォローが充実。
acceptable	ご予約はこちらから！ご希望の場所にスタジオアリスのカメラマン参上！
acceptable	レーザーポインターをお探しならお任せください!1,000点以上の豊富なオリジナル商品が充実。
acceptable	ETCカードなら楽天カードがおすすめ!コンビニやスーパーでのご利用でザクザク貯まる
acceptable	フローリングの輝きがお部屋を変える!お掃除が大変なフローリングのワックスはコチラから
unacceptable	ビジネスアイフル向けローン
acceptable	スキマバイト求人をご紹介。すきな時間、すきな場所、すきな職種で最短1時間から働けます。
acceptable	掃除」で稼ぐなら
unacceptable	最大5人を監視カメラで監視
acceptable	フローリング・床板のリフォーム
acceptable	掃除のプロが家庭をピカピカに
unacceptable	奈亀岡不動産売却【公式】
acceptable	掃除のプロが家庭の悩みを解決!
acceptable	ミツモアで信頼できる業者選び
acceptable	茨木ケアマネジャー求人県求人
unacceptable	横手市の新築戸建て情報はこちらから・賃貸マンション・アパート・一戸建ての物件掲載数が豊富。
acceptable	セゾンETCカードならETCカードを最短即日で発行可能!お支払い1000円ごとに1ポイント貯まります。
unacceptable	栃木の賃貸アパート情報を今すぐチェック!毎日豊富な新着物件を様々な条件で探せる。
unacceptable	全国の翻訳会社を比較
acceptable	掃除の会社」のフランチャイズで独立するなら。依頼年間約27万件【不況に強い】おそうじ本舗がおすすめ
acceptable	人気駅・山梨賃貸物件多数掲載。初期費用の問い合わせもカンタン！賃貸情報サイトCHINTAI。
acceptable	全国に広がるネットワーク
acceptable	掃除のプロがフランチャイズオーナーになる!
unacceptable	シニアのオリックス生命ケガ通院
acceptable	シニア世代も【オリックス生命】
acceptable	ガスコンロのクリーニングなら
acceptable	キーボードを法人価格で購入。2000円以上送料無料、最短当日出荷！
acceptable	掃除の会社」ブランドで全国約1,701店舗展開中!
acceptable	入院時の保障や、特定疾病の保障など、気になる保障をパワーアップできる医療保険。
unacceptable	北見デイサービス求人
acceptable	ムラーノの中古車探し
acceptable	人気の漫画が1万冊以上無料
acceptable	引越しや大掃除で出る不用品や粗大ごみの優良配送依頼が心配なし。わかりやすい料金比較できる!
unacceptable	セラミドエトヴォス静岡で
acceptable	掃除のプロがお掃除の効率をアップ!
unacceptable	ビジネスローンで資金調達・運用資金の足しに。資金調達ならアイフルビジネスファイナンス
acceptable	クラウンの中古車探し
acceptable	1時間バイト日払い
acceptable	スマートリモコンを法人価格で購入。2000円以上送料無料、最短当日出荷！
unacceptable	【取引は全国のATMで利用可能】お悩みの個人事業主ローン審査も可能です。年会費・保証料無料
acceptable	タントの中古車探し
acceptable	掃除が仕事」に関するアンケート調査結果からわかったこと。【全国1,701事業所】
unacceptable	岩手県の物件多数掲載。初期費用の問い合わせもカンタン！熊本アパート情報サイトCHINTAI。
unacceptable	東京會舘の結婚式場情報。東京・丸の内にあり続ける、人生に寄り添う「迎賓の場所」。
acceptable	脱サラ」や「起業」について安心・快適に講座があるから、未経験でも安心・安定して独立・開業・起業!
unacceptable	出雲市賃貸マンション多数掲載。初期費用の問い合わせもカンタン！賃貸情報サイトCHINTAI。
unacceptable	ETCカードはETCカードの年会費永年無料。コンビニやスーパーでのご利用でザクザク貯まる
acceptable	おそうじ本舗」ブランドでおそうじ本舗ブランド認知度の高さで2020年度のご依頼は約27万件以上!
acceptable	セゾンカードの永久不滅ポイントは貯まる・使える・交換できるお得なポイントサービスです
unacceptable	今すぐお見積り・
acceptable	【下妻市】賃貸アパート情報
acceptable	会津若松の賃貸物件
acceptable	ディサービスの求人情報がザクザクみつかる!年収400万円以上などの詳細条件で検索可能。
acceptable	ベビーシロアリの駆除
unacceptable	インディード個人事業主掲載
unacceptable	クレジットカードなら
acceptable	大垣の賃貸物件情報サイト・賃貸マンション・アパート・一戸建ての物件掲載数が豊富。
acceptable	お近くのクロスクリーニングなら
acceptable	ミライースの中古車探し・ネットで探すならカーセンサー。
acceptable	チラシデザインの料金比較
unacceptable	保険市場おすすめの死亡保険
acceptable	はじめてのお宮参り写真は一生の思い出に。衣装も充実！はじめてでもあんしんサポート
unacceptable	アパート能美市情報賃貸物件
unacceptable	死亡保障は持病・既往症がある方におすすめの一生涯保障の緩和型医療保険・ご相談は保険市場
unacceptable	化粧水・乳液状美容液で簡単2stepケア。乾燥、小ジワ、尽きない女性ブライトエイジ定期悩みへ
unacceptable	全国対応の介護職専門の転職支援加東介護求人／介護・福祉職の求人をお探しの方の転職体験談掲載
unacceptable	越前市 CHINTAI
unacceptable	愛媛で介護職へのケアマネ受験資格が満載／転職を考えている介護職の方にピッタリ。口コミあり
acceptable	約100種の条件からあなたにマッチした福岡市の賃貸マンションを選べる・【更新頻度最短5分】
unacceptable	大分中津の賃貸物件情報サイト・家賃相場・学校名で検索：ライフスタイルに合ったお部屋探し
unacceptable	英文翻訳/国際結婚の手続きに
acceptable	わかりづらい保険も丁寧にご説明させて頂きます。創業25年目の東証一部上場企業の保険市場
unacceptable	保険市場/医療保険 おすすめ
unacceptable	千葉の物件が安い!一人暮らし向け、ペットと暮らせる物件を紹介。
acceptable	ハウスクリーニング」の認知度の高さで2020年度のご依頼は約27万件以上!
acceptable	人気のがん保険を一括比較
acceptable	新潟県の賃貸物件情報サイト・一人暮らしやペット可などのテーマから選べる理想のお部屋探し。
acceptable	岩手のバイト情報掲載。すきな時間、すきな場所、すきな職種で最短1時間から働けます。
acceptable	福岡で部屋探しをご検討中の方へ!ライフスタイルを豊かにする情報や最新の賃貸物件を多数ご用意
unacceptable	赤ちゃん+保険の比較なら保険市場!いざというときに困らないように備えよう。
unacceptable	【公式】タイミーコールセンター
unacceptable	≪tvcm放映中≫結婚式・イベントの出張撮影、家族写真・宣材写真等の撮影依頼はネズミ撃退法で!
unacceptable	壁紙剪定浴室水栓交換
unacceptable	宮崎市の賃貸マンション情報!人気の厳選テーマから理想のお部屋探し【スマホでCHINTAI】
acceptable	【ドコモでんき】切り替え費用0円で立会い工事なしの簡単手続き！
acceptable	オフィス内覧なら
unacceptable	保険市場イチオシの”共済”
acceptable	2022年葬儀保険ランキング
acceptable	介護職の求人・転職なら介護ワーカー。また転職サポートを使えばスムーズに転職ができます。
unacceptable	楽天マイナポイント楽天カード
unacceptable	新潟市中央区の賃貸物件
unacceptable	長期の女性保険人気に備えたい
acceptable	【公式】ガストの配達
acceptable	看護師と検索した方にオススメ!高給与、土日休み、賞与年3回など条件に合わせた求人情報多数。
acceptable	住友不動産販売の注文住宅
unacceptable	【ゼクシィ】xex 日本橋
acceptable	【ブライダルフェアのご予約】エリアや日付で簡単検索/理想の結婚式場を探そう
acceptable	公式lixilオンライン通販
unacceptable	通院保障おすすめ保障
acceptable	掃除のプロがオーナー」
acceptable	伊勢の賃貸物件情報を今すぐCHECK!賃貸マンション・アパート・一戸建ての物件掲載数が豊富。
unacceptable	ネット型死亡保険の保険料比較
unacceptable	にやさしいファンデーション
unacceptable	向け賃貸福井市賃貸アパート
unacceptable	2022年63歳死亡保険ランキング
acceptable	創業20年以上。安心と信頼の実績【おそうじ本舗】で独立・開業・起業｜ハウスクリーニングのおそうじ本舗おそうじ本舗のフランチャイズはサポート・研修体制が充実。ハウスクリーニング業界未経験でも安心・安定して独立・開業・起業！
acceptable	トイレ掃除はプロにおまかせ。
acceptable	キッチンクリーニングのプロ
acceptable	楽天カード【PINK】
acceptable	水道のつまりを修理
unacceptable	専門サ高住大阪求人
acceptable	マタニティフォトスタジオ アリスの料金はこちらから!今、この瞬間をスタジオアリスで
acceptable	賃貸マンション・アパート・一戸建ての物件掲載数が豊富。初期費用などのお問合わせ無料！
acceptable	脱サラ・独立・開業なら
unacceptable	【取引は全国のATMで利用可能】お悩みのフリーランス支援金も可能です。年会費・保証料無料
unacceptable	看護師・准看護師の求人情報・高給与、土日休み、賞与年3回など条件に合わせた求人情報多数。
unacceptable	高知賃貸マンション
unacceptable	楽天カードは2枚目も作成可能。楽天経済圏での生活をお考えなら、楽天カードで決まり！
unacceptable	賃貸物件あり/広島市西区
acceptable	【換気扇掃除】ならおそうじ本舗
unacceptable	学生向け賃貸賃貸諫早市
acceptable	東京の賃貸オフィスビル
unacceptable	東員町賃貸情報を毎日更新中！人気の厳選テーマから理想のお部屋探し【スマホでCHINTAI】
unacceptable	専門業者から見積もりが
unacceptable	20代~50代以上の人が気にエフコープ共済の年金を何歳から、いつまで受け取るかで保険を決める
unacceptable	賃貸新潟市西区賃貸物件情報
acceptable	掃除のプロ」が売上アップの悩みを解決!
acceptable	掃除のプロが店舗の清掃や商品の陳列などの店舗運営をサポート!
unacceptable	最大５社から見積もり
acceptable	おそうじ本舗のサッシクリーニング
acceptable	漫画をスマホでイッキ読み
acceptable	急ぎの浴室クリーニングは
acceptable	≪無料≫家族写真・記念写真撮影
acceptable	オリックス生命・保険商品一覧
acceptable	一生涯保険料が上がらない保険
unacceptable	かめばかむほど甘くなる漫画
unacceptable	20代医療保険：15歳～75歳
acceptable	研修が充実している=独立・開業がしやすく、集客や売り上げアップのサポートをしやすい状態になっていること。
unacceptable	日本橋事務所空室
acceptable	中古車を今すぐ検索
unacceptable	【マイナポイント事業楽天etcカード口コミ】マイナポイントを楽天ポイントとして受け取り可能！
acceptable	掃除のプロが家庭をキレイに!/おそうじ本舗
unacceptable	楽天カードのピンク色デザイン！楽天グループ楽天カードアカデミー審査サービスでもっとお得に
unacceptable	東京のカウカモ不動産売却するならカウカモ！プロがマンション売却をエスコート
unacceptable	個人事業主向けのビジネスローン
unacceptable	「かいごわーかー」などの人気作が観れる!また転職サポートを使えばスムーズに転職ができます。
unacceptable	シロアリの駆除ら
unacceptable	悪玉コレステロールを下げる
acceptable	軽自動車の中古車
unacceptable	パワーアップした楽天カード／充実の楽天カードマイナポイント。新規入会＆利用で1ポイント
unacceptable	貯蓄型の生命保険なら
acceptable	【入会金・年会費無料】24時間・365日ご利用可能なオリックスマネー融資のWEB完結ローン！
unacceptable	草むしり依頼は交換
acceptable	防水ケースを法人価格で購入。椅子・机などのオフィス用品やPC周辺機器など販売
unacceptable	エトヴォス/公式サイト
acceptable	カーローンを月々支払いでお得に。新車のサブスクが利用できる「直売カーセンサー」です。
acceptable	楽天クレジットカードの審査はこちら【原則、在籍確認なしのクレジットカード】年会費永年無料！
unacceptable	一時払込終身保険終身保険
acceptable	《撮影料金》税込3,300円+商品代/お得なセットメニューもご用意。web予約・店舗検索はこちら。
unacceptable	県民共済沖縄ない型~5位
unacceptable	床修理費用だから配管まで
acceptable	ご家族の専用フォトグラファーに/大切な記念日を写真に残しませんか!
acceptable	マタニティフォト 函館
unacceptable	楽天のプレミアム楽天カード
unacceptable	アパート宮崎県賃貸マンション
acceptable	ナイトミンの眠る力をサポートする成分
acceptable	静岡の賃貸物件情報を今すぐCHECK!賃貸マンション・アパート・一戸建ての物件掲載数が豊富。
unacceptable	人気駅から徒歩10分越前市chintai／家賃相場・学校名で検索：ライフスタイルに合ったお部屋探し
unacceptable	人とビジネス、環境にやさしい安心安全な住友不動産六本木グランドタワー。まずはお問い合わせを
unacceptable	今話題のピラティスも！ホットピラティスやもも尻ヨガティス等ヨガ大分レッスン多数【体験無料】
unacceptable	アイフルのビジネスローン口コミ
acceptable	気になる悪玉コレステロールに
unacceptable	【公式】直売車サブスク利用
unacceptable	年齢ネット保険医療保険TOP5
unacceptable	2022年保険掛け捨て平均金額
unacceptable	介護カイゴworker千葉
unacceptable	函館ケアマネジャー求人求人
unacceptable	あなたのイメージをしっかり再現。シロアリ検査費用・結婚式のプロが多数登録中。出張撮影も可能
acceptable	結婚式に必要な費用はこちらから!エリアや日付で簡単検索/理想の結婚式場を探そう
unacceptable	住友不動産東京日本橋タワーの様々なエリアに多様なスペックのビルを展開。まずはお問い合わせを
unacceptable	楽天ETCカードはポイント最大3倍貯まる!ポイントはコンビニやスーパーでのお支払いにも使える
acceptable	【公式】カイゴワーカー
unacceptable	総社市の賃貸アパート情報!ライフスタイルを豊かにする情報や最新の賃貸物件を多数ご用意
acceptable	プレーヤーを法人価格で購入。会員ランクに応じてポイント獲得がお得に。
acceptable	エトヴォス公式オンラインストア
acceptable	土日も電話相談を承ります
acceptable	柏市の賃貸アパート情報なら
unacceptable	保険を選ぶのは難しいこと。死亡保険ブリッジはシンプルでわかりやすいから初めてのネット保険に
unacceptable	【セゾンカード】当日受け取りOK
acceptable	1時間空いた時間にバイト
acceptable	TAP-DES加湿器10U-3W
unacceptable	鳥取市の都市ガス料金はこちら
unacceptable	西宮市 デイサービスの求人、転職なら介護ワーカー。もっとキャリアアップできる職場へ
unacceptable	即入居可・敷金礼金ゼロ鳥取物件
unacceptable	全国のプロが登録。希望条件に合った駆除・予防のつまりの見積もりが届く。相談できるので安心!
unacceptable	360度賃貸西金沢5分／人気のテーマから物件が探せて、簡単にオンライン相談・内見予約が可能！
unacceptable	オフィス内覧なら
acceptable	【南郷駅】賃貸・アパートを検索
unacceptable	2022年葬儀郵貯子供保険はどれ?
acceptable	【可児市】の賃貸物件情報が満載。ライフスタイルを豊かにする情報や最新の賃貸物件を多数ご用意
acceptable	おそうじ本舗」とは全国で展開中の平均月商約110万円のハウスクリーニングのおそうじ本舗のこと。ご家庭・店舗/オフィスのあらゆる箇所を掃除のプロが徹底的に汚れを除去。まずは無料で訪問・お見積りいたします。
unacceptable	介護職員初任者研修を無料で体験できる。また働いている方の声や職場の雰囲気もお伝え可能
acceptable	オフィス環境を改善したい方必見!オフィスビル事業を通じて都市と社会に貢献する【住友不動産】
acceptable	年会費永年無料/楽天カード
acceptable	退職後でも可能な新しい仕事の形
acceptable	ファインセーブの死亡保険
acceptable	医療保険の資料請求はこちら
unacceptable	アイフル事業主は金融機関からの融資が困難?法人様向けローンならアイフルビジネスファイナンス
acceptable	口コミで話題【エトヴォス】
unacceptable	法人の方は決算書1期分と本人確認事業主貸2点で最短即日融資！カードローンは繰り返し利用可能
unacceptable	はじめてのご融資はこちら。旧ビジネクストはWEBでラクラク申込み。
unacceptable	全国のシロアリの駆除が見えるプロだから安心。チャットで事前に相談も。最短1分で簡単見積もり
acceptable	ラガー中古中古車情報サイト
acceptable	人気のスプークスを厳選紹介
acceptable	ベンツの中古車探し
acceptable	掃除の会社」全国1,701店舗/ハウスクリーニング業界未経験でも安心・安定して独立・開業・起業!
acceptable	マンツーマンお掃除
unacceptable	コレステロールサプリメント
unacceptable	約100種の条件からあなたにマッチした松阪市の賃貸アパートを選べる・三重県の物件多数掲載。
unacceptable	保険料が安い死亡保険はどこ？
unacceptable	個人事業主は金融金貸し個人アイフルビジネスファインナスのビジネスローン／1時間申込み受付中
acceptable	お宮参り着物レンタルなら母親スタジオ アリスにお任せください。はじめてでもあんしんサポート
unacceptable	神戸市北区の介護求人がザクザクみつかる!また働いている方の声や職場の雰囲気もお伝え可能
acceptable	鹿児島の賃貸情報なら
unacceptable	えっ今から入れるがん保険？
unacceptable	人気の介護保険を分生命保険会社格付けランキングわからない方に、ランキングで介護保険をご紹介
acceptable	年代別におすすめの死亡保険
acceptable	有料老人ホームの求人なら
unacceptable	佐世保市の賃貸物件情報サイト・人気駅・長崎県の物件多数掲載・快適な生活を送りたい！
acceptable	ネットで簡単申し込み
unacceptable	お金ネット金融
unacceptable	住友不動産二世帯住宅住宅
unacceptable	住友不動産オフィスビル空室
unacceptable	2022年版保険掛け捨て平均金額?
acceptable	1人でも学習が続く楽しい&理解が深まる教材を収録。万が一の故障・破損でも安心の保証をご用意。
acceptable	切替器を法人価格で購入。WEBカメラ／モバイルバッテリーなど、PC周辺機器を多数取り揃え
unacceptable	個人事業個人事業主キャッシング翌日には融資可能／フリーランスの方に人気のビジネスローン
unacceptable	ETCカード即日発行で楽天ペイが使える!通行料金100円につき1ポイント貯まる
acceptable	はじめてのお宮参り写真は一生の思い出に。衣装も充実!初めてでも安心サポート
unacceptable	最大5社を比較できる
unacceptable	楽天マイナポイント可能
acceptable	【坂出】賃貸・アパートを検索
unacceptable	死亡保険は掛け捨てではなく貯蓄性のある死亡保険。国内最大級の保険比較サイト【保険市場】
unacceptable	介護求人羽曳野熊本市
unacceptable	浄水器カートリッジ交換撮影
unacceptable	保険ランキング公式
unacceptable	初年度年会費無料！セゾンクレジットカードなら最短5分でカード発行、アプリでいつでも管理OK
acceptable	掃除の本舗/フランチャイズで独立・開業・起業|ハウスクリーニングのおそうじ本舗おそうじ本舗のフランチャイズはサポート・研修体制が充実。ハウスクリーニング業界未経験でも安心・安定して独立・開業・起業!
unacceptable	三次市の賃貸物件情報サイト・更新頻度最短5分・駅近物件で快適な生活を送りたい！
unacceptable	生命保険種類1位~5位を発表
acceptable	鍵交換作成を依頼
unacceptable	30歳男性なら月々２，419円：保険期間10年、保険金額10，000万円／保険期間10年の場合
acceptable	終身払いとは、保険料が一生涯上がりません。解約払戻金があり、長期的な貯蓄機能を備えています
acceptable	人気のビジネスローンで資金調達・運用法人キャッシング足しに。実績豊富な事業者ローンサービス
unacceptable	コペンの香りを楽しもう
acceptable	人気のブライダルフェアへ行こう！簡単検索で今すぐ予約。最新の結婚式情報はゼクシィ
unacceptable	貯蓄型死亡保険終身
acceptable	掃除のプロが掃除業者の仕事を兼任!?
acceptable	創業20年以上/安心の支援体制
unacceptable	初任者研修の比較検討ならITトレンド。全国対応の介護職専門の転職支援サイト【介護ワーカー】。
unacceptable	車を高く売るなら一括見積もり依頼できるサイトが有効!メンテナンスフルパッケージが受けられる
unacceptable	楽天カードマイナポイント活を
unacceptable	【鳥取環境大学】賃貸アパート
unacceptable	人気の生命保険【シュミレーション】生命保険の比較・見積り・相談なら保険市場！
unacceptable	60歳生命保険料保険はどこ?
acceptable	掃除のプロ」が集客の秘訣
acceptable	窓掃除はプロにおまかせ。
acceptable	料金・口コミ・実績で比較可能
acceptable	ガラス掃除の業者をお探しなら
acceptable	オリックス生命のライズ/公式
acceptable	分岐水栓の取り付け費用はこちら
unacceptable	医療保険安いところ／公式サイト
unacceptable	インターネット申込みなら、一度のお手続きメディケアない方は、お気軽にお問い合わせください。
acceptable	結婚式場相談なら《大宮》
acceptable	キーボードを法人価格で購入。WEBカメラ／モバイルバッテリーなど、PC周辺機器を多数取り揃え
acceptable	介護施設探しでお困りなら、名古屋の介護ワーカーに相談。もっとキャリアアップできる職場へ
unacceptable	ブライトエイジシワ公式通販
unacceptable	楽天カードは2枚目も作成可能。券面デザインが2種類まで選べる。気になるクレジットカード楽天！
unacceptable	保険市場が保険市場を徹底比較
unacceptable	相続財産の翻訳WEBサイト英語・遺言書作成をはじめ様々な依頼に対応!全国のプロが登録中です
unacceptable	新潟の賃貸物件情報を今すぐチェック!毎日豊富な新着物件を様々な条件で探せる。
acceptable	札幌で部屋探しをするなら
acceptable	シンプルでわかりやすい保険
acceptable	【堺】介護求人情報
unacceptable	オリックス生命のRISE/RISE
unacceptable	人気の死亡保険【1位~3位】
unacceptable	草むしり依頼交換
unacceptable	年齢と性別死亡保険葬式代
unacceptable	オリックス生命のオリックス生命ケガ通院オリックス生命の医療保険・生命保険をまとめて資料請求
unacceptable	【公式】ビジネスローン短期
unacceptable	癌+保険、どれが一番安い?
acceptable	【大津町】賃貸・アパートを検索
unacceptable	注文住宅住友住宅
acceptable	【売却査定無料】あなたの大切なマンション売却を住友不動産販売がサポートします！
unacceptable	Oオリックス生命はお申込方法はインターネット、郵送、対面の3種類をご用意・【〇〇〇〇】
unacceptable	お客さまのニーズに合わせて、100万円単位で保険ネット保険／気になる保険料を今すぐチェック！
unacceptable	伊勢市の賃貸アパートをお探しの方へ。賃貸マンション・アパート・一戸建ての物件掲載数が豊富。
unacceptable	オリックスせいけんはお申込方法はインターネット、郵送、対面の3種類をご用意・【〇〇〇〇】
acceptable	ロイブ/loiveのホットヨガで滝汗
acceptable	【岩見沢】賃貸・アパートを検索
acceptable	はじめてのお宮参り写真は一生の思い出に。衣装も充実！初めてでもあんしんサポート
acceptable	シンプルでわかりやすい保険！ネットで簡単スムーズに申込み。
unacceptable	悪玉コロステロールが気になる方に話題の成分配合のコロステロール配合・【紅麹コレステヘルプ】
unacceptable	【公式】ブライトエイジシミ
acceptable	車探しならカーセンサー
acceptable	商標・意匠・特許出願費用は?
unacceptable	山梨県の賃貸アパート情報!一人暮らしやペット可などのテーマから選べる理想のお部屋探し。
acceptable	ミネラルファンデーション
unacceptable	持病があっても入れる死亡保険も安い
unacceptable	奈住友不動産販売【公式】
unacceptable	住友不動産虎ノ門タワー多数
acceptable	【公式】楽天ETCカード
acceptable	貯蓄型生命保険以上の方や、持病のある方もぴったりな保険が見つかる。まずは保険料をチェック
unacceptable	鳥取ガスの問い合わせ窓口。3年契約で¥48,300(税込)おトク
acceptable	壁紙のハウスクリーニング業者
unacceptable	どこ国保保険料計算
acceptable	スマホアクセサリー/人気モデルも着用。会員ランクに応じてポイント獲得がお得に。
acceptable	リクシルのオンラインショッピング
acceptable	【急募中】の派遣求人を探すなら
acceptable	掃除のプロが集客集客をサポート!
unacceptable	オリックスクレジット/返済方法
unacceptable	水の詰まりの施工
unacceptable	働きバイト日払い時に働けて、すぐにお金がもらえるスキマバイトサービス／Timee(タイミー)
acceptable	パーツエスモ物置
acceptable	掃除のプロが起業」
acceptable	【新車】直売カーセンサー
acceptable	窓ガラス掃除ならおそうじ本舗
acceptable	生命保険の比較・見積は保険市場
acceptable	「週単発バイトバイト」
unacceptable	事業者ローンのお申込みはコチラ
unacceptable	県民共済 千葉中央店をお得に予約!選べる保障で目的に合わせたプランのカンタン見積り可能。
unacceptable	エリア･規模／多様性と品揃え
unacceptable	生命保険ランキング
acceptable	チラシ・フライヤー作成はプロに依頼しよう。ミツモアなら最大で５名のデザイナーから選べる。
acceptable	【公式】Timeeタイミーバイト
acceptable	綺麗な空気を吸うなら今!おそうじ本舗のエアコンクリーニングが選ばれる理由とは
acceptable	単発・未経験OKなど条件で探せるバイト情報掲載。スキマ時間にすぐ働けてすぐお金がもらえる！
unacceptable	【生命保険】終身保険
unacceptable	最大5社から見積もりが
unacceptable	石鹸で落ちるファンデーション
acceptable	盛岡市賃貸情報へ
acceptable	オリックスクレジットの口コミはこちら・オリックス・クレジットから新しいマネーサービス登場
acceptable	カードレスだからオリックスクレジット即日ローンならお申し込みからお借り入れまでWEBで完結！
unacceptable	無料で保険の相談をするなら保険市場／最新のランキングから自分に、葬儀保険がきっと見つかる。
unacceptable	悪玉コレステロールを下げたい！小林製薬の紅麹コレステヘルプで、気になるコレステロール対策
acceptable	小学2年生と保護者の方へ・無料資料請求でもれなく全員にお得なプレゼント
acceptable	貯蓄型貯蓄性保険
acceptable	掃除の会社」としてフランチャイズで独立・開業するなら。依頼年間約27万件【不況に強い】おそうじ本舗がおすすめ
unacceptable	パンフレット進呈！オフィスESGに巨大イベント空間誕生。スポーツなど多彩なイベントに対応。
acceptable	コペンセロ（CARSENSOR.net）
unacceptable	【85歳】でも申込めますか
acceptable	結婚式場相談は都内の結婚式場
unacceptable	広島市安佐南区 CHINTAI
acceptable	週2-5の幅広い働き方をサポート
unacceptable	通院保障おすすめお申込み可能
acceptable	アプリでデータ管理を実現
unacceptable	岩手県の物件多数掲載。初期費用の問い合わせもカンタン！鳥取市賃貸情報サイトCHINTAI。
unacceptable	お金を借りるなら個人事業主がおすすめ!アイフルビジネスファイナンスは即日融資も可能。
acceptable	【阿見町】賃貸・アパートを検索
acceptable	社員による本音の企業評価を960万件掲載。掲載企業数は16万社以上、掲載求人数は11万件超
acceptable	家を建てるなら住友不動産の注文住宅。二世帯住宅や平屋など様々なすみふキャンペーンを承り中。
unacceptable	収入保障オリックス生命入院保険
unacceptable	【Saison Card】充実したショッピングサービスでより快適な生活を求めるあなたをサポート
acceptable	換気扇の掃除料金はこちらから
unacceptable	保険を賢く選んでプロが入りたい生命保険ランキング2021かわからない方に、ランキングでご紹介
unacceptable	急な出費でお困りの方へ
unacceptable	ご自宅からお申込み可能
acceptable	ライズ・サポート・プラス
unacceptable	玄関の鍵交換業者おすすめ
acceptable	奈良市の賃貸物件情報サイト・一人暮らしやペット可などのテーマから選べる理想のお部屋探し。
acceptable	カビや水アカを徹底的に洗浄
acceptable	セキュリティを配慮した女性向け賃貸物件や、女性に人気の賃貸マンション・アパートが充実!
unacceptable	ネズミは昼間どこにいるの?
unacceptable	生命保険の必要性～3位を発表
acceptable	ハイラックスの中古車探し
unacceptable	【公式】巣蜜養蜂ローヤルゼリー
unacceptable	福岡市猫可の賃貸物件情報あり。賃貸マンション・アパート・一戸建ての物件掲載数が豊富。
unacceptable	日本橋オフィスビル賃料
unacceptable	簡単２分で依頼完了
acceptable	スタジオアリス 七五三の予約
acceptable	笑顔あふれるフォトスタジオ
unacceptable	敷金礼金ゼロの物件あり／家賃相場・学校名で長崎県アパート：ライフスタイルに合ったお部屋探し
acceptable	アルバイト・パートにおすすめ/アプリ開発のお仕事情報!面接や登録会、履歴書は必要なし。
unacceptable	スイフト・スポーツの専門校
acceptable	掃除のプロが開業をサポート!全国加盟店の平均月商約110万円
acceptable	マタニティフォト 福岡
acceptable	貯蓄オリックス生命請求
acceptable	年中向けタブレット教材/公式
acceptable	【多治見市】賃貸アパート情報
acceptable	【公式】住友不動産新宿住友ビル
acceptable	快適な空間をお掃除はプロにお任せ
acceptable	面倒なエアコンクリーニングはプロにお任せ！簡単かつスピーディーな作業で、キレイで快適な生活を送りませんか？
acceptable	毎月安定した収入を得るには?イベントで稼ぐ裏技を紹介!
acceptable	赤ちゃんの写真撮影スタジオがこんなに安いのは今だけ。1歳のお誕生日撮影を一生の思い出に。
unacceptable	死亡
acceptable	【公式】自営業でも借りれる
unacceptable	終身が全労済入院給付金いくら
unacceptable	保証ありのお好みのお好みのお好みのおリース会社で。リクルートが提供する「直売カーセンサー」
acceptable	ハウスクリーニングで開業をお考えのあなたへ。おそうじ本舗ならしっかり稼げます。
unacceptable	スミセイバイタリティで選ぶ
unacceptable	専門アドバイザーがピッタリの職場をご提案。介護の介護助手／パート／バイト情報は介護ワーカー
acceptable	フローリング・床の張替え
acceptable	最新設備､免震､IT対応型などのハイスペックビル多数。
unacceptable	あなたにピッタリの介護ワーカー会社をご紹介。また働いている方の声や職場の雰囲気もお伝え可能
unacceptable	2022年シニア向け保険ランキング
unacceptable	ゴミ屋敷や汚部屋の片付けにお困りの方に。清掃のプロがあなたの草むしり業者をキレイにします。
acceptable	【翻訳会社をお探しなら】
unacceptable	保険保険30代男性既婚おすすめイベントごとに見直そう。保障内容・保障期間で保険を比較できる
unacceptable	確定申告代行を安い料金で頼む
unacceptable	オフィス・テナントの空室チェックなら。東京の様々なエリアに多様なスペックのビルを展開。
acceptable	最大5名のプロから見積もりが
unacceptable	アイフルビジネスファイナンスのビジネスローン／個人事業主向け。原則、保証人・担保不要で融資
acceptable	楽天ピンクカード口コミ
unacceptable	豊後高田市一軒家賃貸サイト
unacceptable	自分を表す一枚だからこそプロに依頼してみよう。お近くの床ワックスのプロからの見積もりを比較
acceptable	マンション排水管洗浄を依頼
unacceptable	1楽天etcカード支払いはこちら
acceptable	窓ガラス掃除を業者に依頼
acceptable	審査回答・最短60分／登録から借入れまでネットで完結！まずはご返済シミュレーションがおすすめ
unacceptable	人気の葬儀保険を一括資料請求。気になるかもしれない。検査、通院費、個人年金保険に残せる保険
acceptable	掃除のプロがフランチャイズ開業」
unacceptable	【生命保険】死亡保険葬式代
acceptable	753の写真撮影依頼
acceptable	ETCカードの審査はこちら【原則、在籍確認なしの楽天カード】ネットで簡単申し込み
unacceptable	飯田市の賃貸住宅情報を今すぐCHECK!毎日豊富な新着物件を様々な条件で探せる。
acceptable	みんなが選ぶ学資保険 第1位は?
unacceptable	貯蓄型の保険企業死亡保険
acceptable	掃除のプロが高収入!おそうじ本舗で独立・開業・起業|ハウスクリーニングのおそうじ本舗おそうじ本舗のフランチャイズはサポート・研修体制が充実。ハウスクリーニング業界未経験でも安心・安定して独立・開業・起業!
acceptable	保険市場おすすめの死亡保険
acceptable	約100種の条件からあなたにマッチした盛岡市の賃貸アパートを選べる・岩手県の物件多数掲載。
unacceptable	の宮崎神宮アパート多数掲載。初期費用の問い合わせもカンタン！賃貸情報サイトCHINTAI。
unacceptable	スタッフの派遣会社なら
unacceptable	学生向け賃貸アパート山口市
unacceptable	山口県の物件多数掲載。初期費用の問い合わせもカンタン！賃貸佐賀市マンションサイトCHINTAI。
acceptable	介護福祉士の資格取得なら
unacceptable	スズキエスクード中古を掲載
acceptable	今日も未来も、変わらぬ安心がしっかり豊か？一時死亡保険終身オリックス生命保障が受取れます。
acceptable	個人年金保険の人気top3を発表
acceptable	【頭金0円】新車サブスク
acceptable	介護職/春日井市の求人情報
unacceptable	【無料】土地を売却査定
acceptable	セルシオ後期お探しのあなたへ
acceptable	結婚が決まったらやることは?
unacceptable	【公式】えすびーあいのがん保険
unacceptable	わかりづらい保険も丁寧にご説明させて頂きます。創業25年目の生命保険おすすめ30代は保険市場
unacceptable	不動産売却広島
acceptable	サンワダイレクトPCパーツ
unacceptable	今すぐお見積り・112歳医療保険
unacceptable	戸建売却
acceptable	初めてのお宮参り写真は一生の思い出に。衣装も充実!はじめてでも安心サポート
unacceptable	介護ワーカーをご紹介。ここにしかない非公開の求人の中からあなたに合った求人をご提案します！
unacceptable	姫路 グループホームの求人、転職なら介護ワーカー。転職サポート登録で非公開求人もご紹介
unacceptable	香川県丸亀市アパート診断
acceptable	持病や入院歴のある方も入りやすい終身保険／ライズ・サポート・プラスはネットで告知ができます
acceptable	石川県の賃貸物件情報サイト・一人暮らしやペット可などのテーマから選べる理想のお部屋探し。
acceptable	車種別カタログや相場情報が充実! 中古車探すならカーセンサーで
acceptable	掃除のプロが家庭を訪問。家をキレイに!
unacceptable	高知県の長崎市アパート多数掲載。初期費用の問い合わせもカンタン！賃貸情報サイトCHINTAI。
acceptable	費用・料金例をチェック
acceptable	冒険少年漫画も配信
acceptable	浴室のカビ取り業者なら
acceptable	掃除のプロが経営・集客をサポート!
unacceptable	ゼクシー公式アプリ・人気の式場や気になる式場を見学して、実際に結婚式の雰囲気を体験しよう！
acceptable	【公式】貯蓄性保険
acceptable	"週3で""月収約50万""稼げる案件も"
acceptable	伊勢の賃貸物件情報を今すぐCHECK!ライフスタイルを豊かにする情報や最新の賃貸物件を多数ご用意
acceptable	【最新版】がん保険ランキング
acceptable	掃除のプロが家庭や店舗を掃除のプロでピカピカに!
acceptable	掃除の質でお客様から選ばれるおそうじ本舗
acceptable	【別府市】賃貸アパート情報
unacceptable	【公式】Timee／タイミー広島
unacceptable	初期費用の問い合わせもカンタン・ライフスタイルを豊かにする情報や最新の三次賃貸を多数ご用意
unacceptable	阿見町駅の新築戸建て情報はこちらから・毎日豊富な新着物件を様々な条件で探せる。
acceptable	オリックス生命のRISE/RISE
acceptable	マタニティフォト/大阪
acceptable	脱サラ」「独立・開業」「フランチャイズ」「開業」などの言葉の響きに弱い方へ
acceptable	脱サラ」や「独立・開業」は、会社員で終わる人生から一転、素晴らしい人生をつかむためのキーワードです。おそうじ本舗のフランチャイズは、あなたの夢をかたちにするお手伝いをします。
acceptable	【看護師】大阪の求人情報
acceptable	【入会金・年会費無料】24時間・365日ご利用可能なORIXMONEY審査のWEB完結ローン！
unacceptable	生命保険の比較・見積り・相談なら保険市場!今、注目の生命保険は？
acceptable	ネット予約はこちらから
acceptable	20代〜50代以上に人気の生命保険1位〜5位をランキング別に徹底比較!ご相談は保険市場
unacceptable	ETCカードのお申し込みは楽天ペイ・LINE Pay・PayPayなどの電子マネーもご利用いただけます。
acceptable	ネット専用総合医療保険
acceptable	ゼクシィでブライダルフェア予約!少人数挙式など費用を抑えたい方向けのプランも充実
acceptable	薩摩川内市の賃貸物件情報サイト・ライフスタイルを豊かにする情報や最新の賃貸物件を多数ご用意
acceptable	大仙市の賃貸物件
acceptable	脱サラ」や「起業」など、新しい道を踏み出す前にチェックしておきたいポイントをチェック!
unacceptable	持病があっても申持病保険
unacceptable	アイフル/事業者ローン審査
unacceptable	Keyごくちゅう漫画
acceptable	デイサービスの正社員求人・年収400万円以上・土日休みなどの条件で検索。
unacceptable	花丸大吉保険1位~3位
unacceptable	三重県名張市の賃貸なら
unacceptable	オススメ業者≪16社≫
acceptable	掃除のプロがオーナー店舗運営
acceptable	清掃会社のFC加盟店を独立開業を。研修が充実して安心・約95％の方が掃除業者の仕事未経験で活躍
acceptable	医療保険はどこがいい?
acceptable	モーブ(石鹸)購入するなら
unacceptable	お客様満足度97.9%。スマホとネット環境があれメリウス保険の相談、保険選びは保険市場。
acceptable	全国の水道屋が登録。最大5社から届く見積もりを比較して、オトクに依頼しよう。
acceptable	【公式】ニトリ/NITORI
unacceptable	住友不動産オフィス300坪
acceptable	結婚式の前撮りなら
acceptable	法人・個人のお客様専用
acceptable	しつこい汚れやしつこいカビ、ニオイの元を徹底的に洗浄!
acceptable	【アルファード】カーセンサー認定車多数、あなたに合った車探しをサポート！
unacceptable	楽天カードデザインピンクが完了
acceptable	ビジネス拠点として交通利便性の高い好立地にオフィスを展開。安心安全で快適なオフィスをご用意
unacceptable	東京の賃貸オフィスビル賃料
acceptable	最大５社の料金・評価比較
acceptable	鍵交換・紛失・修理の業者探し
acceptable	19インチラック・法人様も個人様もご登録可能！椅子・机などのオフィス用品やPC周辺機器など販売
acceptable	主人恋日記漫画無料で試し読み
acceptable	窓ガラス・ハウスクリーニング
acceptable	オリックスクレジットのカードローンは即日融資も可能・」お金を理由に諦めてしまう前に
unacceptable	働き仙台日払いバイト時に働けて、すぐにお金がもらえるスキマバイトサービス／Timee(タイミー)
unacceptable	保険市場が保険相談は死亡保障で選ぶべきます。ランキング形式ですぐに分かる。安い保険もひと目
unacceptable	働きたい時に働けて、すぐにお金がもらえるスキマバイトサービス／Timee(日雇いバイトアプリ)
unacceptable	【公式】VIPオリックスVIPローン
unacceptable	病気・事故・災害でも同額の死亡保障／余命6か月以内と死ぼう保険掛け捨てのお申込みできます
unacceptable	個人事業主アイフル公式
acceptable	掃除のプロが専用機材・洗剤を使用しスピーディーかつ丁寧に仕上げます
unacceptable	2枚目の楽天カードを作成&利用でもれなく3,000ポイントプレゼント・券面デザインが選べる
unacceptable	リクナビナース人材派遣求人
acceptable	浄水器の設置・工事一覧
unacceptable	東京の様々なエリアに多様なスペックの住友不動産半蔵門にやさしい安心安全なオフィスビルづくり
unacceptable	【ゼクシィ】相談カウンター無料
unacceptable	カーナビのサブスク・頭金0円でお好みの新車をサブスクで利用できる「直売カーセンサー」です。
acceptable	重い家具・荷物はプロにお任せ。安全かつ手早く荷物を運びます。
acceptable	未使用ノートeパワー中古車
unacceptable	全国対応の介護福祉士給料の求人情報が満載。転職のプロが無料でサポート。詳細条件で検索可能
acceptable	岐阜の賃貸物件情報を今すぐCHECK!ライフスタイルを豊かにする情報や最新の賃貸物件を多数ご用意
acceptable	掃除のプロが家庭を掃除のプロに!
unacceptable	【公式】楽天カード発行日数
acceptable	≪TVCM放映中≫ミツモア
unacceptable	アウトバック中古依頼
unacceptable	2分で排水管クリーナー
acceptable	チラシ制作を見積り依頼
acceptable	【香芝市】賃貸アパート情報
acceptable	鍵を紛失した方へ
acceptable	サッシ清掃業者」の紹介ページです。おそうじ本舗では、ガラスに付いた手アカやヤニ、砂ボコリまで徹底的にキレイにします。お掃除が大変なサッシの細かい汚れもお任せください。
acceptable	入退去時のハウスクリーニングも
acceptable	CMで話題のおそうじ本舗
unacceptable	八代の賃貸物件情報あり!一人暮らしやペット可などのテーマから選べる理想のお部屋探し。
acceptable	【公式】借入れならアイフル
acceptable	短期・単発バイトが充実
unacceptable	事業即日融資法人緊急・事業拡大・資金繰り・生産費用など様々な利用用途にお使いいただけます。
acceptable	iPhoneアクセサリー付きの据え置きタイプからハンズフリー、ワイヤレスタイプまで豊富な品揃え
unacceptable	定期死亡保険がこんなに安い
unacceptable	【進化した医療保険】特約付加で必要な保障を準備できる医療保険キュア・ネクスト
acceptable	【サンワサプライ直営】本店通販サイト／オフィスアイテム多数取揃え！15時までの注文で即日出荷
unacceptable	【公式】スマホで田原本賃貸公式
acceptable	面倒なエアコンクリーニングはプロの技にお任せ！安心と信頼の実績【おそうじ本舗】でキレイに
acceptable	【長野駅】賃貸アパート情報
unacceptable	事業再生・個人事業主向けローン
acceptable	賃貸・アパートを検索/埼玉
acceptable	最大５社を徹底比較
acceptable	ハウスクリーニング業界未経験の開業実績は約95％
unacceptable	がん抗がん剤費用に残せる
unacceptable	【公式】結婚式相談東京
acceptable	洗濯槽クリーナーで汚れを落としたつもりになっていませんか？分解洗浄でピカピカに
acceptable	豊富な決済方法、最短当日出荷など、サンワダイレクトならではのお得なサービス!
acceptable	【ETVOS初めての方におすすめ】クレンジング不要メイクとスキンケアが試せるパーフェクトキット
unacceptable	設備資金融資向けローン
unacceptable	わかりづらい保険も丁寧にご説明させて頂き生命保険おすすめ30代のダウンロード等事前準備不要。
unacceptable	人気のビジネスローンで資金調達・運用資金の足しに。実績豊富な事業者ローン自営業でも借りれる
unacceptable	初期費用などのお奈良市賃貸マンション費用の問い合わせもカンタン！賃貸情報サイトCHINTAI。
acceptable	【クレジットカード】
acceptable	社会福祉士・介護福祉士の受験資格なら介護ワーカー。好条件の非公開求人あり
acceptable	カーセンサー認定車多数、あなたに合った車探しをサポート!運命の1台をココで探す
acceptable	【明石】賃貸・アパートを検索
acceptable	掃除のプロ」が経営のすべて
acceptable	掃除のプロ」を自称するオーナーが自宅で開業
unacceptable	楽天etc引き落とし／公式
unacceptable	人気の葬儀保険を賢く選んでいいかわから生協生命保険ように備えよう。保険の相談なら保険市場!
acceptable	1番人気の生命保険はどれ?
acceptable	【下関市】賃貸アパート情報
acceptable	おすすめのマウスピース矯正
acceptable	事業者向けビジネスローン
unacceptable	【2022年教育資金保険】
acceptable	《公式》chintai/毎日新着更新
unacceptable	20代～50代以上に人気の生命保険会社評価幅広く取り扱い。持病があっても入れる死亡保険も掲載
acceptable	業界no.1の店舗数。選べる2つのプランから全ての縦型エアコンをしっかり洗浄!
acceptable	個人事業主でも最短即日融資が可能!アイフルビジネスファイナンスの事業者向けローン。
unacceptable	生命貯蓄型終身保険
acceptable	佐賀市の賃貸情報はこちら
unacceptable	保険市場農協年金保険5位～5位
unacceptable	死亡保険金額目安選ぶべき
unacceptable	一人暮らしやペット可などのテーマから選べる理想のお部屋探安中市アパート【スマホでCHINTAI】
acceptable	単発・未経験OKなどの条件で探せるバイト情報掲載。即日即金／振り込み手数料¥0！
acceptable	30年保証のシステムをご用意
unacceptable	老後資金はいくら必要？
acceptable	中古車／35gtr中古
unacceptable	お楽天カードデザインピンク
acceptable	掃除のプロが家庭のキッチンを掃除。家族や友達を巻き込んでの大掃除は、地域密着の会社ならでは。
acceptable	結婚式場相談はブライダル銀座
acceptable	高知市の賃貸物件情報サイト・賃貸マンション・アパート・一戸建ての物件掲載数が豊富。
acceptable	おそうじ本舗」ブランドで全国展開
acceptable	2022年がん保険人気ランキング
unacceptable	赤ちゃんのための保険なら
acceptable	掃除」でおそうじ本舗
unacceptable	（公式）オリックス生命代理店
unacceptable	風呂・トイレ・排水管掃除相場
unacceptable	医療保険の人気TOP5を発表
acceptable	クーラー掃除は業者に依頼
acceptable	倉敷の賃貸物件情報を今すぐCHECK!賃貸マンション・アパート・一戸建ての物件掲載数が豊富。
unacceptable	≪価格満足度92%≫最大0名のシロアリ検査費用・冷蔵庫などの家具家電の処分は業者にお任せ。
unacceptable	【公式】の新潟アパート
unacceptable	新規楽天pink特典カード
acceptable	安心の低価格・高品質サーバーラック。会員ランクに応じてポイント獲得がお得に。
unacceptable	あなたの地域のプロたちに、シロアリ駆除一軒家値段・漏水でも安く依頼をする秘訣は「一括比較」
acceptable	【トパーズ】トーリック
acceptable	福島市/賃貸アパート情報サイト
unacceptable	気になる入院保険の保険料は？
unacceptable	介護・福祉施設で介護福祉士給料介護ワーカーにしかない介護職の求人多数／非公開の好条件求人も
unacceptable	スバルヴィヴィオ中古B4
unacceptable	ビジネスローンで個人事業主様へ。アイフルビジネスファイナンスは24時間365日WEB申込み受付中！
acceptable	初回ごくちゅう漫画でイッキ読み
unacceptable	新車の月額が気になる方、必見!メンテナンスフルパッケージが受けられる
unacceptable	働きたい時に働けて、すぐにお金がもらえるスキマバイトサービス／Timee(単発バイト日払い)
acceptable	90日間無料キャンペーン実施中！動画配信サービスSPOOXバリュープランPoweredbyひかりTV
acceptable	掃除のプロが独立開業・起業|ハウスクリーニングのおそうじ本舗おそうじ本舗のフランチャイズはサポート・研修体制が充実。ハウスクリーニング業界未経験でも安心・安定して独立・開業・起業!
acceptable	おそうじ本舗が選ばれる理由とは
acceptable	【寒河江市】賃貸アパート情報
acceptable	掃除の会社cyberace【おそうじ本舗】
acceptable	簡単1分で説明会予約/無料の資料請求受付中
unacceptable	寒河江市の賃貸アパートをお探しの方へ。毎日豊富な新着物件を様々な条件で探せる。
acceptable	福島の単発バイト情報掲載。すきな時間、すきな場所、すきな職種で最短1時間から働けます。
unacceptable	葬儀保険60歳生命保険料?
acceptable	オリックスクレジットのVIPローン
unacceptable	寒河江市アパートの無料
unacceptable	【個人事業主】支援金個人事業主
acceptable	壁紙掃除業者
acceptable	スタジオアリス／公式サイト
acceptable	栃木の賃貸物件をお探しの方へ
acceptable	すぐに働けるバイト情報掲載。すきな時間、すきな場所、すきな職種で最短1時間から働けます。
unacceptable	ETCカードは年会費永年無料/楽天
acceptable	掃除のプロが家をピカピカに!
acceptable	介護ワーカーに転職。高時給の求人情報を知りたい方へ：無料登録で非公開求人も
unacceptable	日本全国どこでもすぐ働けるバイト会、履歴書は必要なし。条件を満たしていればすぐ働けます。
unacceptable	お葬式費用保険ランキング
acceptable	創業20年以上。安心と信頼の実績
acceptable	高額請求が心配なら、ミツモアで相見積がオススメ!料金・口コミを見て信頼できるプロを選べる
unacceptable	学生向け大分県日田市アパート
unacceptable	支えるビジネスローン
unacceptable	詰まり修理【全国対応】
acceptable	ビジネスローン融資会社様向け
unacceptable	ゼクシィ 相談カウンター 大阪の結婚式場情報!あなただけの理想の結婚式をお得に探そう。
unacceptable	高知県の長野市賃貸戸建多数掲載。初期費用の問い合わせもカンタン！賃貸情報サイトCHINTAI。
unacceptable	法人ローンの借り換えなら
acceptable	お手頃な活動量計で健康管理
acceptable	理想の新築を建てたいなら
acceptable	スマホATMでいつでもご利用可能
unacceptable	敷金礼金ゼロの熊谷市アパートあり／家賃相場・学校名で検索：ライフスタイルに合ったお部屋探し
acceptable	掃除は仕事の入口」とはよく言ったもので、掃除が好きな人にはおそうじ本舗はぴったりの仕事です。おそうじ本舗のフランチャイズはサポート・研修体制が充実。ハウスクリーニング業界未経験でも安心・安定して独立・開業・起業!
acceptable	三田市の介護求人がザクザクみつかる!全国対応の介護職専門の転職支援サイト【介護ワーカー】。
acceptable	気になる式場を今すぐチェック
acceptable	晴れの日はアルバムで
unacceptable	死亡保険【1位~3位】
acceptable	山口岸和田介護求人下関市求人
acceptable	中古車情報／カーセンサー
unacceptable	賃貸伊豆の国市賃貸物件
unacceptable	セゾン アメックス プラチナビジネスカードは海外でも使える・自動マイル移行サービスも無料。
acceptable	当日・翌営業日対応可能なハウスクリーニング
unacceptable	全国の雑草業者が登録。最大5社から届く見積もりを比較して、オトクに依頼しよう。
acceptable	キッチン 換気扇の掃除業者なら
unacceptable	お住まい付近
acceptable	中古セレナニスモを探す
unacceptable	全国のプロに雑草の手入れを依頼。厳選された５社から見積もりが届く。
unacceptable	シミュレーションでアナタの保険料の見積り比較が可能。お得な60歳生命保険料のご相談は保険市場
unacceptable	【公式】山田養蜂場巣蜜通販
acceptable	お宮参りならアリス
unacceptable	一番安い死亡保険はどれ?世帯主に万が一の事があった場合の必要生活資金は平均5,558万円。
acceptable	換気扇の吸い込みが弱くなっていませんか?細かい部品に付いた油汚れを分解洗浄で落とします
unacceptable	どこの生命保険がお得なの？
acceptable	おうちから、プロのアドバイザーに相談しよう。Webゼクシィ相談カウンター紹介はこちらから。
acceptable	【公式】Timee／CM放映中！すきな時間、すきな場所、その日にバイト。最短1時間で働ける！
acceptable	好条件の求人がザクザクみつかる！給与・休暇に妥協をしない転職なら
unacceptable	神奈川県の賃貸賃貸広島市中区
acceptable	【刈谷市】賃貸アパート情報
acceptable	大手だから安心／エアコン洗浄無料
unacceptable	おオリックス生命キュアサポート告知。オリックス生命は給付金の手続きに対する総合満足度40％
acceptable	【春日部市】賃貸アパート情報
acceptable	おそうじ本舗」「おそうじ本舗のフランチャイズ」の検索結果
unacceptable	全国の草刈り業者が登録。最大5社から届く見積もりを比較して、オトクに依頼しよう。
unacceptable	学生限定／クレジット楽天
unacceptable	楽天カードマイナポイントます
acceptable	掃除のプロが充実の売上アップ支援
acceptable	充実の研修制度で未経験でも安心
acceptable	葬儀保険どこが一番お得なの?
acceptable	【公式】Timee／CM放映中！すきな時間、すきな場所、スキマバイト。最短1時間で働ける！
acceptable	0・1・2歳のための教育サービス
acceptable	あなたの保険料はどのくらい？くらべて分かるメディケア生命のお手頃な保険料！詳細はこちら｡
unacceptable	終身保険貯蓄型生命保険
unacceptable	不動産売却ならカウカモ！あなたの三田ハウス売買で全員に1万円分のギフト券プレゼント
unacceptable	短期でも長期に亘って稼げる短期集中プランも・国内最大級の保険比較サイト≪保険市場≫
unacceptable	宮崎の一人暮らし物件掲載数が豊富。最新の空き状況や詳細情報がスマホで確認できる
acceptable	掃除のプロ」を自称する店舗も
unacceptable	資料請求専用ページはこちら・オリックス生命生命保険終身は？病気・ケガによる入院を一生涯保障
unacceptable	石川県の賃貸アパート情報!ライフスタイルを豊かにする情報や最新の賃貸物件を多数ご用意
acceptable	ビデオキャプチャーを観るなら
unacceptable	カーリースと車のサブスクが定額
acceptable	低予算で車を検討している方へ。頭金0円でカーリースが利用できる「直売カーセンサー」です。
acceptable	岡崎市の賃貸物件情報サイト・賃貸マンション・アパート・一戸建ての物件掲載数が豊富。
acceptable	cmでも話題のおそうじ本舗
unacceptable	介護求人姫路介護職求人
acceptable	しつこいカビ、水アカ、皮脂汚れ、浴槽・壁・床・天井・窓などお風呂場一式をプロがピカピカに!
acceptable	エトヴォス【公式】
acceptable	オリックスマネーならWEBでカンタン申込み!《2022年 ノンバンクカードローン
unacceptable	宇佐の賃貸物件情報サイト・家賃相場・学校名で検索：ライフスタイルに合ったお部屋探し
unacceptable	エターナル・ベスト・パートナーの葬儀費用など、ご希望にあった葬儀社が見つかります。
acceptable	【2022年女性保険保険市場奈良】
acceptable	ー帯広グループホーム求人求人
acceptable	少ない資金で／FC加盟店開業可能
unacceptable	手厚い保障の生命保険を探すなら・20代〜50代以上に人気のある保険をランキング別に徹底比較!
acceptable	車種別カタログや相場情報が充実！中古車探すならカーセンサーで
acceptable	掃除のプロ」が脱サラして独立開業!
acceptable	【セゾンカード】の作り方
acceptable	ブライダルの相談は神奈川県で
unacceptable	【ゼクシィ】カウンター 名古屋
acceptable	ブライダルフェアの予約はコチラ
acceptable	ご予約はこちらから!ご希望の場所にスタジオアリスのカメラマン参上!
unacceptable	【必見】2022年セレナニスモ突破
acceptable	マタニティフォト 熊本
unacceptable	ミツモア草刈り費用
unacceptable	滋賀県賃貸マンション診断
acceptable	事業拡大、資金調達、生産費用など様々な用途に使えるビジネスローン・最短即日融資可能！
acceptable	サッシの掃除をお探しなら
acceptable	【広島】試験監督のバイトなら
acceptable	ハウスクリーニング料金表
unacceptable	2022年版死亡保障安い
unacceptable	ビジネスローン
acceptable	掃除のプロ」が家庭を訪問。普段の掃除では手の届かない所に掃除機をかけ、効率良く汚れを除去。
acceptable	マタニティフォトを岡山で撮りませんか?・マタニティフォトは妊娠8ヶ月がベストタイミング！
acceptable	おそうじ本舗」ブランドで店舗数業界1位/全国1,701店舗
acceptable	矢巾の賃貸物件情報あり。一人暮らしやペット可などのテーマから選べる理想のお部屋探し。
acceptable	水栓交換・修理の費用はこちら
acceptable	【三木市】賃貸アパート情報
unacceptable	学資保険シュミレーション実施中
unacceptable	東京の早稲田駅マンション売却売却のご相談・査定でギフト券1万円分プレゼント
acceptable	インターネット申込みなら保障は申し込んだその日から！スマホからもカンタン申込み。
acceptable	長崎の賃貸物件情報を今すぐチェック!最新の空き状況や詳細情報がスマホで確認できる
unacceptable	【公式】タイミー広島
acceptable	オンラインでも相談できる保険ショップ一覧
acceptable	中古車情報なら【カーセンサー】
acceptable	最新ビジネスローン短期
unacceptable	約100種の条件からあなたにマッチした福山市の賃貸マンションを選べる・【更新頻度最短5分】
unacceptable	（公式）終身保険ライズ命
acceptable	福島県伊達市アパート多数掲載。初期費用の問い合わせもカンタン！賃貸情報サイトCHINTAI。
acceptable	起業するならまずは無料相談
acceptable	公式オンラインストア
unacceptable	折コレステロールを下げるサプリ
acceptable	メディケア生命保険/公式
acceptable	壁紙は染め替える時代。壁紙の美観を復元させ、清潔感のある快適な空間に！
unacceptable	輸入車（USEDWRX中古車AR）
acceptable	佐賀市の賃貸物件
unacceptable	企業の資金繰りでお困りならコチラ。アイフルビジネスファイナンスなら最短即日カードローン法人
unacceptable	【2022年】のランキング
acceptable	トイレ掃除のご依頼はこちらから
acceptable	窓拭きの業者をお探しなら
unacceptable	新規入会＆利用で1
unacceptable	一人暮らしやペット可などの条件からあなたにおすすめ賃貸マンション大和西大寺物件を選べる
acceptable	【掃除のフランチャイズ】なら楽宅便
unacceptable	住友不動産ハウスメーカー作成
acceptable	インターネット申込みなら、一度のお手続きで医療保険も死亡保険もまとめてお申込みが可能。
acceptable	七五三の前撮り・動画撮影
acceptable	水漏れ・水道の修理・復旧
unacceptable	etc申し込み楽天登場
unacceptable	【公式】Timee山形単発バイト
acceptable	大型家電の全国配送
unacceptable	住友不動産半蔵門
unacceptable	約100種の条件からあなたにマッチした成田市の賃貸アパートを選べる・毎日豊富な新着物件！
unacceptable	一人暮らしやペット可などのテーマから選べる理想のお部屋探市原賃貸は初めてですか？
unacceptable	【倶知安賃貸】公式サイト
unacceptable	個人事業主向けローン
unacceptable	アンテナネズミ退治に効くもの
acceptable	キーボードのおすすめは
acceptable	既成概念にとらわれない斬新なデザイン、多数のビル建築で培モデルハウス住友不動産一年中快適！
acceptable	【公式】スマイルゼミ
unacceptable	物件選びの群馬県賃貸アパート
acceptable	電気の申し込みはこちらから
unacceptable	約100種の条件からあなたにマッチした呉市の賃貸アパートを選べる・【更新頻度最短5分】
acceptable	【賃貸情報サイト】CHINTAI公式
unacceptable	【公式】結婚式相談銀座
acceptable	唐津市の賃貸アパート情報
unacceptable	足利の賃貸物件情報を今すぐCHECK!毎日豊富な新着物件を様々な条件で探せる。
acceptable	掃除のプロが店舗を掃除する」
acceptable	掃除の会社」ブランドで独立
unacceptable	中古車ルポ中古車OK
acceptable	おそうじ本舗の窓クリーニング
unacceptable	【公式】住友不動産のオフィス
unacceptable	今、死亡保障安いネットが分かる
unacceptable	神戸 グループホームの求人、転職なら介護ワーカー。給与・休暇に妥協をしない転職なら
unacceptable	【公式】ゼクシィ結婚式相談銀座
acceptable	保険料シミュレーション
acceptable	安心の事故対応
acceptable	おそうじ本舗の研修施設
unacceptable	介護ワーカーを広島で探すなら、時給や職種、条件などから探す!今年こそは転職したいあなたへ
unacceptable	死亡保険せんか？
unacceptable	コーピーカード1位~3位を発表
acceptable	掃除のプロが家庭や店舗を掃除のプロでカバー!/掃除代行ならおそうじ本舗
unacceptable	県民共済・共済組合連合会
unacceptable	年会費永年無料のピンクカード限定！好みに合わせて付帯サービスを楽天pink特典サービス付き
acceptable	介護ワーカーの求人情報がザクザクみつかる!転職時の書類や面接もプロがサポート【公式】
unacceptable	国内最大級の保険比較サイト
acceptable	掃除の会社をお探しなら
acceptable	ファインセーブなら月々の保険料がお手頃・病気や事故、災害でも同額の死亡保障が受取れます。
acceptable	掃除のプロが開業!全国47都道府県おそうじ本舗展開中!
acceptable	地域密着」を掲げるおそうじ本舗は全国で展開中!ご家庭・店舗/オフィスのあらゆる箇所を掃除のプロが徹底的に汚れを除去。まずは無料で訪問・お見積りいたします。
unacceptable	悪玉コレステロールを下げたい!小林製薬の紅麹コレステヘルプで、気になるコレステロール対策を
unacceptable	ビジネスの中枢を担う「すみふオフィス」、2,2坪、2フロア最大2,2坪超の大型オフィスビル。
unacceptable	安い死亡保険が見つかる？
unacceptable	【専門学校東京校】進学情報
unacceptable	オリックス生命のオリックス三大疾病不安のある方もぴったりな保険が見つかる。資料請求はこちら
acceptable	ネットで探すならカーセンサー。価格や走行距離から検索可。在庫確認は無料。
acceptable	都城市の賃貸物件情報サイト・最新の空き状況や詳細情報がスマホで確認できる
acceptable	【2022最新】個人年金ランキング
acceptable	掃除のプロが家をまるごとキレイに!/おそうじ本舗
acceptable	車種別カタログや相場情報が充実! 中古車探すならカーセンサーで。
unacceptable	賃貸オフィス/坪単価500坪〜
acceptable	福岡釧路デイサービス求人
acceptable	24時間365日年中無休で事故受付
unacceptable	安い掛け金で申し込める死亡保険
acceptable	洗濯槽クリーナーで汚れを落としたつもりになっていませんか?分解洗浄でピカピカに
acceptable	壁紙のシミや汚れに
unacceptable	【小林製薬】眠る力シリーズ
unacceptable	小林製薬の睡眠ケアサプリ/公式
unacceptable	葬儀死亡保険ネットランキング
unacceptable	全車保証車の中古車のカーリース-頭金０円
acceptable	女性の抜け毛は、早めの対策が鍵
unacceptable	ブライダルフェアお得にお得に
unacceptable	賃貸マンション・京都郡苅田町賃貸・一戸建ての物件掲載数が豊富。賃貸情報サイトならCHINTAI
unacceptable	厳選5業者を比べておトクに
acceptable	スマイルゼミ 2年生の料金
acceptable	就労支援専門の求人サイト
acceptable	掃除のプロ」がおそうじ本舗のフランチャイズで独立・開業・起業|ハウスクリーニングのおそうじ本舗おそうじ本舗のフランチャイズはサポート・研修体制が充実。ハウスクリーニング業界未経験でも安心・安定して独立・開業・起業!
acceptable	【公式】住友不動産の
acceptable	エブリイワゴンターボあなたへ
acceptable	蛇口の水アカも丁寧に除去！
acceptable	【急募】最短1ヵ月で転職
acceptable	山梨県の賃貸情報
unacceptable	【女性専用】インストラクターも女性だから安心。ダイエットや筋トレを取り入れたヨガ長岡も。
acceptable	専用染料を塗るだけなのでリーズナブル！短時間でキレイになります。
acceptable	スイフトスポーツの中古車探し
unacceptable	今の入院一時金保険か？
unacceptable	死亡保険の掛け捨て型保険は最安値?
acceptable	注文住宅住友の補助金対象
unacceptable	看護師・准看護師の求人情報なら【リクナビネクスト】もっとキャリアアップできる職場へ
unacceptable	がん保険/一時金のみ申込み
acceptable	赤ちゃん写真撮影のご依頼を多数いただいております。万全の対策で安心安全の撮影を。
acceptable	ゼクシー公式アプリ・挙式のみ・プライベート感のある会場など情報満載
acceptable	自動車保険をネットで見積もり
acceptable	保険市場おすすめの生命保険
acceptable	ラノベなど人気電子書籍が充実！さらにレビュー投稿で最大500pt／今話題の漫画も無料で試し読み
acceptable	掃除の業者を独立開業を」とお考えなら
unacceptable	その日にバイトにすぐ働けてすぐお金がもらえる！メンドウな面接や履歴書も一切必要ありません！
unacceptable	設備資金借入ビジネスローン
unacceptable	事業資金・事業融資・借入れならアイフルビジネスファイナンス／アイフルの新しいビジネスローン
unacceptable	人気の終身払いとは?
unacceptable	敷金礼金ゼロの物件あり／家賃相場・学校名で検索：ライフスタイルに合ったお部屋探アパート安中
acceptable	人気の保険をプロが比較
unacceptable	あなたメディケア生命
acceptable	中古車アルトこちら
acceptable	津市の賃貸物件情報サイト・賃貸マンション・アパート・一戸建ての物件掲載数が豊富。
acceptable	「呼び出しベル」などの人気作が観れる!椅子・机などのオフィス用品やPC周辺機器など販売
acceptable	佐世保市の新着アパート情報を毎日更新!最新の空き状況や詳細情報がスマホで確認できる
acceptable	敷居が高い」「時間がない」そんなあなたのご要望にお答えして、ご自宅まで訪問・お伺いしての「お掃除代行サービス」はじめました!
unacceptable	人気のビジネスローンで資金調達・運用資金の足しに。実績豊富な事業者事業主貸条件を確認する。
unacceptable	日本橋オフィス空室
acceptable	掃除の会社cyberace
unacceptable	西宮市 デイサービスの求人、転職なら介護ワーカー。転職サポート登録で非公開求人もご紹介
acceptable	鹿屋市の新着アパート情報を毎日更新!賃貸マンション・アパート・一戸建ての物件掲載数が豊富。
acceptable	長野の賃貸物件情報を今すぐCHECK!ライフスタイルを豊かにする情報や最新の賃貸物件を多数ご用意
acceptable	ブライダルフェア探しなら
unacceptable	オフィス300坪三角広場
unacceptable	ハイランクセゾンカード特典無料
acceptable	新規申し込み、他社からのりかえ、プロパンガス従量料金平均ことなら「enetopiaガス」
acceptable	フロアクリーニングなら
unacceptable	都心にある2棟を超える賃貸オフィスや賃住友不動産事務所を条件に合わせて検索できる公式サイト
acceptable	70歳以上の方も申込める保険
unacceptable	【公式】鳥取ガス都市ガス警報機
acceptable	神栖市のアパート探しなら
acceptable	進撃の巨人悔いなき選択漫画無料
acceptable	人生100年時代、老後資金は個人年金保険で積立て。人気の個人年金保険ランキングはこちら
unacceptable	【24時間ご依頼可能】気になったタイミングでいつでもご利用いキッチンつまり直し方だけます。
unacceptable	【2022年】即日草むしり業者
unacceptable	全国対応/草刈り0名以上登録
acceptable	ユニットバス掃除は業者に依頼
unacceptable	【ネット型死亡保険】おすすめの死亡保険をランキング。年齢と性別を入力して保険料比較も。
acceptable	≪WEB予約≫7ヶ月先まで予約OK
unacceptable	オリックス生命の終身オリックス生命ケガ通院を一生涯保障／保険料は加入時から上がりません
unacceptable	公式医療保険をお探しのあなたへ
unacceptable	学生に三重県借家
acceptable	冷蔵庫掃除は業者に依頼
acceptable	普段の清掃が楽になるプロの掃除
acceptable	千葉県の賃貸情報
acceptable	洗濯槽クリーナーで汚れを落としたつもりになっていませんか？分解洗浄で毎日のお洗濯を清潔・快適にしましょう！
unacceptable	悪玉コレステロールを下げたい！小林製薬のコレステロールの薬で、気になるコレステロール対策を
unacceptable	死亡保険はどこが一番安い?
unacceptable	最短ビジネスローン個人事業主低金利融資も可能。原則、無担保・無保証で事業資金を借入れできる
unacceptable	のつまりの料金表を比較
acceptable	メディケア生命の保険商品・保険料のチェックはコチラから・医療保険も死亡保険もお手頃な保険料
unacceptable	認知症保険をがん保険安いところイベントごとに見直そう。保障内容・保障期間で保険を比較できる
unacceptable	比較しオリックス終身医療保険
acceptable	オリックス生命公式ホームページ
unacceptable	【公式】ニトリ/NITORI
unacceptable	お特典楽天pinkカード
unacceptable	働き日雇いバイトアプリ。
unacceptable	がん保険を賢国保保険料計算社以上の人が気になった保険をチェック!相談や見直しなら保険市場へ
acceptable	床のリフォームを適正価格で
acceptable	社員による会社評価サイト
unacceptable	年代別少額短期保険商品一覧
unacceptable	名古屋の一人暮らし物件掲載数が豊富。初期費用などのお問合わせ無料！
unacceptable	法人カード／入会特典あり
acceptable	ガラス・サッシクリーニング
acceptable	メールで見積もり依頼【60秒】
unacceptable	月々1000万円からの生命保険
unacceptable	約100種の条件からあなたにマッチした桑名の賃貸アパートを選べる・【更新頻度最短5分】
acceptable	一軒家のアイディア満載
unacceptable	事業者個人事業融資向けローン
acceptable	おそうじ本舗/fcオーナー募集
unacceptable	更新頻度最短5分・様々な検索方法で自分に合った物件を・エリア春日井市アパートからも探せる！
unacceptable	【2022年】死亡頚がんべき
unacceptable	楽天プレミアムカードはETC後付けでお得!通行料金100円につき1ポイント貯まる
acceptable	おそうじ本舗」ブランドで全国展開中!全国の平均月商約110万円!
acceptable	全国対応/夜9時まで依頼可能
acceptable	面倒なエアコンクリーニングはプロの技にお任せ!安心と信頼の実績【おそうじ本舗】でキレイに
acceptable	ネズミ退治しょう
unacceptable	気になる医療保険の保険料は？
acceptable	今の保険に一時金保障をプラスしたい方に、オリックス生命の定期型がん保険ウィッシュがおすすめ
unacceptable	介護ワーカー大阪の求人情報がザクザクみつかる!転職時の書類や面接もプロがサポート【公式】
unacceptable	意匠・特許出願費用を抑えたい
unacceptable	【賃貸併用住宅】熊本の賃貸
unacceptable	≪依頼料0円≫最大0名のスズメバチの巣はプロにお任せ。無料でカメラマンから見積もりが届く!
unacceptable	ミネラルエトヴォス神戸通販
acceptable	掃除のプロが店舗経営未経験でも安心の独立・開業|ハウスクリーニングのおそうじ本舗おそうじ本舗のフランチャイズはサポート・研修体制が充実。ハウスクリーニング業界未経験でも安心・安定して独立・開業・起業!
acceptable	面倒なエアコンクリーニングはプロにお任せ。安心と信頼の実績【おそうじ本舗】でキレイに！
acceptable	最大5社からすぐ見積もりが届く。ミツモアならあなたの要望に応える水道のつまり修理・修理業者が見つかる。
acceptable	サッシクリーニング」にも対応
unacceptable	死亡保険1位～3位
acceptable	掃除の会社のfc加盟店を独立開業を。研修が充実して安心・約95%の方が掃除業者の仕事未経験で活躍
acceptable	ケアマネの求人、転職なら介護ワーカー。専任のアドバイザーがあなたの転職をお手伝いします
acceptable	《22年最新の賃貸情報》一人暮らし向け、ペット可物件あり。ライフスタイルに合ったお部屋探し
acceptable	ハスラーの中古車探し・60秒で見積り依頼【名前・メール・郵便番号だけ】
acceptable	医療保険の人気TOP5を発表
unacceptable	【賃貸アパート&マンション新着】札幌の賃貸
acceptable	ブライダルフェアから内祝いまで、様々なシーンで大活躍のブライダルフェア。予約はこちら
unacceptable	65歳以上の方にも/ご高齢の方や持病のある方も3つの告知項目に該当しなければお申込みできます
acceptable	年齢と性別から検索可能
unacceptable	看護助手のパート情報掲載。また転職サポートを使えばスムーズに転職ができます。
acceptable	スマイルゼミ小学4年生・タブレットで学ぶ幼児・小学生・中学生の通信教育。
unacceptable	プロに依頼
unacceptable	死亡保険はライフイベントごとにスミセイバイタリティの比較・おすすめの死亡保険をランキング
unacceptable	20代〜50代以上に人気の生命保険1位〜5位をランキング別に徹底比較!比較なら保険市場
acceptable	キッチン 換気扇の掃除なら
acceptable	お気に入りの賃貸物件が見つかる
acceptable	掃除の効きが悪くなった」「換気扇の効きが悪くなった」「レンジフードの油汚れが気になる」など、換気扇の掃除はおそうじ本舗にお任せください!プロの技で換気扇を分解洗浄し、ファンやフィルターなど細かい部品に付いたしつこい油汚れもしっかり洗浄。換気扇をお掃除すれば、換気効率がアップして、快適にお料理ができます。
acceptable	退職金の新しい選択」
acceptable	高額になる場合もある先進医療も保障する先進医療保険。保険料は加入時から上がりません
unacceptable	失敗しないエアコン業者探しはミツモアならネズミ業者、税務・節税相談、給与計算など対応可能。
unacceptable	アイフルビジネスファイナンスの融資会社ローン／個人事業主向け。原則、保証人・担保不要で融資
unacceptable	賃貸アパート山口の物件を探そう
acceptable	高齢者00091888保険市場選ぶ
unacceptable	全国のネズミ退治に効くものを申請したい方必見。ミツモアで税理士に修正申告をすぐ依頼しよう。
acceptable	VIPローンカードを徹底比較!融資のみならず、多様なシーンに最適なマネーサービス。
unacceptable	介護ワーカーの会社をお探しなら
unacceptable	楽天プレミアムカードなら13000ポイントがお得にもらえます・楽天カードの申し込みはこちら
acceptable	エアコンの洗浄&水回りの汚れに
acceptable	掃除のプロが家庭の手に負えない汚れは業者におまかせ
acceptable	掃除機／防犯カメラ／LEDライト／家庭用シュレッダーなど、PC周りだけでなく、生活をサポート！
unacceptable	横浜の1K賃貸物件情報を今すぐCHECK!毎日豊富な新着物件を様々な条件で探せる。
acceptable	掃除のプロが解決!おそうじ本舗の強味とは!
unacceptable	医療保険払込免除必要見積り
acceptable	壁紙清掃業者/壁紙染色サービス
acceptable	教育費に特化した保険商品をご用意しました。お子様の将来のために計画的な積み立てを！
acceptable	ETCカードの作り方/楽天銀行
acceptable	夢中になる。だから、続く。
acceptable	綺麗で快適な店舗」をテーマとしたおそうじ本舗のフランチャイズ。月商300万を達成したオーナーも
acceptable	呉市/賃貸アパート情報サイト
unacceptable	非公開介護ワーカー登録してない
acceptable	人気のパソコンデスク・ラック
unacceptable	静岡の一人暮らし物件掲載数が豊富。賃貸情報サイトならCHINTAI
unacceptable	楽天市場でのお買い物がポイント最大6倍!普段のお買い物や公共料金のお支払いにもご利用できる
acceptable	24時間不正監視中。ご利用も安心
acceptable	入院にも通院にもさらに手厚くなった医療保険!保険市場ならお手元のスマホやPCで比較が可能
unacceptable	わかりづらい保険も丁寧にご説明致します。創業25年目の東証一部上場企業運営の保険市場
unacceptable	がん保険を賢く選んでいいかわからがん抗がん剤費用ように備えよう。保険のご相談は≪保険市場≫
acceptable	【公式】プレーヤー
acceptable	おそうじ本舗」のフランチャイズはサポート・研修体制が充実。ハウスクリーニング業界未経験でも安心・安定して独立・開業・起業!
acceptable	あなたのお部屋探しの条件は?オートロックや宅配ボックス・独立洗面台など人気の設備付き物件も
unacceptable	一人暮らしやペット可などのテーマから選べる理想のお部屋探し。初期費用などの高松市賃貸掲載中
acceptable	福井県の賃貸物件情報サイト・最新の空き状況や詳細情報がスマホで確認できる
acceptable	【大阪市】介護求人情報
acceptable	【入会金・年会費無料】24時間・365日ご利用可能なオリックスマネーアプリのWEB完結ローン！
acceptable	おそうじ本舗」
acceptable	低予算で車を検討している方へ。頭金0円でカーサブスクが利用できる「直売カーセンサー」です。
unacceptable	水道蛇口・水栓・シャワーヘッド
unacceptable	【公式】旧個人事業主口座
unacceptable	持病がある方でも申し込める一生涯保障の医療保険病気でもはいれる保険まとめてお申込みが可能。
acceptable	グループホームの求人が満載
acceptable	東京會舘の結婚式予算は?
acceptable	ETCカード／お申込
acceptable	【特養あり】転職・求人情報
unacceptable	《etc申し込み楽天永年無料》デザイン選べる楽天カード！三大あんしん機能でセキュリティー充実
acceptable	【公式】みずほ銀行
acceptable	働きたい時に働けて、すぐにお金がもらえるスキマバイトサービス／Timee(山形単発バイト)
acceptable	アイフルの新しいビジネスローン
acceptable	お風呂用品ならおそうじ本舗
acceptable	テレビスタンド・ラック
unacceptable	賃貸 南国市
unacceptable	《最新の逆瀬川賃貸情報》一人暮らし向け、ペットと暮らせる物件を紹介。スマホで簡単お部屋探し
unacceptable	タイミー広島で結婚式をご検討中の方へ!面接や登録会、履歴書は必要なし。
unacceptable	医療保険の安いところを探す
acceptable	高岡市の賃貸物件情報サイト・ライフスタイルを豊かにする情報や最新の賃貸物件を多数ご用意！
acceptable	宮城県の短期バイト情報掲載。すきな時間、すきな場所、すきな職種で最短1時間から働けます。
acceptable	【大阪】介護求人情報
unacceptable	0生命保険種類~5位
acceptable	平均月商約111万円/充実の研修制度で安心開業!まずはかんたん資料請求フォームから!
acceptable	掃除のプロが高収入・起業
acceptable	プロの技でお部屋を明るく!お部屋の消臭効果や抗菌・防汚効果を長期間キープ
acceptable	掃除のプロ」としての独立開業をお考えのあなたへ
acceptable	オンライン保険相談なら保険市場
acceptable	【ORIXMONEY】その決断に新しい追い風を。オリックス・クレジットから新しいマネーサービス登場
unacceptable	オリックス生命の医療保険(公式)
unacceptable	ゼクシィ相談カウンター町田相談
unacceptable	シニア保険を死亡保険ネット
unacceptable	【公式サイト】周南アパート
unacceptable	保険市場のオンライン保険相談のご予約で選べるギフトプレゼント!
acceptable	【etvos】公式通販
unacceptable	働きタイミー軽作業時に働けて、すぐにお金がもらえるスキマバイトサービス／Timee(タイミー)
unacceptable	公式通販サイトはこちら
unacceptable	相続を専門とする有能な税理士なら大幅な相続税対策が可能に!簡単・お人探し値段に依頼しよう。
acceptable	お近くの掃除なら
unacceptable	【公式】蛇口の水漏れ修理
acceptable	1台1台の車体状態や写真が充実・【カーセンサー】中古車情報満載・在庫確認は無料・中古車を探す
acceptable	業界店舗数No.１／全国１,701店舗
unacceptable	カーリースよりリースの方がお得!新車のサブスクが利用できる「直売カーセンサー」です。
unacceptable	賃貸マンション岐阜探し
acceptable	月間保険ランキングであなたの保険選びサポート!保険を徹底比較するなら保険市場。
acceptable	全国対応の介護職専門の転職支援サイト【介護ワーカー】。転職サポート初任者研修で非公開求人も
acceptable	AD-HD16Vスマホアクセサリーなら
acceptable	ウェディングドレスの写真撮影
acceptable	1時間すぐ働けるバイト
unacceptable	全国の草刈り・芝刈り業者が登録。最大５社から届く見積りを比較して、オトクに依頼。
acceptable	東京會舘で結婚式をご検討中の方へ!東京・丸の内にあり続ける、人生に寄り添う「迎賓の場所」。
acceptable	【悪玉コレステロールを下げる】小林製薬の紅麹コレステヘルプで気になるコレステロール対策を
unacceptable	東京の様々なエリアに多様なスペックの住友不動産事務所にやさしい安心安全なオフィスビルづくり
acceptable	全国のチラシ制作プロが登録。最大5社から届く見積もりを比較して、オトクに依頼しよう。
acceptable	掃除のし過ぎでカビが繁殖してしまったのでプロにお掃除をお願いしたい。
acceptable	オリックス生命の資料請求
unacceptable	ナース人材派遣まで多数
acceptable	安い死亡保険が見つかる
unacceptable	東京の築40年一戸建て売却売却のご相談・査定でギフト券1万円分プレゼント
unacceptable	2022年版教育資金保険べき
acceptable	ガスコンロの分解クリーニング/台所そうじにお困りのあなたへ
unacceptable	ナンバーレスカード
acceptable	初心者必見ノーコードアプリ作成
acceptable	ハイゼットジャンボの中古車探し
unacceptable	個人事業主は金融機関からの個人事業主アイフルコチラ。法人・個人事業主向けのビジネスローン！
unacceptable	結婚式場なら東京會舘。東京・丸の内にあり続ける、人生に寄り添う「迎賓の場所」。
acceptable	公式hp おそうじ本舗
unacceptable	【公式】CHINTAI／賃貸新潟物件
unacceptable	楽天クレジットカード VISA入会&ご利用で5,000ポイントプレゼント・100円につき1ポイント貯まる!
unacceptable	譲渡費用なら
unacceptable	貯蓄型生命保険祝い金
acceptable	掃除のプロが家庭を訪問!?おそうじ本舗のフランチャイズで独立・開業・起業|ハウスクリーニングのおそうじ本舗おそうじ本舗のフランチャイズはサポート・研修体制が充実。ハウスクリーニング業界未経験でも安心・安定して独立・開業・起業!
unacceptable	オフィス賃貸料の相場を確認
unacceptable	楽天etcカード口コミがとにかく貯まりやすい！コンビニやスーパーでのご利用でザクザク貯まる
acceptable	防犯カメラ設置でお悩みの方へ
acceptable	掃除の本舗」「おそうじ本舗」のfcで独立
unacceptable	【矢幅】賃貸マンション・アパート・一戸建ての物件掲載数が豊富。岩手県の物件多数掲載。
acceptable	ネットで完結する車購入サービス
acceptable	掃除のプロ」を開業を。ご家庭・店舗/オフィスのあらゆる箇所を掃除のプロが徹底的に汚れを除去。まずは無料で訪問・お見積りいたします。
unacceptable	岡山の一人暮らし賃貸物件
unacceptable	20代~50代以上の人が気になった保険をチェック!相談やコーピーカードオンラインで無料相談
acceptable	メディケア生命の医療保険
acceptable	楽天クレジット/カード申し込み
acceptable	お掃除代行サービス
acceptable	ミニ中古／カーセンサー
acceptable	オリックスマネーはお借り入れ・ご返済サポートで初めての方も・その決断に新しい追い風を。
unacceptable	病院内のお仕事探しは、看護師転職専門の求人サイトが断然おすすめ!詳細条件で検索可能
unacceptable	【公式】の賃貸稲毛
acceptable	≪全国対応≫水漏れ・漏水でお困りですか?最大5名のプロから比較検討できる。
unacceptable	高知でお部屋探しをご検討中の方へ!賃貸マンション・アパート・一戸建ての物件掲載数が豊富。
unacceptable	敷金礼金ゼロの物件あり／家賃相場・学校名で南陽市アパート：ライフスタイルに合ったお部屋探し
acceptable	洗濯槽クリーニングならおそうじ本舗
unacceptable	あなたにピッタリの好条件介護ワーカー口コミがの中からあなたに合った求人をご提案します！
acceptable	上質なオンライン保険相談とは？
acceptable	全国の床リフォーム業者が登録。最大5社から届く見積もりを比較して、オトクに依頼しよう。
acceptable	東松山市の賃貸アパート情報
acceptable	赤ちゃん撮影の衣装も多数ご用意!赤ちゃんもご家族もリラックスできるスタジオをご用意
unacceptable	フリーランスローン・こちら
acceptable	コープの換気扇掃除なら
unacceptable	出雲市の賃貸マンション情報!一人暮らしやペット可などのテーマから選べる理想のお部屋探し。
unacceptable	賃貸アパート 亀田
acceptable	店舗なしok/低資金から開業可能」や「最短14日間/集中研修できる」など、ご家庭・店舗の状況に合わせて通える学校を選択できます。
unacceptable	保険相談のお申込ページ
acceptable	動画制作・編集の会社を探す
acceptable	サンワダイレクト本店
acceptable	浴室（風呂釜）の追い焚き配管除菌クリーニング
acceptable	医療保険の保険料を簡単比較
unacceptable	すぐに運転資金・資金調達が必要な方。法人ビジネスローン消費者金融最短1営業日で取引可能
acceptable	スペーシア ギアの中古車探し
unacceptable	東京の秋葉原駅マンション売却売却のご相談・査定でギフト券1万円分プレゼント
acceptable	オリックスマネーならWEBでカンタン申込み!オリックス・クレジットのマネーサービス
unacceptable	入院+保険でこんなに安い?
unacceptable	東京の様々なエリアに多様なスペックのオフィスビル賃貸にやさしい安心安全なオフィスビルづくり
acceptable	簡単にアプリ化。要件定義も支援
acceptable	大手だから安心／エアコン掃除代行
acceptable	【2022年】老後の資金で一覧比較
acceptable	大型家具や電化製品の運搬
unacceptable	20代~50代死亡保障安いのから、いつまで受け取るかで保険をチェック!相談や見直しなら保険市場へ
acceptable	はじめてのお宮参り写真は一生の思い出に。衣装も充実！初めてでも安心お任せ！
acceptable	【庄原】賃貸・アパートを検索
unacceptable	エトヴォス/公式通販サイト
unacceptable	医療保険の保険料を一括見積もり
unacceptable	万一の時に備え、病気などを手厚く保障63歳死亡保険。検査、通院費、介護費に備えておきたい。
acceptable	オリックスの終身保険ライズ
unacceptable	エトヴォス/クリームファンデ
acceptable	ベランダ掃除業者のおすすめ
unacceptable	人気の生命保険【シュミレーション】国内最大級の保険比較サイト≪保険市場≫
acceptable	お掃除が大変な箇所もプロが徹底洗浄
acceptable	即日融資も可能・WEB完結スピード申込OK・銀行おまとめローン多数・低金利に借入
unacceptable	住友不動産注文住宅坪単価募集中
acceptable	唐津市の賃貸物件
unacceptable	全国のプロが登録。最大5社から届く見積もりを比較して、オトクに依頼しよう。
unacceptable	保険市場が保険相談キャンペーンを実施。オンラインでも来店でももれなくプレゼント。
unacceptable	東京住友不動産神田
unacceptable	エトヴォスのファンデーション色
acceptable	ヒヤマケンタロウの妊娠漫画読み
unacceptable	定期死亡保険の人気TOP5を
acceptable	【公式サイト】ジョブメドレー
acceptable	掃除のプロが家庭を徹底掃除!
unacceptable	オリックスライズ（公式）
acceptable	住友不動産麹町店
acceptable	公式／楽天ピンクカード男申し込みがカンタン！免許証・印鑑不要。審査完了後に約1週間で届く
unacceptable	賃貸川口情報賃貸物件
unacceptable	【公式】ゼクシィカウンター銀座
acceptable	充実の設備／災害対策／24時間直接管理など魅力的なオフィスビル多数
acceptable	【下松市】賃貸・アパートを検索
unacceptable	ノートeパワー中古車で
unacceptable	三重県伊勢市賃貸あり
unacceptable	1010101010パソコンデスクラック
unacceptable	【Saison クレジット】充実したショッピングサービスでより快適な生活を求めるあなたをサポート
unacceptable	【公式】オリックス緩和医療
acceptable	長野市の賃貸物件情報サイト・一人暮らしやペット可などのテーマから選べる理想のお部屋探し。
acceptable	掃除のプロが解決!おそうじ本舗のフランチャイズ
acceptable	ガス料金の単価をチェック
acceptable	グループホームの求人、転職なら介護ワーカー。専任のアドバイザーがぴったりの求人をご紹介。
acceptable	中古車情報／タント
acceptable	毎日豊富な新着賃貸物件を更新中
unacceptable	公式オンラインエトヴォスロフト
unacceptable	≪公式≫ミツモアなら最大0名のシロアリ検査費用・帰化手続きの行政書士探しはミツモアで決まり
unacceptable	安曇野市の賃貸物件情報・賃貸マンション・アパート・一戸建ての物件掲載数が豊富。
acceptable	基本の保障(主契約)はお客さまのニーズに合わせて、自由にカスタマイズ可能。
unacceptable	就労支援・就労支援の求人情報・専任のアドバイザーがあなたの転職をお手伝いします
unacceptable	《佐賀市マンション》公式サイト
unacceptable	もっと詳しく
acceptable	清掃会社で独立・開業するなら
acceptable	洗濯槽クリーニングなら
unacceptable	結婚式場 新宿
unacceptable	ネットでカンタン資料請求＆お申込み！オリックス医療保険商品・保険料のチェックはコチラから
acceptable	仙台市太白区/写真館
unacceptable	楽天楽天カードマイナポイントがいっぱいのカード。街でのご利用から公共料金のお支払いまで。
unacceptable	ご加入1年目から入院一時金保険
unacceptable	楽天ETCカードの作り方。ポイントはコンビニやスーパーでのお支払いにも使える
unacceptable	車のリースより個人事業主向け
acceptable	【個人年金保険】おすすめ4選
acceptable	全国対応のヘルパーとはをお探しします。また働いている方の声や職場の雰囲気もお伝え可能
acceptable	新築住友不動産二世帯住宅
unacceptable	楽天プレミアムカードなら新規入会&ご利用で13000ポイントプレゼント・券面デザインが選べる
acceptable	おそうじ本舗」のフランチャイズオーナー募集
acceptable	【リクナビ派遣】派遣の仕事探し
unacceptable	生命保険の部 定期保険総合 5年連続第1位(2017年版〜2021年版・保険種類別申込件数)
acceptable	通院していても入れる保険紹介
unacceptable	楽天カード楽天カードetcキャンペーン引き落とし口座を分けられる。用途に応じて賢く使い分け！
acceptable	掃除の会社で独立するなら
acceptable	注文住友不動産標準仕様キッチン
acceptable	【保険市場】年齢、性別を入力するだけで各社の医療保険の保険料を簡単比較。
unacceptable	蛇口・浄水器取り付け工事専門店
acceptable	結婚式エンドロールの業者なら
acceptable	介護職専門の転職支援サイト
unacceptable	【年会費永年無料】楽天カード
acceptable	すぐに働けるバイト情報掲載。利用歴に応じて付与されるEXPでグレード特典を手に入れよう！
acceptable	≪依頼者1,500,000人突破≫
acceptable	掃除のプロが家庭や店舗を掃除のプロに!
unacceptable	初期費用の問い合わせもカンタン・ライフスタイルを豊かにする大船賃貸サイトCHINTAI。
unacceptable	人気のバイトが即日融資可能!テレビCMで話題「今日なんにもやってないじゃん…私。
acceptable	【カーセンサー】公式サイト
unacceptable	広島県の賃貸アパート／東城賃貸
acceptable	約100種の条件からあなたにマッチした長崎市の賃貸アパートを選べる・【更新頻度最短5分】
unacceptable	来店不要。WEBで車の購入とローンの審査申込が完結するリクルート提供の「カーリース任意保険」
unacceptable	働きバイト短期時に働けて、すぐにお金がもらえるスキマバイトサービス／Timee(タイミー)
acceptable	ラシーンの中古車探し
unacceptable	オリックス生命見積もりPlus
unacceptable	約100種の条件からあなたにマッチした伊勢市の賃貸マンションを選べる・【更新頻度最短5分】
unacceptable	【2022年】iryouランキング
acceptable	ハウスクリーニング」を検索/絞込条件を変更しておそうじ本舗を検索してください。おそうじ本舗があなたにぴったりのお掃除代行をご紹介します。
unacceptable	石川でお部屋探しをご検討中の方へ!賃貸マンション・アパート・一戸建ての物件掲載数が豊富。
acceptable	ネットで動画を観るならスカパーのspoox。アニメ、映画、ドラマなど見たい作品が見放題!
unacceptable	死亡保障付き/持病あり
acceptable	60秒簡単お問合せ
acceptable	【事業者向け】最短即日融資もOK
acceptable	【稲沢】介護求人情報
acceptable	あなたの保険料はどのくらい?比べてください、メディケア生命保険のお手頃な保険料!
acceptable	【全国対応】クマネズミ駆除
acceptable	国内最大級の保険比較サイト≪保険市場≫人気の保険を一括比較＆資料請求。
unacceptable	【1日3粒】8週間で睡眠の質改善
unacceptable	呉市の賃貸物件情報サイト・更新頻度最短5分・駅近物件で快適な生活を送りたい！
acceptable	【倉敷】賃貸・アパートを検索
acceptable	【定期死亡保険】おすすめ死亡保険ネット保険をランキング。年齢と性別を入力して保険料比較も。
unacceptable	お客様満足度97.9%。ネット環境があればアプリのダウンロードsbアイ保険からないを一緒に解決
unacceptable	太宰府土地価格なら
unacceptable	はじめてのお客様専用
acceptable	掃除のプロが家庭の汚れを徹底的に解決!
acceptable	週1日勤務など、あなたの希望に合ったバイト求人情報をご紹介。即日即金／振り込み手数料¥0！
unacceptable	愛媛県西条市の新築戸建て情報はこちらから・毎日豊富な新着物件を様々な条件で探せる。
acceptable	毎月の受取りにかえて一括受取も選べます。インターネットでのお申込みなら医師による診査不要。
unacceptable	入院・通院・在宅療養など、特約追加で様々ながん治療に備えられる／気になる保険料をチェック！
acceptable	おそうじ本舗」とは安心と信頼の実績
acceptable	人気の医療保険top3を発表
acceptable	【みずほ銀行】カードローン申込
unacceptable	掛け金0円で、死亡保険の保険料がお手頃です。国内最大級の保険比較サイト≪保険市場≫
acceptable	最大５社からすぐ見積もりが届く。料金や口コミを比較。チャットで事前に相談もできます。
unacceptable	公式オンラインストア
unacceptable	ケアマネの求人情報がザクザクみつかる!また転職サポートを使えばスムーズに転職ができます。
acceptable	【東京會舘】の情報なら
acceptable	掃除のプロがフランチャイズで独立開業|ハウスクリーニングのおそうじ本舗おそうじ本舗のフランチャイズはサポート・研修体制が充実。ハウスクリーニング業界未経験でも安心・安定して独立・開業・起業!
unacceptable	オリックス告知書商品一覧
unacceptable	生命保険を保険料で比較。あなたに合った保険を探すなら、お客様満足97％の【保険市場】
acceptable	掃除のプロが自宅で開業!
unacceptable	死亡保障安い
acceptable	鳥取の物件多数掲載。ライフスタイルを豊かにする情報や最新の賃貸物件を多数ご用意
unacceptable	高松サ高住夜勤求人
acceptable	水漏れ修理の業者を比較
unacceptable	ワンダイレクトから入るべき
acceptable	フローリング掃除の業者をお探しなら
acceptable	エクストレイルの中古車探し
unacceptable	年代別の63歳死亡保険の病気などを手厚く保障いたします!女性保険の相談や見直しなら保険市場へ
acceptable	bmw X1の中古車探し・プロの第三者機関が見極めた‐安心のカーセンサー認定車を多数掲載です！
unacceptable	18歳医療保険貯蓄型Plus
acceptable	下関市の賃貸物件情報サイト・一人暮らしやペット可などのテーマから選べる理想のお部屋探し。
unacceptable	更新頻度最短5分・様々な検索方法で自分に合った物件を・エリア天理賃貸こだわりテーマから検索
acceptable	自営業とは?
acceptable	【豊橋】デイサービスの求人情報
acceptable	敷金・礼金0、プロの技術で退去後のハウスクリーニングはプロにお任せ!
unacceptable	賃貸オフィス・アパート・住宅など不動産物件の部屋の耐震診断。
acceptable	ラノベなど人気電子書籍が充実ギャラリーフェイク漫画無料で試し読み！人気少年・青年漫画が充実
acceptable	【公式】タイミー/タイミー
acceptable	ミラジーノの中古車探し
unacceptable	障害明石老人ホーム求人熊本市
acceptable	【脳はあなたの司令塔。大事にメンテナンス】公式サントリーSUNTORY・オメガエイド
acceptable	料金や費用のご相談も可能
acceptable	老後に必要な資金はいくら必要？
unacceptable	向け賃貸大村市賃貸マンション
unacceptable	エトヴォスetvosスターター
acceptable	おすすめ業者12選/価格満足度92%
acceptable	≪見積もり無料≫フローリング/床のリフォームをお考えですか 条件に合うプロから見積もりが届く
unacceptable	水道水漏れの料金プランを比較
unacceptable	初期費用の問い合わせもカンタン・ライフスタイルを豊かにする敦賀市賃貸サイトCHINTAI。
acceptable	楽天ETCカードのお申し込みはこちら・通行料金100円につき1ポイント貯まる
unacceptable	面接や登録会、履歴書は必要なし。条件を満たタイミーコールセンターていればすぐ働けます。
acceptable	部屋のお掃除・クリーニングなら
unacceptable	生命保険終身60歳の積立て
acceptable	日本全国で幅広く募集中/短期もokな高時給リゾートバイトnet満喫
unacceptable	【個人事業主】個人事業ローン
acceptable	【公式】鳥取ガス
acceptable	おそうじ本舗」ブランドで展開中のおそうじ本舗。全国で展開中!
unacceptable	子どもの持病保険もご紹介
acceptable	おしゃれなテレビ台・テレビボードが充実の品ぞろえ。会員ランクに応じてポイント獲得がお得に。
acceptable	プログラミング不要のアプリ作成
unacceptable	即入居可・賃貸マンション岐阜
acceptable	浴室掃除はプロにお任せ
unacceptable	介護職への転職を無料でサポート
unacceptable	【定期死亡保険】生命保険一覧の定期死亡保険をランキング。年齢と性別を入力して保険料比較も。
unacceptable	【公式】MUJIセゾンカード
unacceptable	県民共済は持病があっても入れる死亡保険。国内最大級の保険比較サイト≪保険市場≫
acceptable	掃除のプロが独立・開業!必要なスキルは人生経験だけ。
unacceptable	中古車リース任意保険に乗れる
acceptable	学生専用／楽天学生カード
unacceptable	すみふれオフィスで結婚式をご検討中の方へ!東京の様々なエリアに多様なスペックのビルを展開。
unacceptable	ケア介護ワーカーとは求人
unacceptable	中古マンション売却なら
acceptable	【ファインセーブ保険】医療保険
unacceptable	【医療保険】キュア・ネクスト
unacceptable	生命保険の必要性
unacceptable	【Saison プラチナビジネス】実用性とグレードを兼ね備えたビジネスカード
acceptable	公式通販サイトはこちら
unacceptable	1楽天etcカード支払い
unacceptable	老後資金を無理なく積み立てたい方へ。保険料シミュレーションで月払保険料がいくらか分かる
unacceptable	貯蓄性のある生命保険を探すなら・20代〜50代以上に人気のある保険をランキング別に徹底比較!
unacceptable	新規入会＆利用1
unacceptable	初期費用の問い合わせもカンタン・ライフスタイルを豊かにする秋田賃貸サイトCHINTAI。
acceptable	廿日市市の賃貸物件情報サイト・一人暮らしやペット可などのテーマから選べる理想のお部屋探し。
acceptable	ポスター・チラシ制作を依頼する
acceptable	看護師・准看護師の求人情報・メール会員限定：希望条件に合った求人情報を優先的にご案内。
acceptable	賃貸住宅・福山市の物件探し
acceptable	脱サラ」や「独立・開業」など、新しい仕事の形
unacceptable	≪簡単3ステップ≫無料チャットで条件や害獣駆除ネズミ・口コミを見て信頼できるプロを選べる。
unacceptable	化粧水・乳液状美容液で簡単2stepケア。乾燥、小ジワ、尽きない女性のおブライトエイジの悩みへ
unacceptable	福井市の新築戸建て情報はこちらから・毎日豊富な新着物件を様々な条件で探せる。
unacceptable	奈良の賃貸マンション情報を今すぐチェック!毎日豊富な新着物件を様々な条件で探せる。
acceptable	【SUBARU中古車】すべて見る
unacceptable	【公式】スマホで香川県賃貸公式
acceptable	【明石】デイサービスの求人情報
unacceptable	コレステロールを下げるサプリに
acceptable	ゼクシィでブライダルフェア。挙式のみ・プライベート感のある会場など情報満載
acceptable	死亡保険どこが一番お得なの?
acceptable	【足利市】賃貸・アパートを検索
unacceptable	パンフレット進呈！住友不動産BCPに巨大イベント空間誕生。スポーツなど多彩なイベントに対応。
acceptable	賃貸アパート検索も【chintai】
unacceptable	東京校・専門学校の資料請求
unacceptable	個人年金保険を保険料で比較。あなたにあった個人年金保険を探すなら【保険市場】
acceptable	ZEH住友不動産内装
unacceptable	老後資金を無理なく積み立てたい方へ。保険の保険料を簡単がん保険安いところはチャットで相談。
unacceptable	63歳医療保険がん保険
acceptable	ミニ探しなら【カーセンサー】
unacceptable	「担当者のサポート力」ゼクシィ相談カウンターみなとみらいしよう。Web予約はこちらから。
acceptable	50代におすすめの終身保険
acceptable	学資保険どれが一番お得なの？
acceptable	台所の嫌なぬめりを徹底除去
unacceptable	ビジネスアイフル自営業したい
acceptable	【公式】Timee／単発バイト募集
acceptable	ドラム式洗濯機でもクリーニング可能
unacceptable	浴室水栓交換まで
acceptable	終身保険ライズ／RISE
unacceptable	全国の草むしり業者、芝刈り、家具の組立てまで何でもござれ!面倒事はプロに任せて一気に解決。
unacceptable	jaがくしほけん/公式通販
acceptable	掃除が仕事」のフランチャイズ
unacceptable	ゼクシィ カウンター 広島で結婚式をご検討中の方へ!特典付き紹介会場数多数。
unacceptable	5社577歳でも入れる死亡保険
unacceptable	ブライトエイジの評判は?
unacceptable	50代以上の保険市場オンラインが気になったシニア保険をチェック!相談や見直しなら保険市場へ
acceptable	契約年齢：20歳～65歳
acceptable	個人事業主でも最短即日融資が可能!個人向けのローンならアイフルビジネスファイナンス
acceptable	しつこいシンクや蛇口の水アカも
unacceptable	学資保険月々5000円ゆうちょは
unacceptable	【ゼクシー】ゼクシィなら、結婚式場決め手のポイントや利用した感想、式場写真など情報が満載。
acceptable	ゼクシィで結婚式をご検討中の方へ!式場の見学予約・ブライダルフェアの予約はこちら。
acceptable	エアコンのにおいが気になる方へ
unacceptable	アイフル事業主は金融機関からの融資が困難?原則、無担保・無保証で事業資金を借入れできる
acceptable	ハイエースの中古車探し
unacceptable	「週空いた時間にバイト」
unacceptable	20代医療保険：公式サイト
unacceptable	2022年1年定期保険?
acceptable	【保険料シミュレーション】
acceptable	洗面台水漏れ修理/料金
acceptable	スピーディーな事故対応力
unacceptable	学生向け賃貸静岡賃貸も多数
acceptable	全国の中古車情報が検索できる
acceptable	カウンターキッチン付き賃貸物件
acceptable	生命保険ならオリックス生命
acceptable	生命保険会社をお探しの方へ
acceptable	静岡県の賃貸物件情報サイト・一人暮らしやペット可などのテーマから選べる理想のお部屋探し。
acceptable	新潟県の賃貸物件情報サイト・賃貸マンション・アパート・一戸建ての物件掲載数が豊富。
acceptable	看護師・准看護師の求人情報・高給与、土日休み、賞与年3回など条件に合わせた求人情報多数。
acceptable	レンジフードクリーニングなら
unacceptable	約100種の条件からあなたにマッチした伊予市の賃貸アパートを選べる・賃貸情報サイト CHINTAI。
unacceptable	(iPhoneSE アクセサリー)・スタンド／充電器など、スマホのアクセサリーを多数取り揃え
unacceptable	保険市場おすすめの保険をランキング。年齢と性別を入力して保険料比較も。
acceptable	個人年金保険最新ランキング
unacceptable	老後に必要な資金を今から蓄えるなら個人年金保険がおすすめ。保険比較のことなら保険市場！
unacceptable	セゾンプラチナはビジネスのパートナーに。自動マイル移行サービスも無料。
acceptable	岩国市の新着アパート情報を毎日更新!賃貸マンション・アパート・一戸建ての物件掲載数が豊富。
acceptable	【おそうじ本舗】公式通販
acceptable	綺麗な台所で気持ちよくお料理を
acceptable	おそうじ本舗」「安心」「安全」を手に入れて独立・開業・起業!
acceptable	約90%が学ぶ習慣の定着を実感
acceptable	クレジットカード楽天永年無料
unacceptable	山梨県賃貸物件情報アパート情報
acceptable	掃除のプロが売上2倍アップ」「お掃除業者のフランチャイズで独立・開業・起業|ハウスクリーニングのおそうじ本舗おそうじ本舗のフランチャイズはサポート・研修体制が充実。ハウスクリーニング業界未経験でも安心・安定して独立・開業・起業!
unacceptable	持病があっても入れる 保険
unacceptable	【公式】Timee／CM放映中！すきな時間、すきな場所、スキマバイト広島。最短1時間で働ける！
acceptable	スイフトの中古車探し
acceptable	【学資保険】いざというときに困らないように備えよう。保険の比較なら保険市場へ
acceptable	死亡保険はどこが一番お得?
unacceptable	【長崎県大村市】賃貸アパート
acceptable	【保険市場】おすすめの死亡保険を比較。保険をランキング。年齢と性別を入力して保険料比較も。
acceptable	【諏訪市】賃貸アパート情報
unacceptable	個人事業主アイフル事業者
unacceptable	≪価格満足度92%≫最大0名のテレビ配線の工事のプロからの見積もりをシロアリ検査費用できる
acceptable	// ハウスクリーニング・お掃除のことならおそうじ本舗
acceptable	【公式】三井ダイレクト損保
acceptable	キッチン排水口元のつまりを解消
acceptable	掃除のプロが専門機材を使用し、スピーディーかつ丁寧に汚れを落とします。
unacceptable	ETCカードをお持ちなら楽天カードへ。コンビニやスーパーでのご利用でザクザク貯まる
acceptable	山梨市の賃貸物件情報サイト・賃貸マンション・アパート・一戸建ての物件掲載数が豊富。
unacceptable	テラス下目黒売買査定
acceptable	キッチンクリーニング
unacceptable	即入居可・アパート山口市
unacceptable	松戸不動産売却で住宅住友不動産販売【公式】
acceptable	キャンバスの中古車探し
unacceptable	賃貸アパート 伊勢市
acceptable	【死亡保険】いざというときに困ら年金jaをランキング別に徹底比較！葬儀保険の比較なら保険市場
acceptable	ゼクシィ東京會舘で結婚式をご検討中の方へ!幸せが動き出したら、ゼクシィ！
unacceptable	アイフルビジネスローン
acceptable	ハウスクリーニングで独立・開業・起業｜ハウスクリーニングのおそうじ本舗おそうじ本舗のフランチャイズはサポート・研修体制が充実。ハウスクリーニング業界未経験でも安心・安定して独立・開業・起業！
acceptable	中古車探しなら【カーセンサー】
acceptable	サッシクリーニングなら
unacceptable	スキマバイト広島
acceptable	はじめての自動車保険は手続き簡単＆保険料がお得なダイレクト型に。切り替えの方も！
acceptable	ピンクのクレジットカードでお買い物を楽しく！楽天グループ優待サービスでもっとお得に
acceptable	キッチン水栓の交換業者なら
acceptable	【湖南】賃貸・アパートを検索
unacceptable	熊本市南区アパートの物件
unacceptable	寒い季節にスズメバチの巣の日には洗濯物の乾燥機能が大活躍。便利な機能で生活をもっと快適に。
acceptable	ご依頼者1,500,000人突破!最大5名の鍵交換・紛失・修理のプロから見積もりが届く。
acceptable	【明石】介護求人情報
unacceptable	東京の不動産をちんたいするならカウカモ！プロが不動産売却をエスコートします
unacceptable	ブライダル写真のみ
acceptable	綺麗な空気をいつでも吸えるように。おそうじ本舗のエアコンクリーニング完全分解洗浄
acceptable	公式サイト
unacceptable	【公式】介護ワーカー：介護の生活支援員持ちの方必見。プロがあなたの転職活動を徹底サポート
acceptable	セットメニューがお得
acceptable	年会費永年無料の楽天マイナポイント楽天限定！好みに合わせて付帯サービスをカスタマイズできる
acceptable	掃除のプロ」を育てる
acceptable	秋田市の賃貸物件情報サイト・一人暮らしやペット可などのテーマから選べる理想のお部屋探し。
unacceptable	【公式】タイミー/タイミー
unacceptable	個人事業主アイフル向けローン
acceptable	フローリングリフォーム/見積もり
acceptable	ディサービスの求人情報がザクザクみつかる!給与・休暇に妥協をしない転職なら
unacceptable	楽天カードでTポイント貯まる
acceptable	チラシデザイン・チラシ印刷
unacceptable	【ETOVOS公式】肌にエトボスファンデ使い心地で、思わず毎日使いたくなるエトヴォスのスキンケア
acceptable	タブレット学習で中学校入学準備
acceptable	単発・未経験OK・完全在宅・フルリモートのバイト求人も多数・即日即金／振り込み手数料¥0！
acceptable	掃除のプロがフランチャイズで独立・開業・起業|ハウスクリーニングのおそうじ本舗おそうじ本舗のフランチャイズはサポート・研修体制が充実。ハウスクリーニング業界未経験でも安心・安定して独立・開業・起業!
acceptable	定期保険ファインセーブお申込み
unacceptable	（公式）法人キャッシング
acceptable	鳥取の賃貸物件情報を今すぐCHECK!賃貸マンション・アパート・一戸建ての物件掲載数が豊富。
acceptable	日々の清掃が楽になるプロの掃除
acceptable	おそうじ本舗/全国加盟店募集中
unacceptable	宣材・のつまりたら
unacceptable	新規個人事業主貸付
unacceptable	保険市場おすすめの定期死亡保険
unacceptable	≪依頼者120万人突破≫部屋の間仕切りなどをご草取り値段ですか?2分の操作で依頼が出せます。
unacceptable	全国の草刈り業者が登録。条件に合った草刈り・芝刈り・除草(機械刈り)をおトクに依頼。
unacceptable	お近くの排水管洗浄
acceptable	立合い床修理費用
unacceptable	秋田市賃貸で簡単。
unacceptable	【企業向け】リクルートダイレクトスカウト／時間と初期費用をかけずに即戦力人材と出会える
unacceptable	オフィスビルのESG
acceptable	水回りのクリーニングは
unacceptable	学生etcカード楽天発行期間
acceptable	質の高いサービス」「分かりやすい説明」
unacceptable	東京の自宅の査定のご相談・査定でギフト券1万円分プレゼント
unacceptable	車のサブスクがこんなに安い
acceptable	安定経営のおそうじ本舗
unacceptable	ナイトミンがEX公式
unacceptable	最大5社を比較できるからおトク
unacceptable	死亡保険オリックス生命ログイン
unacceptable	入院や手術を繰り返した場合も安心！保険のきかない先進医療も通算6.6おすすめ終身保険まで保障
acceptable	今すぐお見積り・資料請求
acceptable	掃除のプロが開業をサポート!
unacceptable	尼崎の介護求人がザクザクみつかる!また転職サポートを使えばスムーズに転職ができます。
unacceptable	マンションネズミ撃退法会社
acceptable	ミニの中古車探し
unacceptable	津山市の賃貸物件情報・一人暮らしやペット可などのテーマから選べる理想のお部屋探し。
unacceptable	来店不要。WEBで車の購入とローンの審査申込が完結するリクルート提供の「直売カーセンサー」
acceptable	暮らしやカーライフに便利な特典
acceptable	iOS・Android同時リリース可能。運営・分析も管理画面でらくらく！自社アプリで課題を解決
acceptable	東京住友不動産芝公園
unacceptable	【公式】島原アパート
unacceptable	オリックス生命のオリックス生命ログイン保険期間6年で6万円保障／まずは保険料シミュレーション
unacceptable	結婚式場相談カウンター 横浜で結婚式をご検討中の方へ!無料相談はこちらから。
acceptable	短期でもOKな短期バイトも。スキマ時間にすぐ働けてすぐお金がもらえる！
acceptable	自動車任意保険の等級引継ぎで保険料を安く抑えよう・ネットで24時間無料お見積もりが可能です。
unacceptable	葬儀収入保障定期保険どちら相談
acceptable	オリックスクレジットのカードローンは最短即日融資も可能!《2022年 ノンバンクカードローン
unacceptable	etc申し込み楽天はポイントがとにかく貯まりやすい！コンビニやスーパーでのご利用でザクザク
unacceptable	楽天etcカード口コミ貯まる
unacceptable	賃貸情報なら【千葉】
acceptable	【大和郡山市】賃貸アパート情報
acceptable	【デスク机ラック直営】本店通販サイト／オフィスアイテム多数取揃え！15時までの注文で即日出荷
unacceptable	認知症保険はがん保険安いところイベントごとに見直そう。保障内容・保障期間で保険を比較できる
acceptable	エアコンをキレイに!【安心安全】感染症対策を徹底しております。
acceptable	持病のある死亡緩和型医療保険
acceptable	【公式】机ラックデスク
acceptable	ハウスクリーニングの求人募集もFC本部が協力
unacceptable	2022年国保と社保の違い?
unacceptable	全国対応の介護職専門の転職支援サイト【介護ワーカー】。兵庫県介護求人こそ転職したいあなたへ
unacceptable	楽天カードetc即日発行登場
acceptable	個人年金保険どこが一番お得なの?
acceptable	結婚式準備の相談はこちらから
unacceptable	楽天カードとピンクカードの違い
acceptable	【公式】Timee／タイミー日雇い
acceptable	脱サラ」「独立・開業」のフランチャイズはサポート・研修体制が充実。ハウスクリーニング業界未経験でも安心・安定して独立・開業・起業!
unacceptable	【車の車リース】新車に乗れる
acceptable	安心と信頼の実績
unacceptable	生協の学資保険をご検討中の方へ・いざというときに困らないように備えよう。
acceptable	ミツモアで家具運搬
unacceptable	112歳女性の場合の保険料／お手頃な保険料の医療保険。保険料は一生涯あがりませ通院が出る保険
unacceptable	オリックス新キュアサポート
acceptable	永年無料／楽天カード
acceptable	おそうじ本舗」のフランチャイズが全国で展開中!ご家庭・店舗/オフィスのあらゆる箇所を掃除のプロが徹底的に汚れを除去。まずは無料で訪問・お見積りいたします。
acceptable	シミュレーションでアナタの保険料の見積り比較が可能。お得な保険がひと目で分かる/コチラから
acceptable	一時払込終身保険／公式サイト
acceptable	掃除のプロ」が教える!おそうじ本舗の掃除術
acceptable	【資料請求】終身保険ライズ
unacceptable	【公式】Timee仙台日払いバイト
unacceptable	一生に一度の成人式。プロに一度の成人式。プロに頼めば大切な作業はプロにネズミ退治ください。
acceptable	掃除のプロが家庭を訪問。普段の掃除では手の届かない所にこびりついた汚れを徹底洗浄します。
acceptable	掃除のプロが安心安全にハウスクリーニング/
unacceptable	事務所用ESGの専用ホームページ
acceptable	がんを含む七オリックス生命死亡保険200万円万一のことがあった場合のこと、考えてみませんか？
unacceptable	敷金礼金ゼロの物件あり／家賃相場・学校名で検索：ライフスタイルに合った物件探羽島市アパート
unacceptable	【24時間ご依頼可能】気になったタイミングでいつでもご利用い蛇口の取り付け方はプロに依頼。
acceptable	【超注文住宅】体感フェア開催中
unacceptable	「週須賀川単発バイト」
unacceptable	結婚式場相談カウンター 横浜で結婚式をご検討中の方へ!特典付き紹介会場数多数。
acceptable	マウス／増設メモリ／USBケーブルなど、オフィスアイテム多数取揃え！15時までの注文で即日出荷
acceptable	掃除の会社を独立開業|ハウスクリーニングのおそうじ本舗おそうじ本舗のフランチャイズはサポート・研修体制が充実。ハウスクリーニング業界未経験でも安心・安定して独立・開業・起業!
acceptable	【公式】三菱ＵＦＪ銀行カードローン、24時間いつでもネットでお申込可能
unacceptable	【ライズ】教育資金・豊かなセカンドライフ・葬儀費用・お墓代などに…
acceptable	浴室(風呂釜)の追い焚き配管除菌クリーニング浴室だけでなく追い焚き配管もキレイにして、気持ち良く入浴を楽しみましょう♪
acceptable	富山市の物件多数掲載。ライフスタイルを豊かにする情報や最新の賃貸物件を多数ご用意！
acceptable	掃除のプロが家庭をキレイに!おそうじ本舗の説明会は、地域や年代に応じたケースの事例をご紹介。
unacceptable	女性目線で造られたスタジオは、清潔感とお洒落な雰囲気が人気！気分が上がる小山ヨガです。
unacceptable	女性t&dフィナンシャル生命が知りたい方必見！保険市場ならお手元のスマホやPCで比較が可能
acceptable	結婚なら【ゼクシィ公式サイト】
acceptable	大手だから安心／換気扇掃除代行
acceptable	結婚式場探しなら【ゼクシィ】
acceptable	人気の葬儀保険を一括比較&資料請求。葬儀保険の相談、保険選びは保険市場!
acceptable	エアコンクリーニングなら
acceptable	水回りのつまりを修理
acceptable	排水管洗浄の業者をお探しなら
unacceptable	東京オフィスビル賃貸
unacceptable	結婚式場・結婚式場相談ならお任せください!あなただけの理想の結婚式をお得に探そう。
unacceptable	不動産売却ならカウカモ！あなたの家の査定のライターが取材／その魅力をアピールします
acceptable	掃除のプロが店舗の掃除を代行!
unacceptable	（オリックス生命）持病のある方や、6歳までのご高齢の方も申込める生命保険・医療保険をご用意
unacceptable	約100種の条件からあなたにマッチした小松市の賃貸アパートを選べる・賃貸情報サイト CHINTAI。
unacceptable	保エトヴォスパウダーファンデ
unacceptable	楽天etcカード口コミコチラ
acceptable	《最新》ゼクシィなら結婚式場の情報満載！フェア見学で今ドキ演出を体験しよう／予約はこちら
acceptable	【公式】住友不動産オフィスビル
unacceptable	店舗葬儀保険ランキング一覧
unacceptable	専用／楽天カードアカデミー
unacceptable	宮崎の賃貸マンション情報を今すぐチェック!最新の空き状況や詳細情報がスマホで確認できる
acceptable	（オリックス生命）保険商品
acceptable	【新着】介護ワーカーの求人
unacceptable	【取引は全国のATMで利用可能】お悩み事業資金個人事業主。実績豊富な事業者ローンサービス
acceptable	おそうじ本舗」加盟店を全国で募集中!
acceptable	学生限定のサービスがいっぱいのカード日々楽天カードお得に作るは月々のお支払いにご利用可能！
unacceptable	20代~50代以上の人が気になって、エフコープ共済ように備えよう。保険の比較なら保険市場へ
unacceptable	新車サブスク新車リース
unacceptable	【銀行での融資をご検討の方必見】お申込みからご融資までご来店は不要。最短5営業日で取引可能
unacceptable	最大5社から見積もりがすぐ届く。ネズミ駆除の代行料金を比較できる。
acceptable	【スキマ】のバイトなら
acceptable	都内でオフィスを探すなら住友不動産。最新設備、免震、IT対応型などのハイスペックビル多数。
unacceptable	全国の清掃業者が登録。最大0社から届く見積もりをシロアリの駆除。ポートフォリオもチェック!
acceptable	宇都宮市の一人暮らし物件掲載数が豊富。女性の賃貸情報サイトならwoman.chintai
acceptable	埼玉県の賃貸物件情報サイト・一人暮らし向け、ペットと暮らせる物件を紹介。
unacceptable	楽天イーティーシーカードはお得なサービスで海外でも使える・ネットで簡単申し込み
acceptable	一般事務・受付・秘書の派遣求人・リクナビ派遣なら週3日可能な事務職が見つかる！
acceptable	【バイト1日体験】のバイトなら
unacceptable	鳥取ガスの株式会社情報
acceptable	クリアなガラスでお部屋が明るく。お掃除が楽になる機能が満載。
acceptable	お近くの鍵交換・紛失・修理
unacceptable	定期保険ファインセーブ、発進
acceptable	岐阜の賃貸物件情報サイト・賃貸マンション・アパート・一戸建ての物件掲載数が豊富。
acceptable	長野の物件多数掲載。一人暮らしやペット可などのテーマから選べる理想のお部屋探し。
acceptable	オリックス生命公式サイト
unacceptable	お楽天ピンクカード違いはこちら
unacceptable	働きすぐ働けるバイト時に働けて、すぐにお金がもらえるスキマバイトサービス／Timee(タイミー)
unacceptable	岩手県の熊本市アパート多数掲載。初期費用の問い合わせもカンタン！賃貸情報サイトCHINTAI。
unacceptable	初期費用の問い合わせもカンタン・ライフスタイルを豊かにする情報や最新知多市賃貸を多数ご用意
unacceptable	直売カーセンサーのカーリース
unacceptable	静岡県の物件多数掲載。初期費用の問い合わせもカンタン！高知賃貸安い情報サイトCHINTAI。
unacceptable	【公式】赤字決算融資
unacceptable	法人NPO法人pc専用
unacceptable	東京の不動産をカウカモ売却で全員に1万円分のギフト券プレゼント
unacceptable	【医療保険】キュア
unacceptable	【最新版】個人事業主
unacceptable	医療保険ランキング第1位は?
acceptable	メディケア生命の保険商品・保険料のチェックはコチラから・まずは無料で資料請求！
acceptable	水アカ除去&コーティング仕上げ
unacceptable	{location(city)}で
acceptable	【公式】アイフルビジネスローン
unacceptable	【ケアマネージャー仕事内容中】
unacceptable	保険相談Wキャンペーン実施中
acceptable	面倒なエアコンクリーニングはプロの技にお任せ!安心と信頼の実績【おそうじ本舗】でキレイに!
acceptable	掃除のプロ」が講師の会社なら安心/全国約1,701店舗展開中
acceptable	最短当日出荷・法人様も個人様もご登録可能！椅子・机などのオフィス用品やPC周辺機器など販売
unacceptable	介護職員初任者研修を働きながら学べる。専任のアドバイザーがあなたの転職をお手伝いします
unacceptable	お客様満足度97.9%。ネット環境があれ全労済入院給付金いくら。保険比較のことなら保険市場！
acceptable	クリーニングでキッチンをキレイに
unacceptable	配管の穴あけや流れ、排水管清掃業者札幌など、大変な作業はプロにお任せ。安全かつ手早く完了。
unacceptable	英文翻訳サービス年間ランキング
acceptable	全国対応の介護福祉士転職を毎日更新中！専任のアドバイザーがあなたの転職を徹底サポート
unacceptable	全車保証車で安心の車サブスク
unacceptable	楽天カードは様々な種類がご用意されています。自分にぴったりの「使い分け」を見つけよう！
unacceptable	ゼクシィがあなたにピッタリな結婚式場をご紹介!ブライダルフェアへ行くと結婚準備がグッと進む
acceptable	カードローン(キャッシング)
acceptable	新居浜の賃貸物件情報あり。ライフスタイルを豊かにする情報や最新の賃貸物件を多数ご用意
unacceptable	学生向け賃貸丹波市賃貸
unacceptable	鍵交換で会社に安心を
acceptable	掃除のプロが専用機材・洗剤を使用し、スピーディーかつ丁寧に汚れを落とします!
unacceptable	【エトヴォス神戸公式】肌に優しい使い心地で、思わず毎日使いたくなるエトヴォスのスキンケア
acceptable	家賃5万円以下の物件多数掲載
acceptable	選べるオプション(特約)
acceptable	ご希望の特注品も作成可能
acceptable	【公式】Timee／CM放映中！すきな時間、すきな場所、すぐ働けるバイト。最短1時間で働ける！
unacceptable	約100種の条件からあなたにマッチした金沢の賃貸アパートを選べる・【更新頻度最短5分】
unacceptable	内容証明ネズミ退治に効くもの
acceptable	【登戸】賃貸・アパートを検索
acceptable	店舗なしok/低資金から開業可能」をキャッチコピーに、安心と信頼の実績多数!全国約1,701店舗展開中!
unacceptable	全国対応介護ワーカー大阪転職サイト【介護ワーカー】。転職サポート登録で非公開求人もご紹介
unacceptable	スズメバチの巣の施工
acceptable	≪公式≫ミツモアで人探し値段
acceptable	お近くの介護施設を検索!年収400万円以上などの詳細条件で検索可能。
acceptable	式場イチオシプランも掲載
unacceptable	ケアマネ実務研修専従
unacceptable	介護ワーカー鹿児島職
acceptable	水漏れ修理の評判が確認できる
unacceptable	賃貸アパート・高知賃貸情報満載
unacceptable	PRビデオの制作をプロに依頼
acceptable	四日市市の賃貸物件情報サイト・一人暮らしやペット可などのテーマから選べる理想のお部屋探し。
acceptable	貼り替えよりもリーズナブルな価格。30分で終了・年中無休。
acceptable	【おすすめのセール対象作品が充実】話題のBL・TL漫画を無料で試し読み！人気BL・TL漫画が充実
unacceptable	の豊後大野市アパート多数掲載。初期費用の問い合わせもカンタン！賃貸情報サイトCHINTAI。
unacceptable	秋田県の広島賃貸多数掲載。初期費用の問い合わせもカンタン！賃貸情報サイトCHINTAI。
unacceptable	ビジネス専用の融資はこちら
acceptable	土地価格相場なら
unacceptable	ゼクシィ カウンター 渋谷の情報がわかる!あなただけの理想の結婚式をお得に探そう。
unacceptable	1分で1番安い引越し業者が分かる
unacceptable	介護士枚方市デイサービス求人
unacceptable	【悪玉コレステロールを下げる】小林製薬の紅麹コレステヘルプで、気になるコレステロール対策を
acceptable	住友不動産ハウスメーカー住宅
unacceptable	一人暮らしやペット可などのテーマから選べる理想のお部屋探アパート丸亀【スマホでCHINTAI】
acceptable	2022年個人年金保険ランキング?
acceptable	＜最新版＞ゆうちょ個人年金保険
unacceptable	オンラインでも来店でもOK
unacceptable	1楽天マイナポイントが1倍
unacceptable	約100種の条件からあなたにマッチした米子の賃貸アパートを選べる・【更新頻度最短5分】
acceptable	【ゼクシィ】公式サイト
acceptable	髪と頭皮の未来を変える
unacceptable	賃貸 倉敷市
unacceptable	介護福祉士の求人・転職なら介護ワーカー。専任のアドバイザーがあなたの転職をお手伝いします
unacceptable	【85歳】でも申込めますか？
unacceptable	オリックス生命の定期型死亡保険ファインセーブ・お手頃な保険料を今すぐチェック！
acceptable	洗濯機分解洗浄ならおそうじ本舗
unacceptable	商品内容や自分にあったオプション(特約)が分からない方は、お気軽に国民共済引受緩和型せん！
acceptable	はじめての申込みならこちら／アイフル事業サポート事業主向け。原則、保証人・担保不要で融資
unacceptable	児童養護施設の求人情報がザクザクみつかる!また働いている方の声や職場の雰囲気もお伝え可能
acceptable	英語・韓国語・中国語を活かす
acceptable	【入会金・年会費無料】24時間・365日ご利用可能なオリックスマネーログインのWEB完結ローン！
acceptable	カーセンサーコペンgr
unacceptable	水漏れ費用に依頼
unacceptable	収入保障定期保険どちら~3位
acceptable	【終身保険】ライズ／RISE
unacceptable	奈東京マンション価格【公式】
acceptable	掃除のプロが家庭の悩み事を解決!
acceptable	【個人年金保険】年齢・性別、月払保険料を選択するだけで簡単比較！人気の保険も一目で分かる。
unacceptable	60代以上の人が気になった死亡保険をチェック!人気・安い・おすすめの保険が知りたい方必見！
unacceptable	がんを含む七80歳から入れる医療保険はお申込方法はインターネット、郵送、対面の3種類をご用意
unacceptable	働きタイミーバイト時に働けて、すぐにお金がもらえるスキマバイトサービス／Timee(タイミー)
acceptable	【愛知県限定】介護の転職求人
acceptable	こだわりテーマからお部屋探し
unacceptable	事業者向けビジネスローン年利
unacceptable	人気の葬儀保険を時保険市場オンラインが気になった保険をチェック!相談や見直しなら保険市場へ
unacceptable	上尾市の新築戸建て情報はこちらから・毎日豊富な新着物件を様々な条件で探せる。
acceptable	楽天カードはデザインが豊富
unacceptable	トイレの水漏れから編集まで
unacceptable	普段のお楽天カードetc会費に。券面デザインが1種類まで選べる。気になるカードを申し込み！
unacceptable	「週仙台日払いバイトバイト」
acceptable	【大垣市】賃貸アパート情報
unacceptable	キュアサポートプラス告知発送
acceptable	注文住宅なら住友不動産
acceptable	台所掃除代行なら
acceptable	洗濯機の水漏れをプロが解決
unacceptable	マッチングアプリ男
unacceptable	掛け金が安い死亡保険を探す
acceptable	重い荷物の運搬を業者に依頼。家具・荷物の車両運搬はミツモアで。
acceptable	富山市の一人暮らしをしたい女性のお部屋探しを応援!女性の賃貸情報サイトならWoman.CHINTAI
acceptable	86の中古車探し
unacceptable	最大0名のプロから選べます!ミツモアのプロは顔や口コミ、フローリング業者、プロに清掃を依頼。
unacceptable	法人の方は決算書1期分と本人確認書類1点で最短即日事業継続資金。原則、保証人・担保不要で融資
acceptable	《駅近で便利な賃貸住宅あり》
acceptable	脱サラして独立・開業・起業|ハウスクリーニングのおそうじ本舗おそうじ本舗のフランチャイズはサポート・研修体制が充実。ハウスクリーニング業界未経験でも安心・安定して独立・開業・起業!
acceptable	結婚式場検索はこちら。ブライダルフェアへ参加して、今ドキ最新演出を体験しよう／ゼクシィ公式
acceptable	自分で学ぶ習慣が身につく
acceptable	掃除のプロが家庭まるごと徹底清掃
acceptable	【公式】トヨタ中古車サイト
acceptable	【川西市】賃貸物件を探すなら
unacceptable	水漏れ費用に一括依頼
unacceptable	セゾンプラチナビジネスコンシェルジュの予約はホットペッパービューティー
acceptable	全国の清掃業者が登録。最大5社から届く見積もりを比較して、オトクに依頼しよう。
unacceptable	賃貸物件検索サイトで高知の賃貸物件情報をチェック!毎日豊富な新着物件を様々な条件で探せる。
acceptable	定期死亡保険の人気top3を発表
acceptable	脱サラ」や「独立・開業」なら
acceptable	人気アニメの原作漫画も充実
unacceptable	マンションの売却はこちら
acceptable	充実のサポート体制
acceptable	エリア･規模／多様性と品揃え
acceptable	トイレの水漏れ修理/相場
acceptable	毎日使う浴室に必要なプロの技
unacceptable	野々市賃貸の賃貸探し
unacceptable	【ゼクシィネット】公式
unacceptable	女性特有の病気などを手厚く保障いたします!女性1年定期保険をランキングでご相談なら保険市場。
acceptable	【シロアリ110番】シロアリ防除
unacceptable	電子書籍を堕ちる漫画試し読み
unacceptable	【入院保険おすすめ】公式サイト
unacceptable	国内最大級の保険比較サイトで比べる引受基準緩和型保険死亡保険、ピッタリの保険が見つかる。
unacceptable	東京の戸建売却査定するならカウカモ！プロがマンション売却をエスコート
unacceptable	人気の医療保険1位～5位を
acceptable	公式／メディケア生命保険
unacceptable	年会費無料楽天カードマイナポイント可能！普段のお買い物や公共料金のお支払いにもご利用できる
unacceptable	「チラシ須賀川単発バイト」
unacceptable	ケアマネージャー仕事内容／障害者施設他の求人を掲載。長年培った経験で安心してご利用可能
acceptable	使って実感、見て実感
unacceptable	楽天楽天マイナポイントカードなら普段のお買い物が便利に、これ1倍貯まる！お出かけがお得に。
acceptable	壁紙クリーニング
acceptable	【富山市】賃貸・アパートを検索
unacceptable	不動産売却ならカウカモ！あなたの芝浦不動産売却で全員に1万円分のギフト券プレゼント
acceptable	掃除業者」のフランチャイズで独立
unacceptable	【2022年】配送依頼
acceptable	入院や手術を繰り返した場合も安心！ファインセーブ死亡保険商品・保険料のチェックはコチラから
acceptable	ETCカード年会費無料/楽天カード
unacceptable	死亡保険はライフイベントごとに共済積立年金て選ぶべき。人気の死亡保険をまとめて資料請求可能
acceptable	持病があっても入れる生命保険
unacceptable	山形市の賃貸アパート情報!一人暮らしやペット可などのテーマから選べる理想のお部屋探し。
unacceptable	【8月】生命保険最新
unacceptable	iryou
acceptable	引越し・配送依頼
acceptable	豊富な中古車情報から理想の中古車が探せる。詳細を今すぐチェック
acceptable	ハウスメーカー戸建住友不動産家
acceptable	おそうじ本舗の問い合わせ電話/番号
acceptable	学資保険の比較・見積り・相談なら保険市場!いざというときに困らないように備えよう。
unacceptable	新車の新車リース
unacceptable	宇都宮の賃貸物件情報を今すぐCHECK!毎日豊富な新着物件を様々な条件で探せる
acceptable	女性目線で造られたスタジオは、清潔感とお洒落な雰囲気が人気！気分が上がるヨガスタジオです。
unacceptable	東京の様々なエリアに多様なスペックの住友不動産芝公園にやさしい安心安全なオフィスビルづくり
acceptable	【コールセンター】派遣求人を探すなら
acceptable	単発・未経験OKのバイト求人多数/土日祝休み・日払いOK・完全在宅・フルリモートのバイト
unacceptable	公式/セゾンプラチナビジネス
unacceptable	【公式】CHINTAI／お部屋
unacceptable	もやいネット医療共済で一覧比較
unacceptable	部分清掃・防除スズメバチの巣
acceptable	脱サラ」や「独立・開業」をお考えのあなたへ。おそうじ本舗ならしっかり稼げます。
acceptable	「週日雇いバイトアプリバイト」
unacceptable	「終身保険の試算してみた？」気になる死ぼう保険掛け捨て料が上がらず、保障が一生涯続きます。
acceptable	オリックス生命/70歳以上申込可
acceptable	洗濯機掃除はプロの技にお任せ
acceptable	追い焚き配管洗浄もお任せ
acceptable	プロの技でお部屋をキレイに!おそうじ本舗のエアコンクリーニング完全分解洗浄
unacceptable	不動産売却ならカウカモ！あなたの売買物件のライターが取材／その魅力をアピールします
unacceptable	開始インターネット料金
acceptable	おそうじ本舗」ブランドで展開中!全国加盟店の平均月商約110万円
unacceptable	鍵屋の鍵屋をお探しなら
unacceptable	楽天カードは2枚目もetcカードクレジットなし楽天がお得に貯まる！メリットいっぱいの家族カード
unacceptable	【公式】介護ワーカー：介護職特化の転職サポートサイト。プロと面談してもっと希望通りの職場へ
unacceptable	福音寺の賃貸物件情報!賃貸マンション・アパート・一戸建ての物件掲載数が豊富。
acceptable	ハウスクリーニングで開業をお考えのあなたへ
acceptable	「週その日にバイト」
acceptable	【アイフル】WEBなら最短25分で融資可能
acceptable	ご家族にとっても嬉しいサービス
acceptable	熊本市の賃貸マンションなら
acceptable	掃除のプロが独立開業|ハウスクリーニングのおそうじ本舗おそうじ本舗のフランチャイズはサポート・研修体制が充実。ハウスクリーニング業界未経験でも安心・安定して独立・開業・起業!
unacceptable	鳥取大学前駅の賃貸マンション
acceptable	理想に合ったお部屋探しはこちら
unacceptable	悪玉コレステロールを下げたい!小林製薬の紅麹コレステヘルプで気になるコレステロール対策を
unacceptable	WEBでかんたん電気の申し込み。割引プランやポイントサービスでもっとおトクに！
unacceptable	おトクに依頼
acceptable	ケアマネージャーの求人情報
unacceptable	【売却】中古一戸建ての価値は？
unacceptable	アイフル個人事業／公式
unacceptable	最大5名の動画制作・編集のプロから見積もりが届く。無料チャット完備で安心!
acceptable	ムーヴキャンバス
acceptable	【公式】結婚式相談東京
acceptable	ご家族の幸せを願って記念写真
unacceptable	「週タイミー日雇いバイト」
acceptable	オリックスのキャッシングは急な出費の足しに出来る!オリックス・クレジットのマネーサービス
acceptable	掃除のプロが教える!おそうじ本舗のフランチャイズ
unacceptable	【24時間依頼可能】カンタン2分で無料見積もり完了
acceptable	【福音寺】賃貸・アパートを検索
unacceptable	人気駅から徒歩10分賃貸相模原市／家賃相場・学校名で検索：ライフスタイルに合ったお部屋探し
acceptable	簡単設定でプロの仕上がりをご家庭でも。
unacceptable	姫路ホットヨガ
acceptable	鹿児島市の賃貸物件情報サイト・賃貸マンション・アパート・一戸建ての物件掲載数が豊富。
acceptable	楽天カード作成ならサービス楽天ピンクカード！年会費無料／これからのお出かけがもっとお得に
acceptable	掃除のプロが家庭を訪問。生活のあらゆる箇所を掃除のプロが徹底的に汚れを除去。
unacceptable	（個人事業主収入証明秒）
unacceptable	一人暮らしやペット可などのテーマから選べる理想のお部屋探し。初期費用などの静岡賃貸随時更新
unacceptable	教育費ってどれぐらいかかるの？
unacceptable	2022年保険掛け捨て平均金額?
acceptable	福井県鯖江市の新着アパート情報を毎日更新!学割適用の物件・ペット可など多数掲載
acceptable	【大阪】介護職の仕事をしたい方必見!また転職サポートを使えばスムーズに転職ができます。
acceptable	大手だから安心／お風呂掃除代行
acceptable	snsやレビューで高評価
unacceptable	【がん保険】おすすめ50代が安い
acceptable	ノート E powerの中古車探し
unacceptable	【新規専用】個人事業主向けビジネス金貸し個人／個人事業主向け。原則、保証人・担保不要で融資
acceptable	人気の生命保険【１位～３位】・生命保険ネット申込みランキング・自身の万が一の時に備える保険
unacceptable	トイレつまり料金・クリーニング
unacceptable	20代～50代以上の人が気になった保険・ネット保険医療保険基準緩和型保険の相談なら保険市場！
unacceptable	【公式】住友不動産半蔵門
acceptable	掃除のプロが店舗長」
acceptable	医療保険も死亡保険も
acceptable	{location(city)}
unacceptable	（公式）アイフルビジネスローン
acceptable	掃除のプロが専門機材を使用し、効率良く汚れを落とします。
acceptable	癌保険はどこが一番お得?
acceptable	気になる物件はまとめてお気に入りに追加／オンライン来店予約・初期費用のお問い合わせも簡単！
unacceptable	20代~50代以上の人が気になるかもしれない。検査、国保と社保の違い保険のご相談なら保険市場へ
unacceptable	カイゴworker/配信中
acceptable	【公式】スマートリモコン
unacceptable	おプレミアカード楽天
acceptable	ネットで申込み/お手頃な保険料
unacceptable	楽天クレジット/年会費永年無料
acceptable	自動丸付け機能にすべておまかせ
acceptable	高級感のある注文住宅
unacceptable	気になる葬儀保険の保険料は？
unacceptable	保険はライフ保険30代男性既婚おすすめごとに見直そう。保障内容・保障期間で保険を比較できる
unacceptable	24時間365日WEBビジネスアイフル
acceptable	家具・家電の運送を一括見積もり
unacceptable	近くのネズミ駆除
acceptable	おそうじ本舗のエアコン掃除
acceptable	全国1,701店舗/業界店舗数no.1
unacceptable	オリックスファインセーブ試算性もある方もあるため、教育資金などさまざまな資金として活用可能
unacceptable	残価設定ローン見積もり購入
acceptable	生命保険/ネットで選ぶなら
acceptable	【公式カラコンサイト】モアコン
acceptable	安芸高田市の賃貸物件情報サイト・賃貸マンション・アパート・一戸建ての物件掲載数が豊富。
acceptable	約100種の条件からあなたにマッチした山形市の賃貸マンションを選べる・山形県の物件多数掲載。
unacceptable	すぐに修理に出したい
acceptable	ファインセーブの死亡保険なら
unacceptable	【公式】ゼクシィ
unacceptable	アパート情報弥生が丘賃貸
acceptable	中古車探しなら（カーセンサー）
acceptable	掃除のプロが自宅で開業」「毎日掃除のプロが訪問」など、安心と信頼の実績【おそうじ本舗】で開業をお考えのあなたへ。
unacceptable	ETVOSエトヴォス口コミファンデ
unacceptable	保険商品を徹底比較・万が一のときに困ら高額生命保険ように備えよう。保険の比較なら保険市場！
acceptable	掃除のプロがお掃除会社を開業
unacceptable	阿蘇の賃貸物件情報あり。一人暮らしやペット可などのテーマから選べる理想のお部屋探し。
unacceptable	保険【1位~3位】
acceptable	大手だから安心!洗濯機掃除代行
unacceptable	お部屋香川県丸亀市アパート物件
unacceptable	医療18歳医療保険貯蓄型
acceptable	無料で見積もり・料金比較
unacceptable	公式ブライトエイジしわ
unacceptable	人気の医療保険TOP３を発表
acceptable	18歳医療保険貯蓄型も可能
acceptable	気になる物件は今すぐ内覧予約
acceptable	オリックス生命のライズ/評判
unacceptable	【公式】法人借入個人事業主
acceptable	公式/メディケア生命
unacceptable	神奈川県の物件多数掲載。初期費用の問い合わせもカンタン賃貸マンション岐阜なを多数ご用意！
unacceptable	病院内のお仕事探しは、看護師転職専門の求人サイトが断然おすすめ!経験者優遇の求人も
unacceptable	オリックス生命保険：公式サイト
acceptable	全国１,701店舗／業界店舗数No.１
acceptable	約90%の保護者が学習習慣の定着を実感!安心の全額返金保証・教科書準拠の教材
acceptable	身近な人ががんになって、初めて備えようと思う。年齢や性別でがん保険を探せる
acceptable	浄水カートリッジ・生活雑貨・物置等
unacceptable	可愛いララポート・人形が揃う。お部屋に飾りたくなるオシャレな雑貨がたくさん。新作続々入荷！
acceptable	人気の死亡保険をプロが比較
acceptable	チラシデザインをプロに依頼
unacceptable	介護、福祉関連の新着求人
acceptable	掃除が仕事」って聞くと何だか凄いことのように感じますが、実際はそうではありません。プロの技で日々の掃除をすすぎ洗いや後片付け、窓や壁の拭き掃除、ベランダの砂埃除去、浴室の追い焚き配管洗浄など、日頃の落としきれない汚れを徹底的に洗浄します。汚れやカビ、ニオイを取り除いて、キレイで快適な生活を送りませんか?
unacceptable	個人事業主向けのローンはコチラ
acceptable	出雲市の賃貸物件情報サイト・一人暮らしやペット可などのテーマから選べる理想のお部屋探し。
acceptable	入院や通院に備える医療保険
acceptable	掃除のプロが店舗集客!
acceptable	窓掃除をプロに依頼
acceptable	鍵交換・修理の費用はこちらから
acceptable	タイミーなど日雇い歓迎の求人をご紹介。スキマ時間にすぐ働けてすぐお金がもらえる！
acceptable	高額請求が心配なら、ミツモアで相見積がオススメ!料金・口コミを見て信頼できるプロを選べる。
acceptable	敷島製パン株式会社
unacceptable	楽天クレジットカードはETCカードの入会&ご利用で7000ポイント・100円で1ポイント貯まる！
unacceptable	楽天カード特典楽天pinkコチラ
acceptable	オリックスのカードローンは最短翌日からご融資OK・「その決断、後回しで大丈夫ですか？
unacceptable	【新規専用】個人事業主向けビジネスローンの申込み／アイフルビジネスファイナンスで金貸し個人
unacceptable	アイフルビジネスファイナンスへ社名個人事業主アイフル！審査はコチラ。法人・フリーランス向け
acceptable	クーラークリーニングなら
acceptable	賃貸マンション・アパート・一戸建て情報検索。一人暮らし、ペット可など人気のテーマ特集も!
acceptable	掃除」に関する技能認定資格で、ハウスクリーニング業界未経験でも安心・安定して独立・開業・起業!
acceptable	全国の平均月商約111万円!おそうじ本舗の説明会は、地域や年代に応じたケースの事例をご紹介。
acceptable	宮城の単発バイト情報掲載。すきな時間、すきな場所、すきな職種で最短1時間から働けます。
unacceptable	新潟市中央区の賃貸物件情報サイト・毎日豊富な新着物件を様々な条件で探せる。
unacceptable	悪玉コレステロールの下げ方。小林製薬の紅麹コレステヘルプで、気になるコレステロール対策を
acceptable	滝汗ダイエットなら【ロイブ】
acceptable	家庭用のサーバーラック。タワー型・マウント型ラックも豊富にご用意！
unacceptable	貯蓄型20代生命保険おすすめは？
acceptable	スタジオアリスで七五三の衣装をレンタル。スタジオアリスで大切な記念日を残しませんか。
unacceptable	化粧水・乳液状美容液で簡単2stepケア。乾燥、小ジワ、尽きない女性ブライトエイジ悩みへ
acceptable	老後資金を無理なく積み立てたい方へ。保険料保険市場オンラインで申込める保険。気になる保険。
unacceptable	「週スキマバイト広島」
acceptable	スマイルゼミ小学4年生／
acceptable	掃除のプロが専門機材を使用し、スピーディーかつ丁寧に汚れを落とします
unacceptable	セゾンカードインターナショナル
unacceptable	東京のカウカモ不動産売却のご相談・査定でギフト券1万円分プレゼント
unacceptable	楽天カードなら新規入会&利用で8000ポイント・貯めたポイントは月々のお支払いにご利用可能
unacceptable	すぐにお緊急融資様向けのローンならアイフルビジネスファイナンス。5時間5日お申込み受付中！
acceptable	オンライン通販なら【マルイ】
unacceptable	ハイゼットトラックみつける
acceptable	未使用のHonda中古車を見つける
acceptable	会員登録・ログイン不要で今すぐ読める無料のDMMブックス（旧電子書籍)！人気の少年・青年コミック・少女コミック・BL（ボーイズラブ）・TL（ティーンズラブ）・実用書・写真集など、読み応えたっぷりな作品満載です！PC・スマートフォン・タブレット対応。
acceptable	エトヴォス/クッションファンデ
unacceptable	県民共済 岡山中央自動車保険は保険料が無料、かつ保障内容も充実!詳細はこちら。
acceptable	洗濯物のニオイが気になる。その原因は洗濯槽の汚れではないですか?
acceptable	平均月商約111万円/充実の研修制度で安心開業/全国加盟店募集中
acceptable	約100種の条件からあなたにマッチした鳥取市の賃貸物件を選べる・【更新頻度最短5分】
acceptable	面倒なエアコンクリーニングはプロの技にお任せ。安心と信頼の実績【おそうじ本舗】でキレイに!
acceptable	人気のリングライトはコチラ
acceptable	鳥取県の賃貸物件情報サイト・賃貸マンション・アパート・一戸建ての物件掲載数が豊富。
acceptable	カーローンを月々支払いでお得に。リクルートが提供する「直売カーセンサー」
acceptable	貼り替えよりもリーズナブル
unacceptable	ゼクシィ カウンター 名古屋で結婚式をご検討中の方へ!特典付き紹介会場数多数。
acceptable	リスクに年金積立5位～5を発表
unacceptable	帯広市の賃貸アパート情報!毎日豊富な新着物件を様々な条件で探せる。
acceptable	住友不動産のモデルハウス
unacceptable	≪全国対応≫カンタン2分の操作で弁理士にシロアリ検査費用、配偶者・家族ビザなど各種ビザ対応
unacceptable	お金を借りるなら個人事業主がおすすめ!人気のビジネスローンで資金調達・運用資金の足しに。
unacceptable	賃貸アパート秋田市の賃貸なら
acceptable	【保険商品一覧】オリックス生命
acceptable	ウエディングなら【ゼクシィ】
acceptable	日本全国で幅広く募集中/短期もokな高時給北海道夏住み込みバイト満喫
acceptable	WEBから簡単お見積り
acceptable	転職、妥協したくないあなたへ：給与・休日などこだわり条件で求人検索。介護職の転職はこちら
acceptable	ちひろ漫画をスマホでイッキ読み
unacceptable	【公式】住友不動産汐留
acceptable	【2022年】即日フローリング業者
acceptable	掃除のプロ」を自任し、おそうじ本舗を全国で展開中!webからのお申込みフォームにご入力いただくと、抽選で100名様に「掃除のプロ」グッズをプレゼント!
unacceptable	シニア保険死亡保険ネット…
acceptable	掃除の会社」で独立開業
acceptable	チャットで依頼できる
acceptable	清掃業のフランチャイズで独立
unacceptable	楽天ETCカードなら新規入会&利用で7000ポイント・通行料金100円につき1ポイント貯まる
acceptable	掃除のプロが解決するハウスクリーニング
acceptable	ウェディング相談埼玉カウンター
acceptable	脱サラして独立・開業するなら
acceptable	お風呂 換気扇掃除はプロにお任せ
unacceptable	介護ワーカーの求人情報がザクザクみつかる!転職時の書類や面接もプロがサポート【公式】
acceptable	ニーズに合った保険を探すなら
unacceptable	敷金礼金ゼロの物件あり／上越市賃貸物件相場・学校名で検索：ライフスタイルに合ったお部屋探し
unacceptable	カーセンサーバレーノ中古中古車
acceptable	富山市の賃貸マンション・アパート・一戸建ての物件掲載数が豊富。初期費用の問い合わせも簡単。
acceptable	名古屋外国語専門学校の資料請求
unacceptable	医療保険エースがん保険／公式
unacceptable	好条件介護職員兵庫県加古川市求人が満載／転職を考えている介護職の方にピッタリ。口コミあり
unacceptable	働きたい時に働けて、すぐにお金がもらえるスキマバイトサービス／Timee(単発バイト募集)
unacceptable	邑南町の賃貸アパート情報!一人暮らしやペット可などのテーマから選べる理想のお部屋探し。
unacceptable	巣子賃貸賃貸なら
unacceptable	2022年保険30代男性既婚おすすめ
acceptable	メディケア生命公式サイト
acceptable	条件に合わせた物件探しが可能
unacceptable	20代~50代以上に選ばれている生命保険種類が見つかる。引受基準緩和型保険の相談なら保険市場!
acceptable	【山口市】賃貸・アパートを検索
unacceptable	75歳以上の方が入れる死亡保険、医療保険、がん保険、就業不能保険のシンプルな保険商品。
acceptable	エアコンクリーニングが安い
unacceptable	【個人事業主】開業資金をご融資
acceptable	セゾンカードの作り方・利用方法をご紹介。貯まったポイントはお買物や別のポイントにも交換OK
unacceptable	50万即日融資決算書5期分と本人確認書類5点で最短即日融資！カードローンは繰り返し利用可能
acceptable	保険市場が選ぶ死亡保険1位～3位
unacceptable	個人事業主は金融ビジネスローン個人事業主即日ATMからご利用可能・事業者向けビジネスローン
unacceptable	1楽天etc発行期間はこちら
unacceptable	「いきいき少短」などの人気作が観れる!国内最大級の保険比較サイト≪保険市場≫
acceptable	楽天クレジット大学生家族カード
unacceptable	最大５名のプロ／見積もりがすぐ届く
acceptable	換気扇の掃除はおそうじ本舗
acceptable	夜間＆土日祝日でもご利用可能
unacceptable	女性目線で造られたスタジオは、清潔感とお洒落な雰囲気が人気！気分が上がるホットヨガヨガ新潟
unacceptable	商品内容や自分にあった保障内容が分からない方は、お気軽にお問い合わせください条件緩和型保険
acceptable	人気のテーマからお部屋探し
unacceptable	低予算で車を検討している方へ。頭金0円でリース会社が利用できる「直売カーセンサー」です。
unacceptable	楽天プレミアムカードならETCカードの年会費永年無料・ネットで簡単申し込み
unacceptable	害獣駆除ネズミ修理
acceptable	自分ひとりで学べるから勉強がどんどん楽しくなる!全額返金保証を使って自宅でお試しok
unacceptable	宇和島市の賃貸マンション情報!一人暮らしやペット可などのテーマから選べる理想のお部屋探し。
acceptable	ハーフサイズ初回限定980円
unacceptable	セゾンプラチナビジネスカード限定キャンペーン!自動マイル移行サービスも無料。
acceptable	掃除のプロが専門機材で入居前や退去後のお部屋をピカピカに!
acceptable	保険市場／個人年金おすすめ
acceptable	掃除のプロが経営直接指導
unacceptable	ネズミ駆除/超音波治療
unacceptable	個人事業主で法人借り入れ
acceptable	水漏れの修理・パッキン交換
unacceptable	人気の生命保険1位~5位を発表
acceptable	カーセンサーバレーノ中古中古車
acceptable	オリックスマネー/会員数800万人
acceptable	ロードサービス、修理などがスピーディーに行えるため、事故対応満足度は94.8％です。
unacceptable	【公式】住友不動産芝公園
acceptable	掃除のプロ」が集客や売り上げアップのサポート!
acceptable	初めてのタブレット学習(小学校3年生)
acceptable	マタニティフォト撮影の依頼
unacceptable	新規入会＆利用で1,
acceptable	床のリフォーム業者なら
acceptable	持病や入院・手術の経験がある方も加入しやすいオリックス生命ライズの安心をしっかりサポート
acceptable	掃除のプロが店舗を訪問。お掃除に関する悩み事をキレイに解決いたします
acceptable	洗濯槽クリーニングの業者なら
unacceptable	賃貸オフィスの賃料を比較
acceptable	安心・安全に婚活するなら婚活アプリ縁結び。リクルートが運営。24時間のパトロール体制で安心！
acceptable	住友不動産ハウスメーカー
unacceptable	死亡保険・死亡保険葬式代。シミュレーションでアナタの保険料の見積り比較が可能／コチラから
unacceptable	東京の売買契約のご相談・査定でギフト券1万円分プレゼント
acceptable	【公式】19インチラック
acceptable	【マルイ公式通販】ブランド・ショップ総数1500以上
acceptable	土地の価格【無料査定】
unacceptable	【万一のときに備える保険】病気・事故・災害でも同額の死亡オリックス生命ケガ通院金をお支払い
acceptable	カンタン保険料シミュレーション
unacceptable	鹿児島市賃貸が豊富
unacceptable	セゾンプラチナビジネスカード
acceptable	長野市の賃貸物件情報サイト・賃貸マンション・アパート・一戸建ての物件掲載数が豊富。
acceptable	送料無料・30日間返品保証中
acceptable	【太田】賃貸・アパートを検索
acceptable	ダイキン/エアコンクリーニング
acceptable	最新の生命保険をチェック
acceptable	キーボードおすすめ、ワークデスク、会議テーブルなどシーンや用途に合わせて幅広いラインナップ
acceptable	全国対応の介護ワーカーの求人情報が満載。転職のプロが無料でサポート。詳細条件で検索可能
unacceptable	ビジネスアイフルこちら
acceptable	単発バイトにすぐ働けてすぐお金がもらえる！メンドウな面接や履歴書も一切必要ありません！
acceptable	掃除の会社を独立開業
acceptable	スタジオアリスお宮参りキャンペーン・スタジオアリスで大切な記念日を残しませんか。
acceptable	中古車リース／直売カーセンサー
unacceptable	オリックス生命の死亡保険ブリッジ／余命オリックス生命代理店の方まで、通算40,40日まで保障
acceptable	しつこいカビ、水アカ、皮脂汚れ、浴槽・壁・床・天井・窓などお風呂場一式をプロがピカピカに
acceptable	脱サラ」や「独立・開業」について書かれた記事をピックアップしてご紹介しています。
acceptable	【短期バイト】アプリ1つでOK
acceptable	ゼクシィ縁結び
unacceptable	医療保険1000円以下が可能
acceptable	マタニティフォト/アリス
acceptable	結婚式場相談はウェディング東京
unacceptable	はじめてのご融資はこちら。旧インディード個人事業主掲載で相談も可能です。年会費・保証料無料
unacceptable	一番安い死亡保険はどれ?
acceptable	脱サラ」や「独立・開業」に関するご相談はこちらから!
unacceptable	派遣建設派遣・経理
unacceptable	【Saison プラチナビジネス】普段のお支払いでマイルが最大1.125%の還元率で貯まる！
unacceptable	【Saison クレジットカード】お支払い1000円ごとに1ポイント貯まります。
acceptable	平屋の家なら住友不動産
acceptable	7大疾病特約付き医療保険
acceptable	保険市場のオンライン保険相談
acceptable	人気の石けんでオフできるetvosファンデーションベール。コンパクトタイプで持ち運びやすい
acceptable	ヘッドセット、ハンズフリー拡声器iPhoneSEアクセサリー・マウント型ラックも豊富にご用意
unacceptable	2022年個人年金保険ランキング
unacceptable	約100種の条件からあなたにマッチした長崎市の賃貸マンションを選べる・毎日豊富な新着物件！
acceptable	ご家庭の手に負えない汚れはプロのお掃除技術におまかせください
acceptable	《結婚》費用でお困りなら
unacceptable	【公式】伊那市賃貸
unacceptable	≪国内訪問数no0≫エアコン取付のご依頼を多数いただいております!全国の床張り替えdiyを依頼。
acceptable	保険市場オンライン保険はどれ
unacceptable	死亡保障は持病・既往症がある方におすすめの一生涯保障の緩和型医療保険・比較なら保険市場
acceptable	年長さんにおすすめのスマイルゼミ。タブレットで学ぶ幼児・小学生・中学生の通信教育。
unacceptable	キュア・サポート・プラス/公式
acceptable	岩手のバイト情報掲載。メンドウな面接や履歴書も一切必要ありません！
acceptable	水まわりの頑固な汚れ、エアコンの分解洗浄など、頑固な汚れはプロの技にお任せ！
acceptable	学生におすすめ／女性一人暮らし
acceptable	掃除のプロが自宅をまるごと綺麗に!
unacceptable	上質なオンライン保険相談とは？
acceptable	ご加入者さま限定特典！24時間電話健康相談サービスなど5つのサービスを無料でご利用できます。
unacceptable	オリックス生命の終身保険ライズ/保険料を家計に合わせて選択ok/保険料シミュレーション
acceptable	リクナビ派遣／盛岡の派遣求人
unacceptable	親族間売買査定
unacceptable	ゼクシィーなら、結婚相手と真剣に向き合いながら理想の結婚を叶える!気になる式場はクリップ。
unacceptable	自分を表す一枚だからこそプロに依頼してくれるフローリング業者のカメラマンを見つけましょう。
unacceptable	水道の蛇口交換の施工
acceptable	掃除会社のfc加盟店を独立開業を。研修が充実して安心・約95%の方が掃除業者の仕事未経験で活躍
unacceptable	全国のプロが登録中。最大5社から届く見積もりを比較して、オトクに依頼しよう。
acceptable	住友不動産新宿オークタワー
acceptable	ブライダルフェアの予約はこちら
acceptable	新車の月額が気になる方、必見!リクルートが提供する「直売カーセンサー」
unacceptable	 【動画】 「東京で人気の占い師が鑑定に来ます! 」
acceptable	医療保険の特約で保険料を安く抑えよう・【死亡保障も備えられる医療保険】
acceptable	掃除のプロ」が独立開業
acceptable	cmで話題のおそうじ本舗が全国展開中!全国で平均月商約111万円!
acceptable	最大5社から見積もりがすぐ届く
unacceptable	人気の石けんでオフできるetvosファンデーションベール。コンパクトタイプで持ち運びやすい
acceptable	幅広い年代のオーナーが多数活躍
acceptable	オリックス生命の契約者様向け
acceptable	簡単2ステップでプロの仕上がりをご家庭でも。
unacceptable	介護ワーカー岡山県求人
acceptable	理想の中古車を今すぐ検索
acceptable	アイフルビジネスファイナンスで資金援助／原則、保証人・担保不要のビジネスローン／事業者向け
unacceptable	学生向け新潟物件
acceptable	新潟市中央区の賃貸物件情報サイト・賃貸マンション・アパート・一戸建ての物件掲載数が豊富。
unacceptable	ブライトエイジしわ公式通販
acceptable	掃除のプロが自宅を丸ごときれいに!
unacceptable	広島病院病院介護福祉士求人
unacceptable	奈良市賃貸マンションが見つかる
unacceptable	キッチンつまり直し方の鍵屋
acceptable	お宮参りの着物レンタルなら
unacceptable	最短1分で見積もり
unacceptable	生命保険の人気No.１を発表
unacceptable	かめばかむほど甘くなる漫画無料
acceptable	東淀川区 介護職の求人情報
acceptable	掃除機/防犯カメラ/ledライト/家庭用シュレッダーなど、pc周辺機器を多数取り揃え
acceptable	返戻率の高い学資保険はこれだ
unacceptable	善通寺市のアパート情報が満載!一人暮らしやペット可などのテーマから選べる理想のお部屋探し。
unacceptable	ネットショッピング
unacceptable	生命保険/約1000種類から選べる
acceptable	おそうじ本舗」ブランドで全国約1,701店舗展開中!
unacceptable	非公開旭川グループホーム求人
unacceptable	インターネット申込みなら、一度のお手続きで医療保険も収入保障保険シュミレーションな保険料！
acceptable	ノンフリート等級とは?
unacceptable	保険安いところ申込みなら保障は申し込んだその日から！あなたのニーズにあわせて組み立て自由。
acceptable	テレビラックをお探しの方へ
unacceptable	ネット申込みなら保障は申し込んだ通院が出る保険から！あなたのニーズにあわせて組み立て自由。
acceptable	事業者ローンのお申込みはコチラ
unacceptable	死亡保障は持病・既往症がある方におすすめの一生涯保障の緩和型医療保険・【死亡保険】
unacceptable	【公式】旧個人事業主向けローン
unacceptable	おすすめの葬式保険は?20代～50代以上の人が気になった保険をチェック！
acceptable	おそうじ本舗」とは?/「おそうじ本舗」のフランチャイズはサポート・研修体制が充実。ハウスクリーニング業界未経験でも安心・安定して独立・開業・起業!
acceptable	掃除のプロが店舗をまるごとお掃除。ハウスクリーニングの技術でお客様を魅了します
unacceptable	事業資金の融資を受けたい方
unacceptable	【全国 シロアリ 愛知】
unacceptable	カーセンサースバルヴィヴィオ
acceptable	人気レッスン満載/220時間の研修を受けた質の高いインストラクターも、全員女性で安心!
unacceptable	【Saison Card】貯まったポイントはお買物や別のポイントにも交換OK
acceptable	お得に引越ししたい方必見
acceptable	熊本市の賃貸物件情報サイト・一人暮らしやペット可などのテーマから選べる理想のお部屋探し。
unacceptable	介護ワーカーデメリット転職
acceptable	在宅勤務に最適なオフィスアイテム多数／ワイヤレスヘッドセットが大人気！手ぶらで電話対応可能
acceptable	近くのモデルハウスを見に行こう
unacceptable	一生に一度の成人式。プロに一度の成人式。プロに頼めば大切な作業はプロに草取り値段ください。
unacceptable	えっ今から入れる個人年金保険？
acceptable	掃除のプロが家庭を掃除のプロに!おそうじ本舗のフランチャイズで独立・開業・起業|ハウスクリーニングのおそうじ本舗おそうじ本舗のフランチャイズはサポート・研修体制が充実。ハウスクリーニング業界未経験でも安心・安定して独立・開業・起業!
unacceptable	85歳まで入れる死亡保険/3000円〜
unacceptable	福岡市のマンション/賃貸物件
acceptable	【ベビコレ】公式通販
acceptable	早めに資金調達が必要な方へ
acceptable	掃除のプロ」として独立するなら
acceptable	宇都宮市の賃貸物件情報サイト・ライフスタイルを豊かにする情報や最新の賃貸物件を多数ご用意
unacceptable	死亡ネットライフ生命期間
acceptable	おそうじ本舗のエアコンクリーニング完全分解洗浄
unacceptable	【公式】鳥取光熱費エネトピア
acceptable	掃除のプロが足りない」または「ハウスクリーニングのプロがいても仕事が回らない」おそうじ本舗のフランチャイズ。業界未経験の開業実績は約95%
acceptable	【ABF】公式ホームページ
acceptable	窓ガラスクリーニングをお探しなら
acceptable	ご家族全員をしっかり撮影
unacceptable	ゼクシィ 相談カウンター 梅田の情報がわかる!特典付き紹介会場数多数。
unacceptable	人気の死亡保険ランキング
acceptable	身辺調査・素行調査の出張依頼
unacceptable	フローリング業者管高圧洗浄
acceptable	赤ちゃん撮影のご依頼を多数いただいております。赤ちゃん撮影はスタジオアリスにお任せください
unacceptable	基本の保障(主契約)はお客さまのニーズに合わせ収入保障保険シュミレーションお申込みが可能。
unacceptable	【公式】旧ビジネクスト
acceptable	掃除のプロが店舗長!必要なスキルは人生経験だけ!
acceptable	無料会員登録で非公開求人も
acceptable	フローリングのワックスがけ
unacceptable	医療保障保険1位～5位
unacceptable	楽天etc引き落とし無料
acceptable	すぐ行けるフェア情報･結婚式場が満載！ウエディング、ブライダルならゼクシィ。
acceptable	鹿嶋市の賃貸アパート情報
unacceptable	相続財産の調査・確定や相続財産草むしり依頼・関係説明図・分割協議書などのオプション依頼可能
unacceptable	契約年齢：20歳～85歳
unacceptable	車用サブスクとしてご利用いただけます。メンテナンスフルパッケージが受けられる
acceptable	「子供が大きくなったので部屋を分けたい」などの家具ディンプルキー交換の処分は業者にお任せ。
acceptable	所要時間は約2時間で掃除完結
unacceptable	死ぼう保険掛け捨て生命
unacceptable	オススメの業者について
acceptable	おそうじ本舗のフランチャイズ
acceptable	おそうじ本舗の節電プログラム
acceptable	掛け捨て型の生命保険ブリッジの資料請求・お申込みはこちら／必要な保険金額と保険期間が選べる
unacceptable	【美祢市賃貸】公式サイト
acceptable	浄水器の取り外し業者なら
acceptable	簡単&低資金で始める新生活を。
acceptable	新築戸建ての実例集を無料で
acceptable	楽天カード作成ならマイナポイント楽天カード年会費無料／携帯料金の支払いでもポイントが貯まる
acceptable	定期死亡保険ファインセーブ
acceptable	掃除」で開業をお考えのあなたへ
unacceptable	奈良不動産売却売却
acceptable	全国の床リフォームのプロが登録。お近くのプロからオトクな見積もりが届く!
acceptable	岩手県の貸家情報掲載。一人暮らしやペット可などのテーマから選べる理想のお部屋探し。
acceptable	【高岡】賃貸・アパートを検索
acceptable	お掃除草刈りサービス
acceptable	オフィス用デスク・チェア
unacceptable	人気の医療保険1位~5位を発表
acceptable	病気やケガの入院、通院を一生涯保障する医療保険です。あなたの保険料はどのくらい？
unacceptable	ポイントの貯めやすさで選ぶなら
acceptable	【スタッフ】の派遣登録なら
unacceptable	介護資格の取り方・選び方でお困りですか?専任のアドバイザーがあなたの転職をお手伝いします
unacceptable	鍵交換回収を依頼
acceptable	【明治神宮】の情報なら
unacceptable	楽天カードは2枚目楽天カードアカデミーデザインお買い物や公共料金のお支払いにもご利用できる
unacceptable	≪簡単3ステップ≫無料チャットで条件や害獣駆除ネズミや口コミを見て信頼できるプロを選べる。
unacceptable	敷金礼金ゼロの物件あり／佐野市アパート相場・学校名で検索：ライフスタイルに合ったお部屋探し
unacceptable	消費者金融《アイフルのご融資》
acceptable	【住友不動産】の一戸建て情報
unacceptable	医療保険85歳でも入れる保険生命
unacceptable	がんの保険おすすめは60代から
unacceptable	メディケア30歳女性
unacceptable	楽天クレジットカードなら新規入会&利用で7000ポイント・24時間お申込み可能の楽天カード！
acceptable	約100種の条件からあなたにマッチした盛岡市の賃貸アパートを選べる・賃貸情報サイトならCHINTAI
unacceptable	がんばって保険に入っておけばよかった
unacceptable	庭付き、キッチン充実、日当たり良好等、人気のこだわり条件から岐阜市の賃貸アパートを探せる
acceptable	毎月安定した収入を得るには？
unacceptable	人気年金保険・おすすめの保険が知りたい方必見！保険市場ならお手元のスマホやPCで比較が可能
unacceptable	【1】法人アイフル事業サポート
acceptable	スズキエスクード中古こちら
unacceptable	無料で保険相談出来る店舗探し
unacceptable	太宰府土地価格はこちら
acceptable	【本店限定】安心の1年保証サンワサプライケーブル配線トレーメッシュerdシリーズ専用cb-cterd5
unacceptable	初期費用の問い合わせもカンタン・ライフスタイルを豊かにする賃貸湯梨浜町サイトならCHINTAI
acceptable	【公式】Timee／CM放映中！すきな時間、すきな場所、すきな職種で最短1時間から働けます
unacceptable	公式ファンデーション
acceptable	家を建てるなら住友不動産の注文住宅。二世帯住宅や平屋など様々な住友不動産注文一年中快適！
acceptable	フローリング・床の張り替え
acceptable	バイト・パートの求人情報なら【日払い・週払い・土日払い・完全在宅・フルリモートOK】
unacceptable	医療保険払込免除必要保険／公式
acceptable	日立市の賃貸物件情報サイト・賃貸マンション・アパート・一戸建ての物件掲載数が豊富。
acceptable	掃除の会社」のこと。プロの技でお部屋をキレイに
unacceptable	中古住宅住友不動産一年中。
unacceptable	看護師・准看護師の求人情報・また転職サポートを使えばスムーズに転職ができます。
unacceptable	大阪で住宅不動産売却福岡するなら
acceptable	掃除のプロが家庭訪問・お掃除代行のサービスを提供
acceptable	福島の単発バイト情報掲載。利用歴に応じて付与されるEXPでグレード特典を手に入れよう！
acceptable	介護職の求人/転職・求人情報
unacceptable	【公式】の出雲市賃貸マンション
unacceptable	Keyword：枚方介護職求人
acceptable	【公式】Timee仙台日払いバイト
acceptable	掃除のプロが売上120%アップ」の続きを読む
acceptable	【袋井市】賃貸アパート情報
unacceptable	感染症対応の死亡保険貯蓄？
unacceptable	事業資金の調達ならアイフルビジネスファイナンス／急な出費が多かったあなたをアイフル個人事業
acceptable	掃除のプロがおそうじ本舗のフランチャイズで独立
acceptable	等級の見直しであなたの自動車保険がもっと安くなるかも?お得な割引プランもご用意。
unacceptable	全国のネズミ駆除の専門業者が登録。条件に合ったネズミ駆除の見積もりが届く！
acceptable	パソコンラック、ワーク活動量計、会議テーブルなどシーンや用途に合わせて幅広いラインナップ
acceptable	【2022年】最新の介護求人情報
unacceptable	お部屋探しの戸畑区賃貸の物件あり／家賃相場・学校名で検索：ライフスタイルに合ったお部屋探し
acceptable	介護職の求人・転職なら介護ワーカー。グループホーム等様々な施設形態、勤務形態で求人検索可能
acceptable	お申し込みはこちら
unacceptable	楽天カードの年会費はこちらから
acceptable	全国fcオーナー募集中 店舗なしok/低資金から開業可能
acceptable	大手だから安心/おそうじ本舗
unacceptable	【公式】個人事業主お金借りる
unacceptable	【公式】七色の生命保険
unacceptable	ケアマネ実務研修で求人
acceptable	WEB予約・店舗検索はこちら
acceptable	保障を自由にカスタマイズ
acceptable	配管の穴あけや埋め込み蛇口の取り付け方など、大変な作業はプロにお任せ。安全かつ手早く完了。
acceptable	20代におすすめの医療保険
unacceptable	全国の水回りクリーニングのプロが登録。ネズミ業者・ここはプロにお任せ!隅々までピカピカに。
unacceptable	【保険商品一覧】オリックス生命
acceptable	介護職/ヘルパーの求人情報
acceptable	学生専用クレジットカード、楽天カードアカデミー!街でのご利用から公共料金のお支払いまで。
acceptable	アリスのお宮参り撮影
unacceptable	賃貸物件検索サイトNo.1/久留米の賃貸物件情報サイト・初期費用の問い合わせもカンタン！
unacceptable	須賀川市マンションの物件あり／家賃相場・学校名で検索：ライフスタイルに合ったお部屋探し
unacceptable	終身オリックス生命ケガ通院？
unacceptable	安い医療保険を探すなら保険市場
acceptable	手動～電動まで豊富な取り揃え：用途に合わせた様々なサイズと、4種類の細断形状タイプをご用意
acceptable	浴室掃除はプロにおまかせ
unacceptable	簡単2分で依頼完了
acceptable	ケアマネの求人、転職なら介護ワーカー。また働いている方の声や職場の雰囲気もお伝え可能
acceptable	【エトヴォス パーフェクトキット】ミネラルメイクとスキンケアをお届け。人気のカブキブラシも
unacceptable	ミツモア水漏れ蛇口
unacceptable	初期費用の問い合わせもカンタン・ライフスタイルを豊かにする香南市アパートサイトCHINTAI。
acceptable	特別養護老人ホームの求人情報
acceptable	【壬生駅】賃貸・アパートを検索
acceptable	女性保険の個人年金保険とはメリットとは？保険の悩みはオンラインで介護保険ランキングはこちら
acceptable	【公式】タイミーバイト
unacceptable	「週単発バイト登録」
unacceptable	オンラインで顔見ながら保険相談できるサービスも人気。WEB・電話、当日予約もOK
unacceptable	シニア保険jaメディフル発表
unacceptable	東京の不動産を借地権付き建物の売買で全員に1万円分のギフト券プレゼント
acceptable	掃除のプロが会社員のまま自宅で独立・開業|ハウスクリーニングのおそうじ本舗おそうじ本舗のフランチャイズはサポート・研修体制が充実。ハウスクリーニング業界未経験でも安心・安定して独立・開業・起業!
acceptable	公式／楽天カードマイナポイント
unacceptable	【CHINTAI】佐賀賃貸物件
acceptable	愛知県の物件多数掲載。ライフスタイルを豊かにする情報や最新の賃貸物件を多数ご用意
unacceptable	生活の質に直接影響する水のトラブル。水漏れやネズミ業者・交換・排水管洗浄などご相談下さい。
unacceptable	20代〜50代以上に人気の個人年金保険1位〜5位をランキング別に徹底比較!【個人年金保険】
unacceptable	日野町の新築戸建て情報はこちらから・毎日豊富な新着物件を様々な条件で探せる。
acceptable	平塚市/賃貸アパート情報サイト
acceptable	審査最短60分/最短即日借り入れ
unacceptable	【公式】の伊勢崎賃貸アパート
acceptable	ワックス剥がし/オプション対応
unacceptable	≪依頼料0円≫最大0名の草刈りから見積もりが届く。庭木の剪定をプロに依頼するならミツモア!
unacceptable	佐賀の賃貸マンション情報を今すぐチェック!毎日豊富な新着物件を様々な条件で探せる。
acceptable	おすすめの業者の内訳を見る
acceptable	大手だから安心!換気扇掃除代行
acceptable	おそうじ本舗」「開業」の充実したサポート!
acceptable	おそうじ本舗の引越前後パック
unacceptable	【ランキング1位】皆が選ぶ保険
acceptable	最短1分で見積もりが届く
unacceptable	キャッシング即日審査
unacceptable	フリーランスアイフル自営業
unacceptable	オフィス、ビル、クリニック、病院、店舗の災害対策をトータルサポート。
unacceptable	高校生向け医療保険ランキング
unacceptable	1番安い生命保険はどれ?
acceptable	アルバイト・パートにおすすめ/アプリ開発のお仕事情報!即日即金／振り込み手数料¥0！
unacceptable	働きタイミー日雇い時に働けて、すぐにお金がもらえるスキマバイトサービス／Timee(タイミー)
unacceptable	児童養護施設の求人情報がザクザクみつかる!年収400万円以上・土日休みなどの条件で検索。
acceptable	【etvos】ファンデーション
unacceptable	小説・義妹生活漫画実施中
acceptable	おそうじ本舗」とは!
acceptable	埼玉県の賃貸物件情報サイト・独自の厳しい審査基準で、信頼できる賃貸物件情報を多数掲載！
acceptable	集客や売り上げアップの充実サポート!ブランド認知度の高さで2020年度のご依頼は約27万件以上!
acceptable	未経験でも安心／しっかり稼げる
acceptable	一番安いプロに依頼
acceptable	【公式】三菱ＵＦＪ銀行カードローン、24時間いつでもネットでお申込可能。来店不要
acceptable	旭川市/賃貸アパート情報サイト
acceptable	アトレーワゴンの中古車探し。ネットで探すならカーセンサー。
unacceptable	美祢市賃貸の物件多数掲載。初期費用の問い合わせもカンタン！賃貸情報サイトCHINTAI。
acceptable	掃除の会社」のフランチャイズで独立開業
unacceptable	今、がん保険コスパで分かる。シミュレーションでアナタの保険料の見積り比較が可能／コチラから
unacceptable	長野駅の賃貸物件情報ならスタディサプリ進路・豊富な検索条件で理想の物件探し！
acceptable	【公式】住友不動産品川
acceptable	掃除の業者を独立開業を。おそうじ本舗比較してみました。。
unacceptable	約100種の条件からあなたにマッチした桑名の賃貸マンションを選べる・賃貸情報サイト CHINTAI。
acceptable	水漏れ修理業者の口コミ多数
acceptable	換気扇を分解洗浄し、ファンやフィルターなど細かい部品に付いたしつこい油汚れもしっかり洗浄!
acceptable	敷金礼金ゼロ・即入居可物件あり
acceptable	【賃貸併用住宅】広島の賃貸
acceptable	おそうじ本舗のフランチャイズ」
unacceptable	貯蓄型の78歳でも入れる死亡保険
acceptable	保険料シミュレーションはこちら
acceptable	保険料が上がらない医療保険
acceptable	フローリング洗浄はおそうじ本舗
acceptable	セレナの中古車探し
unacceptable	【セゾン】ETCカード即日発行
unacceptable	倉吉市の賃貸アパート情報!ライフスタイルを豊かにする情報や最新の賃貸物件を多数ご用意
acceptable	島根県で賃貸をみつけよう
acceptable	スタジオアリス 七五三衣装
unacceptable	セゾンプラチナビジネスカード会員様限定!自動マイル移行サービスも無料。
unacceptable	公式／メディケア郵便局の保険
unacceptable	糖尿病でも入れる保険安いか？
acceptable	無料で見積り・料金比較
acceptable	複数の派遣会社に登録する必要なし！リクナビ派遣に登録すると派遣会社の求人をまとめて検索可能
acceptable	研修は会社員でも参加可能
unacceptable	貯蓄型の保険市場求人？
unacceptable	85歳でも入れる保険：公式
acceptable	人気アイテム大量値下げ。激安処分品。商品はすべて新品でキーボードてポイント獲得がお得に。
acceptable	悪玉コレステロールを下げたい
acceptable	カーセンサーラガー中古中古車
unacceptable	設備充実×安心安全住友不動産オフィスビルや賃事務所を条件に合わせて検索できる公式サイト
acceptable	衣装バリエーションが豊富
acceptable	洗濯機配送業者をお探しなら
unacceptable	保険料月々1,175円・30歳男性
unacceptable	ライズサポートプラス公式
unacceptable	最新求人がメールで届く非公開介護士ワーカーあり。長年培った経験で安心してご利用できます
acceptable	スマイルゼミ小学3年生・無料資料請求でもれなく全員にお得なプレゼント
acceptable	おそうじ本舗」ブランドでフランチャイズ開業
unacceptable	【公式】郡山市賃貸マンション
unacceptable	帯広＆岡山市南区アパート
acceptable	自動車保険の等級でお悩みの方へ
acceptable	保険料満足度97.8％
unacceptable	引越しや大掃除で出る不用品や流れ、草むしり業者などの写真撮影、プロに任せてスッキリしよう。
unacceptable	保険料シミュレーションは
acceptable	レンジフードならおそうじ本舗
acceptable	【ネット型死亡保険】おすすめの定期死亡保険をランキング。年齢と性別を入力して保険料比較も。
unacceptable	法人の方は決算書1期分個人事業主所得融資はこちら。旧ビジネクストはWEBでラクラク申込み。
unacceptable	商品内容や自分にあったオプション(特約)が分からない方保険安いところずーっとあがらない！
acceptable	【ゼクシー】人気の式場や気になる式場を見学して、実際に結婚式の雰囲気を体験しよう！
unacceptable	学生向け鳥取物件が見つかる
acceptable	福井の賃貸物件情報を今すぐCHECK!最新の空き状況や詳細情報がスマホで確認できる
unacceptable	利用者の８割が年収アップ
acceptable	ウエディングなら東京會舘
unacceptable	水漏れ蛇口の洗浄
acceptable	ブライダルカメラマンに撮影を依頼
acceptable	人気の葬儀保険を一括比較&資料請求
acceptable	水まわりのクリーニングなら
acceptable	メディアプレイヤーになりたい方必見!1,000点以上の豊富なオリジナル商品が充実。
acceptable	薄毛治療の専門クリニック
unacceptable	がん保険第1位は?
acceptable	事業拡大や運転資金にビジネスローンを活用！お客様に合った商品をお探しいただけます
acceptable	基本の保障内容(主契約)に加えて、あなたのニーズに合ったオプション(特約)が選べます。
acceptable	ベビーフォトの予約はこちら
acceptable	【公式】LACOSTE
acceptable	福岡の物件多数掲載。一人暮らしやペット可などのテーマから選べる理想のお部屋探し。
acceptable	単発・日払いバイトが充実
acceptable	子供のための学資保険
acceptable	借入金シミュレーション
unacceptable	（公式）法人借り入れ
acceptable	【公式】TVスピーカーダイレクト
unacceptable	スマホ福島県伊達市アパート
acceptable	お宮参りの着物撮影なら
acceptable	充実の研修制度で安心サポート!未経験でも安心。ハウスクリーニング業界未経験でも安心・安定して独立・開業・起業!
acceptable	掃除のプロが家庭を訪問し、日々の掃除の悩み事を解決。
unacceptable	保険料が業界最安水準の死亡保険、万が一のとき遺された家族を守るなら・【死亡保険】
acceptable	【全国対応】47都道府県対応
unacceptable	年会費永年無料のピンクetcカード発行楽天！好みに合わせて付帯サービスをカスタマイズできる
acceptable	台所掃除代行【おそうじ本舗】
acceptable	掃除のプロが教えるおそうじ本舗」が話題になっています!
acceptable	掃除の会社」を独立開業を。研修が充実して安心・約95%の方が掃除業者の仕事未経験で活躍
unacceptable	働き山形単発バイト時に働けて、すぐにお金がもらえるスキマバイトサービス／Timee(タイミー)
acceptable	水アカ除去でピカピカの鏡に
acceptable	リクナビ派遣／明石の派遣求人
unacceptable	結婚式場相談はウェディング東京
unacceptable	アイフルは自営業・パートの方もご相談ください。原則、無担保・無保証で事業資金を借入れできる
unacceptable	排水管清掃業者札幌・りですか?
unacceptable	ネット型死亡保険の人気top3を発表
unacceptable	住友不動産標準仕様キッチン作成
unacceptable	低予算で車を検討している方へ。頭金0円で残クレ中古車が利用できる「直売カーセンサー」です。
unacceptable	化粧水・乳液状美容液で簡単4STEPケア。乾燥、小ジワ、尽きない女性ブライトエイジシミの悩みへ
unacceptable	デイサービスの求人情報
unacceptable	【相続税】ネズミ撃退法
unacceptable	おうちから、プロのアドバイザーにゼクシィ相談カウンター料金しよう。Web予約はこちらから。
acceptable	脱サラ」とは、仕事を辞めて代わりに職に就くなどの検討をすることで、今ある仕事の枠にとらわれない働き方ができるサービスです。おそうじ本舗では、このようなサービスをフランチャイズ形式で提供しています。
acceptable	【公式】タイミーコールセンター
acceptable	石川県の賃貸物件情報サイト・賃貸マンション・アパート・一戸建ての物件掲載数が豊富。
unacceptable	あなたに入院保険80歳以上
unacceptable	（1時間1日お申込み可能）法人・個人事業主向けローン／生産費用など事業資金の使い道は自由
acceptable	LAN・USBケーブルの通信販売
acceptable	【セゾンカード】申請はこちら
acceptable	1台1台の車体状態や写真が充実・【カーセンサー】中古車情報多数・在庫確認は無料・中古車を探す
unacceptable	焼津市の新築戸建て情報はこちらから・毎日豊富な新着物件を様々な条件で探せる。
unacceptable	東京タラレバ娘漫画
acceptable	【死亡保険】世帯主に万が一の事があった場合の必要生活資金は平均5,558万円。ご相談は保険市場
unacceptable	群馬県賃貸アパートアパート情報
unacceptable	トイレつまりを料金で見積もり
unacceptable	水漏れ蛇口チェック
acceptable	高崎市/賃貸アパート情報サイト
unacceptable	浴室・トイレ・キッチン・センサーライトの排水管掃除相場はプロにお任せ!隅々までピカピカに。
acceptable	最新死亡保険ランキング
acceptable	介護/福祉関連の転職情報多数
unacceptable	全車保証車のカーリース-頭金0円
unacceptable	排水管クリーナー交換
acceptable	わかりづらい保険も丁寧にご説明致します。創業25年目の東証一部上場企業の保険市場
acceptable	教育費に特化した保険商品をご用意しました。保険の比較や見積もりなら保険市場へ
unacceptable	【公式】介護ワーカー
unacceptable	保険はさくさくと手厚く保障。人気・安い・おすすめの保険が知りたい方必見！
acceptable	スバルエクシーガ中古車しの方へ
acceptable	ゲーミングデバイスなら
acceptable	【公式】しちごさん写真撮影
unacceptable	人気の医療保険１位～５位を発表
acceptable	簡単・安心価格
acceptable	カローラバンで検索
acceptable	千葉県の賃貸物件情報サイト・一人暮らし向け、ペットと暮らせる物件を紹介。
acceptable	がん保険/入院や通院に備える保険
acceptable	警報器ガスenetopia
unacceptable	アイフルビジネスファイナンスは即日融資も可能。原則、無担保・無ビジネスアイフル申込み受付中
acceptable	ブランド認知度の高さで2020年度のご依頼は約27万件以上!
acceptable	オリックスファインセーブの評判
unacceptable	初期費用の問い合わせもカンタン・ライフスタイルを豊かにする情報や最新巣子賃貸を多数ご用意
acceptable	お得な保険がひと目で分かる。シミュレーションでアナタの保険料の見積り比較が可能／コチラから
unacceptable	単発・未経験OK・完全在宅・フルリモートのバイト求人も多数・」そんなときはスキマバイト！
acceptable	約100種の条件からあなたにマッチした福井市の賃貸アパートを選べる・賃貸情報サイト CHINTAI。
acceptable	オフィスビルの賃貸物件情報なら住友不動産販売にお任せください・まずはお問い合わせを
acceptable	最長80歳終身保険ライズ返戻率
unacceptable	シニアのオリックス終身医療保険
acceptable	（2022年）オリックス生命プラン
unacceptable	はなさくていきを読むなら
acceptable	東京會舘でウエディング
unacceptable	七オリックス生命ファインセーブ
acceptable	最大５社からすぐ見積もりが届く。ミツモアならあなたの要望に応えるデザイン会社が見つかる。
unacceptable	悪玉コロステロールが気になる方
unacceptable	浴室乾燥機・シロアリの駆除はプロにお任せ。本体選びから設置・交換、修理まで幅広く相談可能。
acceptable	高岡市の物件多数掲載。ライフスタイルを豊かにする情報や最新の賃貸物件を多数ご用意！
unacceptable	2022年教育資金保険?
unacceptable	【FINE SAVE】解約払戻金のない掛け捨て型の死亡保険ならオリックス生命のファインセーブ。
unacceptable	大阪で住宅柏原不動産売却するなら
acceptable	脱サラ」「独立・開業」は、fc本部が集客を全面サポート!業界未経験の開業実績は約95%以上!
acceptable	≪全国対応≫お近くのプロカメラマンから無料見積もりが届きます。結婚式などの出張撮影はミツモアで。
acceptable	安心して独立・開業したい方へ
acceptable	お近くのハウスクリーニングなら
acceptable	メディケア生命の医療保険／公式
unacceptable	1年定期保険の加入は早めの準備を!女性特有の病気やがんに手厚い保障の保険をランキングでご紹介
unacceptable	長野県の物件多数掲載。初期費用の東広島西条アパート物件もカンタン！賃貸情報サイトCHINTAI。
acceptable	おそうじ本舗」ブランドで展開中!おそうじ本舗のfcはサポート・研修体制が充実。ハウスクリーニング業界未経験でも安心・安定して独立・開業・起業!
unacceptable	【個人事業主】最短即日融資もOK
acceptable	初回限定70%OFFクーポン
unacceptable	死亡保険は終身保険がおすすめ
acceptable	家賃5万円以下の賃貸物件も多数
acceptable	貯蓄型おすすめ終身保険
unacceptable	悪玉コレステロールを減らす
unacceptable	【取引は全国のATMで利用可能】お悩みの事業者設備資金借入可能。法人・個人事業主向けローン！
unacceptable	人気のビジネスローンで資金調達・運用資金の足しに。実績豊富な事業者ローンフリーランスローン
unacceptable	ちひろ漫画をスマホでイッキ読み
acceptable	店舗なしok/低資金から開業可能
unacceptable	シニア1年定期保険
unacceptable	お部屋を佐賀市賃貸物件
acceptable	掃除の仕方」や「掃除機の扱い方」など、プロの技で毎日の掃除が楽になります!
unacceptable	特別エトヴォス静岡／エトヴォス
unacceptable	20代~50代以上に選ばれている保険をランキング別に徹底比較!葬儀死亡保障安い相談も可能です。
acceptable	生命保険の見積もり比較サイト
acceptable	掃除のプロが常駐
unacceptable	安いがん医療保険はどれがいい？
acceptable	介護職への転職を無料でサポート
unacceptable	【公式サイト】武雄温泉アパート
unacceptable	掛け捨て死亡保険最新
acceptable	【公式】直売カーセンサー
acceptable	茨城県の賃貸物件情報サイト・賃貸マンション・アパート・一戸建ての物件掲載数が豊富。
acceptable	壁紙の貼り替えを検討中の方へ
acceptable	着付けやヘアセットもおまかせ
unacceptable	オリックス生命のマイページ。オリックス生命の保険商品・保険料のチェックはコチラから
acceptable	福島介護ワーカー口コミ求人
acceptable	がん保険の人気1位~3位を発表
unacceptable	【公式】Timeeその日にバイト
unacceptable	楽天カードの作り方/新規入会&ご利用で8000ポイントプレゼント・年会費永年無料！
acceptable	高額になる場合もある先進医療も保障する先進医療保険。【死亡保障も備えられる医療保険】
unacceptable	貯蓄型貯蓄性保険
acceptable	【フェア予約】明治神宮
unacceptable	"【万一の場合も安心】保険料が上がることなく死亡保障が""一生涯""続きます／終身保険ライズ"
unacceptable	≪依頼者120万人突破≫ミツモアなら記帳害獣駆除ネズミ、伐採など専門のプロに任せましょう。
acceptable	介護職の求人なら【名古屋市】
unacceptable	税理士浴室水栓交換業界大手
unacceptable	人とビジネス、環境にやさしい安心の住友不動産半蔵門対応などの最新設備オフィスなら住友不動産
unacceptable	【急募】最短1ヵ月で転職
unacceptable	車を高く売るなら月々の支払いがおすすめ。メンテナンスフルパッケージが受けられる
unacceptable	結婚式場相談はこちらから
unacceptable	【旧】アイフル事業サポート審査
acceptable	0・1・2歳台の今だからこそ、親子で楽しく学べる「子ども向けタブレット学習」【全額返金保証】
unacceptable	【おすすめのセール対象作品が充実】話題のBL・TLギャラリーフェイク漫画も無料で試し読み
unacceptable	【公式】楽天ETCカード
unacceptable	介護ワーカーに転職。ここにしかない非公開の求人の中からあなたに合った求人をご提案します！
unacceptable	一人暮らしやペット可などのテーマから選べる理想のお部屋探山鹿市賃貸アパート物件多数掲載中
unacceptable	教育費+学費で選ぶ保険
acceptable	【コスパ抜群】デスクチェア
acceptable	有料老人ホームやグループホームなど施設形態からも介護や福祉の求人を探せる。口コミも紹介
acceptable	掃除のプロが解決する依頼年間約27万件
acceptable	求人情報、毎日更新中！あなたの希望条件にあった求人を提案。面接・履歴書対策もサポートします
unacceptable	奈住友不動産販売札幌西営業センター【公式】
acceptable	住友不動産上野店
unacceptable	ウェディング相談なら埼玉で。あなただけの理想の結婚式をお得に探そう。
unacceptable	【公式】Timeeタイミー日雇い
acceptable	死亡保険も死亡定期も
acceptable	在宅勤務案件で月収100万円も
acceptable	集客と売り上げ/充実サポート
acceptable	掃除の会社を独立開業を。研修が充実して安心・約95%の方が掃除業者の仕事未経験で活躍
acceptable	オンラインで顔見ながら保険相談
acceptable	おそうじ本舗」「おそうじ本舗のフランチャイズ」と検索したらでてきます。
acceptable	プロジェクター・会議用デスク
acceptable	【エトヴォス公式】愛さディアミネラルファンデーション新登場。憧れのうるおいあふれるツヤ肌へ
unacceptable	LDLコレステロールを減らす
unacceptable	法人・個人事業主アイフル
unacceptable	下野市の賃貸物件情報サイト・人気駅・栃木県の物件多数掲載・快適な生活を送りたい！
acceptable	【各務原市】賃貸アパート情報
acceptable	エアコンの掃除はおそうじ本舗
acceptable	掃除の会社」が独立開業
unacceptable	葬儀保険はどこがおすすめ?
acceptable	【公式】小林製薬／ナイトミン
acceptable	セゾンカードは年会費永年無料。貯まったポイントはお買物や別のポイントにも交換OK
acceptable	おそうじ本舗」ブランドで全国展開中!
acceptable	【最新版】事業者向けローン
unacceptable	専門アドバイザーがピッタリの職場をご提案。介護の正社員の初任者研修をご紹介。まずは会員登録
unacceptable	車用サブスクを検索。リクルートが提供する「直売カーセンサー」
acceptable	掃除のフランチャイズで独立するなら。依頼年間約27万件【不況に強い】おそうじ本舗がおすすめ
acceptable	マンション排水管清掃はプロにお任せ
acceptable	【公式】EX Intelligence
unacceptable	県民共済は持病があっても入れる死亡保険。比較なら保険市場
unacceptable	庄原市の賃貸物件情報サイト・更新頻度最短5分・駅近物件で快適な生活を送りたい！
acceptable	清掃業の求人募集もfc本部が協力
unacceptable	掛け捨て保険月いくらないを発表
acceptable	カンタン2分の操作で依頼完了
unacceptable	タイミー兵庫で結婚式をご検討中の方へ!面接や登録会、履歴書は必要なし。
unacceptable	働きタイミー兵庫時に働けて、すぐにお金がもらえるスキマバイトサービス／Timee(タイミー)
unacceptable	赤ちゃんやトイレの水漏れ修理・マタニティフォト。プロに頼めば大切な写真が理想の仕上がりに。
unacceptable	個人事業主専用ビジネスローン
acceptable	地域密着の不動産屋さんがおすすめする賃貸物件をチェック!
acceptable	面接なしで即マッチング
acceptable	公式購入おそうじ本舗
unacceptable	看護助手の求人
unacceptable	個人アイフル事業サポート方向け
acceptable	店舗数業界１位／全国１,701店舗
acceptable	一人暮らしやペット可などのテーマから選べる理想のお部屋探し。初期費用などのお問合わせ無料！
unacceptable	365日24時間365日、依頼受付中。最短1分で見積もりが届く
acceptable	車両保険の等級でお悩みの方へ
acceptable	わかりづらい保険の内容はオンラインでもご相談可能。
unacceptable	全国の草刈り・芝刈り業者が登録。最大５社から届く見積りを比較して、オトクに依頼しよう。
acceptable	アルバイト・パートにおすすめ/アプリ開発のお仕事情報!条件を満たしていればすぐ働けます。
unacceptable	楽天カードpink完了
acceptable	掃除のプロが掃除の本領発揮
unacceptable	エトヴォスのミネラルファンデーションの使い方・ミネラルファンデで崩れにくく心地のいい素肌。
unacceptable	佐世保の一人暮らし物件掲載数が豊富。人気駅・長崎県の物件多数掲載・快適な生活を送りたい！
unacceptable	神戸でお部屋探しを楽しく!ライフスタイルを豊かにする情報や最新の賃貸物件を多数ご用意
acceptable	【クレジットカード】お申し込み
unacceptable	出雲市の賃貸アパート情報!一人暮らしやペット可などのテーマから選べる理想のお部屋探し。
unacceptable	介護職員初任者研修/働きながら
unacceptable	東京の様々なエリアに多様なスペックのオフィスビル移転にやさしい安心安全なオフィスビルづくり
acceptable	福島の賃貸物件情報を今すぐCHECK!賃貸マンション・アパート・一戸建ての物件掲載数が豊富。
acceptable	掃除のプロが掃除会社を開業
unacceptable	オフィス家具通販ならBCP。オフィスビル事業を通じて都市と社会に貢献する【住友不動産】
unacceptable	エネトピア でんき
acceptable	価格重視／口コミや実績を比較
unacceptable	ネット申込件数順で保険をご紹介
unacceptable	初期費用の問い合わせもカンタン・ライフスタイルを豊かにする情報や最新香美市賃貸を多数ご用意
acceptable	掃除のプロが家庭をまるごとお掃除。掃除のプロが専用機材・洗剤を使用し、スピーディーかつ丁寧に汚れを落とします
acceptable	【A1中古】の中古車情報
unacceptable	介護ワーカー職求人
unacceptable	賃貸マンション・アパート・一戸建ての物件掲載数が豊富、高知市の公式サイトに掲載
acceptable	キッチン掃除の業者をお探しなら
acceptable	掃除のプロが独立開業」
acceptable	気になる保障をカンタン見積り
acceptable	おそうじ本舗/全国fcオーナー募集
acceptable	エトヴォス/メイクアイテム
unacceptable	駅名から山形マンション
unacceptable	収入保障定期保険どちら1位~3位
acceptable	グループホームの求人が満載。年収400万円以上などの詳細条件で検索可能。口コミも紹介
unacceptable	アイフルファイナンス融資
unacceptable	いきいき短納期/短納期
unacceptable	ネズミ退治に効くもの会社
acceptable	浴室の汚れをプロ技で解決
acceptable	掃除のプロが専用機材・洗剤を使用し、スピーディーかつ丁寧に汚れを落とします
acceptable	住友不動産の戸建
unacceptable	秋田市介護介護ワーカー無料
unacceptable	賃貸情報サイト【滋賀】
unacceptable	敷金礼金岐阜県賃貸物件あり
unacceptable	新規ご入会・ご利用でセゾンカード複数えば使うほどランクが上がりポイント付与率がアップ。
unacceptable	LDLコレステロールが気になる方に話題の成分配合の話題の成分配合・紅麹のパワーをお試し下さい
acceptable	【みずほ銀行】資金使途は自由
acceptable	掃除のプロ集団」
unacceptable	持病や入院・手術の経験がある方も加入しやすい一生涯疾病保険が一生涯にわたり生活をサポート
unacceptable	日雇い・日払いバイトなら仙台
acceptable	安心」「安全」「安定」なサービス
unacceptable	結婚を真剣に考えられる相手に出会いたいなら／ゼクシィマッチングアプリ20代なら会員登録無料。
acceptable	マタニティフォトなら札幌店にお任せください。スタジオアリスで大切な記念日を残しませんか。
acceptable	水回り・お部屋の掃除
unacceptable	悪玉コレステロール下げるにはに
acceptable	鳥取の物件多数掲載。一人暮らしやペット可などのテーマから選べる理想のお部屋探し。
unacceptable	楽天市場楽天jcbカードポイント
unacceptable	公式ブライトエイジ評判
acceptable	【オリックス生命】医療保険
acceptable	マカンの中古車探し
unacceptable	県民共済 千葉中央店
acceptable	店舗数業界No.１のおそうじ本舗
acceptable	条件に合わせて簡単検索
acceptable	【徳島】短期バイト探しなら
acceptable	ゼクシィ 相談カウンター 大阪の結婚式場情報!あなただけの理想の結婚式をお得に探そう。
acceptable	ご家庭でなかなか落ちない汚れをプロ専用の器材・洗剤を使用しスピーディーかつ丁寧に仕上げます
acceptable	個人事業主向けローン
unacceptable	事業ビジネスローン年利
acceptable	高知県の賃貸物件情報サイト・一人暮らしやペット可などのテーマから選べる理想のお部屋探し。
unacceptable	老後の資金はいくら必要？
acceptable	疾病保険シミュレーション
unacceptable	2022年最新／医療保障保険選べる
acceptable	エアコンクリーニングを価格で選んでいませんか？おそうじ本舗が選ばれる理由の秘密をチェック
acceptable	【豊後高田市】賃貸アパート情報
unacceptable	三田市の介護求人がザクザクみつかる!また転職サポートを使えばスムーズに転職ができます。
acceptable	死亡保険をネットで見積もり
unacceptable	人気の生命保険を一括見積もり&比較。生命保険の比較・見積り・相談なら保険市場！
acceptable	安心して開業/全国fcオーナー募集中
acceptable	山田養蜂場【公式通販サイト】
unacceptable	学生専用のクレジットカードといえば楽天カードetc複数がいっぱいのカード日々のお支払いまで。
unacceptable	20代~50代生命保険種類のから、いつまで受け取るかで保険をチェック!相談や見直しなら保険市場へ
acceptable	七五三 前撮りスタジオ/アリス
acceptable	名古屋で介護士の求人・転職なら介護ワーカー 。あなたにピッタリの好条件求人をお探しします。
acceptable	掃除のプロ」を自任し、開業から安定して依頼がある独立開業・全国クリーニング店求人募集情報なら【おそうじ本舗】
acceptable	来店不要／スマホで手続き完結
unacceptable	持病があっても入れる保険は？
acceptable	彦根市の賃貸物件情報サイト・賃貸マンション・アパート・一戸建ての物件掲載数が豊富。
acceptable	掃除のプロが家庭や店舗を訪問!「お掃除のプロ」が家事を代行!
unacceptable	入院医療保険向け保険
unacceptable	神戸の激安物件をチェック!ライフスタイルを豊かにする情報や最新の賃貸物件を多数ご用意
acceptable	結婚式場相談/神奈川で結婚式をご検討中の方へ!あなただけの理想の結婚式をお得に探そう。
unacceptable	保険市場/保険比較・相談の【保険市場】最大級の保険情報サイト取扱保険会社数89社。オンライン保険相談では、ご自宅で保険のご相談や見直し、申込までできると好評。お客さま専用の設計書や商品パンフレットを見ながら保険の検討ができます。お客様満足度97.9%。東証1部上場会社が運営する「保険市場」にご相談ください。
acceptable	ワックスはエコワックス、抗菌ワックス、高耐久ワックスからお選びいただけます。
unacceptable	働きTimee時に働けて、すぐにお金がもらえるスキマバイトサービス／Timee(タイミー)
acceptable	ルポ中古車（USEDCAR）
unacceptable	マイナポイント楽天だけポイントが貯まる！ポイントはコンビニやスーパーでのお支払いにも使える
acceptable	洗濯物のニオイが気になる方へ
unacceptable	賃貸薩摩川内市賃貸物件
unacceptable	全国対応の介護職専門の転職支援サイト【介護ワーカー】。転職サポート登録で非公開求人もご紹介
unacceptable	1日の入院でも入院収入保障定期保険どちら時になった保険をチェック!相談や見直しなら保険市場へ
unacceptable	ネット保険・30歳男性
acceptable	通信教育だから小学1年生から始められる!無料資料請求でもれなく全員にお得なプレゼント
unacceptable	ウェディングドレスを写真だけ
unacceptable	銀行個人事業主代替わり
unacceptable	新キュアがサポート
acceptable	エアコンのカビが気になったら
acceptable	約95％がお掃除業者の仕事未経験
acceptable	床のリフォームの価格を知りたい
acceptable	掃除のプロが集客をサポート!
acceptable	張替えの相場チェック
acceptable	赤ちゃん写真の料金はこちら
unacceptable	奈住友不動産販売星ヶ丘営業センター【公式】
acceptable	ゼクシィでフェアをチェック・挙式のみ・プライベート感のある会場など情報満載
acceptable	【公式】Timee／山形単発バイト
acceptable	事業資金・資金調達・借入れならアイフルビジネスファイナンス／アイフルの新しいビジネスローン
unacceptable	グループホーム職員県広島市求人
acceptable	経営を支えるビジネスローン
acceptable	オリックスクレジットはアプリでいつでもどこでもお申込みいただけます。24Hお申込みOK
acceptable	大手だから安心／エアコン洗浄
acceptable	ゼクシィ カウンター 広島で結婚式をご検討中の方へ!特典付き紹介会場数多数。
acceptable	ハウスクリーニング」とは、家をキレイにすることで快適な生活を送りたい方のためのお掃除業です。ご家庭・店舗/オフィスのあらゆる箇所を掃除のプロが徹底的に汚れを除去。まずは無料で訪問・お見積りいたします。
acceptable	クーラー掃除ならおそうじ本舗
unacceptable	個人アイフル個人事業ローン
unacceptable	来店不要で1時間カンタン申込み。安心して事業資金の調達をするならアイフルグループにお任せ。
unacceptable	の鈴鹿賃貸アパート多数掲載。初期費用の問い合わせもカンタン！賃貸情報サイトCHINTAI。
acceptable	キッチン換気扇クリーニング
unacceptable	山梨でアパート探し・一人暮らしやペット可などのテーマから選べる理想のお部屋探し。
acceptable	オリックス生命・先進医療保険
acceptable	島根県の賃貸物件情報サイト・一人暮らしやペット可などのテーマから選べる理想のお部屋探し。
unacceptable	仙台市太白大阪看護助手
acceptable	オリックス生命の終身保険/評判
acceptable	登録会、面接、履歴書不要
acceptable	松江市の賃貸アパート探し
unacceptable	定期死亡保険ファインセーブ・オリックス生命の医療保険は、お手頃な保険料で充実の保障内容。
unacceptable	賃貸マンション鳥取県賃貸
unacceptable	【持病】があるからと諦めないで
unacceptable	【公式】Timee／CM放映中！すきな時間、すきな場所、タイミー日雇い。最短1時間で働ける！
unacceptable	1番安いがん保険お金の増やし方
acceptable	ウェディングイベントのご予約なら
acceptable	オリックス生命/死亡保険
acceptable	年会費初年度無料
acceptable	結婚式場の費用相場はいくら?
unacceptable	保険市場イチオシの”保険市場”
acceptable	プログラミング不要のアプリ開発
acceptable	オリックスクレジットの会員登録はこちら。オリックス・クレジットのマネーサービス
acceptable	オリックス生命（公式サイト）
acceptable	サーバーラック・業務用サーバーラック。会員ランクに応じてポイント獲得がお得に。
unacceptable	人とビジネス、環境にやさしい安心のオフィスビル空室対応などの最新設備オフィスなら住友不動産
unacceptable	楽天カード楽天アカデミー2枚目も作成可能。2種類の国際ブランドが選べて、様々な店舗で使える！
unacceptable	万一の時に備え、葬儀保険やがんになって、初めて備えようと思う。年齢や性別でがん保険を探せる
acceptable	ミラジーノ
unacceptable	ゼクシィ/公式サイト
acceptable	キズを付けずに洗浄
unacceptable	不動産売却ならカウカモ！あなたの不動産売却で全員に1万円分のギフト券プレゼント
unacceptable	【ゼクシィ】カウンターで24時間予約
unacceptable	不動産奈良不動産売却
acceptable	大手だから安心/換気扇掃除代行
acceptable	即入居可・敷金礼金ゼロ物件あり
unacceptable	≪依頼者数0,0,0人突破≫建築・予防ネズミ退治のプロから見積もりが届く!おトクなプロを選べる。
unacceptable	【公式】出雲アパート物件あり
acceptable	赤ちゃんの写真撮影スタジオがこんなに安いのは今だけ。万全の対策で安心安全の撮影を。
acceptable	老後に必要な資金を今から蓄える個人年金保険をおすすめ。保険比較のことなら保険市場!
acceptable	会社員で終わりたくない方へ
acceptable	癌保険/がん保険をご検討の方
unacceptable	【公式】Timeeバイト短期
unacceptable	20代～50代以上の医療保障保険。保険の加入メリットとは？保険の悩みはオンラインで無料相談
unacceptable	来店不要で24時間カンタン申込み／安心して事業資金の調達をするならアイフルグループにお任せ。
acceptable	≪カンタン2分≫質問事項に答えるだけで依頼完了！フォトグラファー多数登録中。出張撮影も可能
unacceptable	引受基準緩和型医療保険
unacceptable	学資保険5位～5位を発表
unacceptable	オリックス生命ケガ通院：公式
unacceptable	お近くの修理業者
acceptable	宇都宮市の新築分譲マンション
acceptable	スマイルゼミ小学4年生・無料資料請求でもれなく全員にお得なプレゼント
unacceptable	約100種の条件からあなたにマッチした一宮市の賃貸マンションを選べる・愛知県の物件多数掲載。
unacceptable	ETCカードなら楽天年会費無料!通行料金100円につき1ポイント貯まる
acceptable	松山市/賃貸アパート情報サイト
acceptable	水アカ除去&コーティング仕上げでピカピカの鏡に
unacceptable	不動産査定
unacceptable	約100種の条件からあなたにマッチした七尾市の賃貸アパートを選べる・石川県の物件多数掲載。
acceptable	掃除のプロが家庭を訪問。家の中の細部までスッキリ洗浄します
unacceptable	（公式）オリックス
acceptable	窓ガラスクリーニング
acceptable	フォトウェディングの出張撮影
unacceptable	ゼクシィ東京會舘で結婚式をご検討中の方へ!ふたりの大切なウエディングをサポート。
unacceptable	【即日】申ファインセーブ保険料
unacceptable	【公式】鳥取電気
acceptable	必要なスキルは人生経験だけではない!おそうじ本舗の説明会は、地域や年代に応じたケース事例をご紹介。
unacceptable	生命保険はどこがいい?
unacceptable	出会いアプリ30代・WEB対応。半年以内に運命の出会いを実現／R15・登録無料：リクルート。
unacceptable	お風呂・草取り値段
acceptable	【2022年誕生】キュア・ネクスト
unacceptable	≪見積もり無料≫車内浄水器カートリッジ交換の清掃をご検討ですか?2分の操作で依頼が出せます。
acceptable	窓のハウスクリーニング
unacceptable	ファインセーブの死亡保険。オリックス生命の医療保険は、お手頃な保険料で充実の保障内容。
unacceptable	人気の生命保険会社ランキング・自身の万が一の時に備える保険・ご相談は保険市場
acceptable	ハウスクリーニングのプロが専用器材・洗剤を使用し、スピーディーかつ丁寧に汚れを落とします
acceptable	横浜の賃貸物件情報を今すぐCHECK!賃貸マンション・アパート・一戸建ての物件掲載数が豊富。
acceptable	タント カスタムの中古車探し・車種別カタログや相場情報が充実！
acceptable	レンジフード掃除は業者に依頼
acceptable	野々市市の賃貸物件情報サイト・一人暮らしやペット可などのテーマから選べる理想のお部屋探し。
unacceptable	個人事業主セーフティネット方
unacceptable	2022年63歳死亡保険
acceptable	事業資金の事ならアイフルビジネスファインナンスにお任せ！今すぐ申込みOKなビジネスローン
unacceptable	エトヴォス/マイページ
acceptable	掃除業者のフランチャイズで独立
unacceptable	スマホで千歳物件公式
acceptable	《予約・店舗検索》成長を残そう
acceptable	専門ケアマネージャー仕事内容
unacceptable	終身の医療保険のおすすめは?
unacceptable	スマホ山梨県賃貸物件
acceptable	掃除のプロが店舗をまるごとキレイに!
unacceptable	入院オリックス三大疾病
unacceptable	アイフルビジネスファイナンスのビジネス法人ローン。契約後は1時間1日いつでも借入れ可能！
acceptable	掃除のプロが集客や売上アップのサポート!
acceptable	安心して開業／全国加盟店募集中
unacceptable	駅名から新潟市西区賃貸物件
unacceptable	毎日豊富な新着物件！南国市賃貸・家賃相場の検索も可能。学割適用の物件・ペット可など多数掲載
unacceptable	【登録はこちらから】
unacceptable	女性hokennichibaランキング
acceptable	掃除のプロが家庭訪問・おそうじ本舗での面談により、ご家庭の悩み事を解決。
acceptable	須賀川の賃貸物件情報サイト・賃貸マンション・アパート・一戸建ての物件掲載数が豊富。
unacceptable	最短オリックスクレジット即日
unacceptable	死亡保障安いネット～3位
unacceptable	2022年最新／死亡ja保険学資保険
unacceptable	人気の個人年金保険をランキングで一括比較。年齢・性別、月払保険料を選択するだけで簡単比較！
acceptable	掃除のプロ」が専門機材を使用し、日々の掃除では取りずらい汚れを徹底的に洗浄いたします!
acceptable	郡山市の物件多数掲載。一人暮らしやペット可などのテーマから選べる理想のお部屋探し。
acceptable	2枚目の楽天カードは別の券面デザインが選べる。気になる楽天学生クレジットカードを申し込み！
unacceptable	結婚式場・結婚式場相談ならお任せください!二次会や前撮り、指輪のご相談も可能です。
acceptable	こびりついた油汚れもピカピカに
unacceptable	詰まりやすいママの救世主
unacceptable	草刈り費用もたら
unacceptable	楽天カードなら新規入会&利用で8000ポイント・お得にポイントを貯めて、活用しよう
acceptable	北見デイサービス求人
unacceptable	プレオrsカーセンサー
acceptable	医療保険ランキング第1位は?
acceptable	こだわりの洗浄品質
acceptable	【LIXIL】オンラインショップ
acceptable	シニア郵便局貯蓄型保険
unacceptable	結婚式場相談はブライダル埼玉
unacceptable	保険はなさくていいの?
unacceptable	佐賀の賃貸物件
acceptable	2枚目も作成可能/楽天カード
acceptable	【兵庫県】賃貸物件を探すなら
unacceptable	女性保険はどこが保険通院
unacceptable	近くの水道つまり修理
unacceptable	人気のシニア保険を一括比較＆資料をどう生命保険会社評価？相談や見直し、保険選びは保険市場！
acceptable	人気ワンダンス漫画も配信中
unacceptable	【がん保険】おすすめはこちら
acceptable	希望に沿った非公開案件もご紹介
unacceptable	ETCカードはクレジットなしの楽天ペイ!通行料金100円につき1ポイント貯まる
unacceptable	来店不要で5時間カンタン申込み／安心して事業資金の調達をするならアイフルグループにお任せ。
acceptable	ハウスクリーニングのフランチャイズで独立
acceptable	オリックスのカードお申し込み
acceptable	サッシ掃除の料金はこちらから
acceptable	オリックス公式アプリ・融資のみならず、多様なシーンに最適なマネーサービス。
unacceptable	【公式】住友不動産豊洲
acceptable	質の高いサービス・納得の価格
unacceptable	介護職員初任者研修/2週間無料
acceptable	おそうじ本舗」ブランド認知度の高さで2020年度のご依頼は約27万件以上!
acceptable	脱サラして独立・開業したい方へ
acceptable	スバルのフォレスターの中古車
acceptable	地域密着で独立・開業するなら
unacceptable	メール・手紙・契約書の翻訳
acceptable	新潟市の賃貸物件情報サイト・一人暮らしやペット可などのテーマから選べる理想のお部屋探し。
unacceptable	約100種の条件からあなたにマッチした宇都宮市の賃貸アパートを選べる・【更新頻度最短5分】
unacceptable	ETCカード作り方は楽天ペイサイトで決まり!通行料金100円につき1ポイント貯まる
acceptable	【生命保険】安い・気軽に始められるおすすめ
acceptable	全国のチラシデザイン・フライヤー作成のプロが登録。お近くのプロからオトクな見積もりが届く!
acceptable	コゲ付きや油汚れ、カビ・水アカなど面倒なお掃除は全部まとめてプロにお任せ!
acceptable	入院・通院・特定３疾病への備えなど、気になる保障をパワーアップできる医療保険。
acceptable	持病があっても入れる保険は?
unacceptable	福井の賃貸アパート情報を今すぐチェック!毎日豊富な新着物件を様々な条件で探せる。
unacceptable	出張撮影/パーティネズミ業者
acceptable	【香南】賃貸・アパートを検索
unacceptable	中津市の賃貸物件情報・家賃相場・学校名で検索：ライフスタイルに合ったお部屋探し
unacceptable	筑波大学の賃貸アパート情報!一人暮らしやペット可などのテーマから選べる理想のお部屋探し。
acceptable	所要時間は最短2時間で掃除完結
unacceptable	オリックス生命の定期型死亡保険ファインセーブは、お手頃な保険料でご提案します
acceptable	ゼクシィ【公式サイト】
acceptable	壁の掃除をプロに依頼
acceptable	【おすすめのセール対象作品が充実】人気ガールズ漫画試し読み！人気の少女・女性漫画が充実
acceptable	事務所の空室をお探しなら
unacceptable	大阪で住宅売却柏原不動産売却}で住宅売却するなら
unacceptable	山形の賃貸物件情報を今すぐCHECK!賃貸マンション・アパート・一戸建て情報検索。
acceptable	ウェイクの中古車探し
acceptable	最長80歳まで保障するがん保険
acceptable	PC、スマホのデータから浮気調査
unacceptable	害獣駆除ネズミ駆除
acceptable	赤ちゃんの写真の服装に迷ったら
acceptable	掃除」という仕事の重大さが身にしみてわかる仕事です。やりがいをもって、きれいな空気をお客様にお届けしましょう!
unacceptable	アパート・茨城県アパート
unacceptable	葬儀保険の人気top5を発表
acceptable	【引っ越し見積もり】料金相場
unacceptable	更新頻度最短5分・様々な検索方法で自分に合った物件を・エリア韮崎市アパートからも探せる！
unacceptable	中古車リース車契約
acceptable	山梨県の賃貸物件情報サイト・一人暮らしやペット可などのテーマから選べる理想のお部屋探し。
acceptable	保険相談の保険市場
acceptable	掃除のプロが家庭をキレイに!【おそうじ本舗】
unacceptable	切り替え楽天ピンクカードます
acceptable	【加東市】賃貸アパート情報
acceptable	中古車情報・中古車検索
acceptable	楽天ETCカード／お申込
acceptable	（公式）オリックス生命
unacceptable	全国対応の介護職専門の転職支援サイト【介護ワーカー】。看護助手正社員こそ転職したいあなたへ
unacceptable	会津若松の賃貸物件情報!賃貸マンション・アパート・一戸建ての物件掲載数が豊富。
acceptable	おひとりさま漫画
unacceptable	お部屋探しの条件は？人気のテーマから物件の周辺丸亀賃貸マンション物件情報を多数掲載！
acceptable	人気のアニメなど、豊富なジャンル･コンテンツが盛りだくさん。初回購入なら90日間無料。
acceptable	平均月商約111万円/充実の研修制度で安心開業!まずはかんたん資料請求
acceptable	デジタル時計-SCN10
unacceptable	公式/住友不動産秋葉原
acceptable	賃貸マンション・アパート・住宅など不動産物件の部屋探し。初期費用の問い合わせも簡単。
acceptable	納得の価格
acceptable	壁紙掃除代行【壁紙染色】
acceptable	ー介護職の給料事情を徹底解明ー
unacceptable	【公式】佐賀市マンション
acceptable	綺麗な店舗が自慢のおそうじ本舗
unacceptable	【カウカモ】公式HP
unacceptable	【公式】岩手県賃貸
unacceptable	取引は全国のATMで利用可能。お悩みの事業者100万円融資個人資金繰りの足しに事業者ローン
acceptable	【最新版】おすすめカードローン
acceptable	日産ノート中古車を6,000台以上掲載!カーセンサーアフター保証は料金が安い！
unacceptable	来店不要で5時間カンタン申込み／安心して事業資金の調達をするなら緊急融資グループにお任せ。
acceptable	津山市/写真館の予約
acceptable	換気扇の吸い込みが弱くなっていませんか？細かい部品に付いた油汚れを分解洗浄で落とします
acceptable	フローリングクリーニングの業者なら
acceptable	風呂掃除はプロにおまかせ
acceptable	【公式アイフルの審査はこちら】
acceptable	掃除のプロが専用機材・洗剤を使用し、スピーディーかつ丁寧に汚れを落とします。
unacceptable	ベビー排水管クリーナー
unacceptable	東京の不動産を豊洲マンション売却で全員に1万円分のギフト券プレゼント
acceptable	掃除のプロ」が教えるハウスクリーニング | おそうじ本舗今日をキレイに。明日を快適に。おそうじ本舗は、ハウスクリーニングのプロ集団です。プロならではの技術と道具で、日頃の落としきれない汚れを徹底的に洗浄します。汚れやカビ、ニオイを取り除いて、キレイで快適な生活を送りませんか?
acceptable	最新トレンドの電子ロボット
acceptable	単発・未経験OK・完全在宅・フルリモートのバイト求人も多数・面接や登録会、履歴書は必要なし。
acceptable	メディケア生命の死亡保険／公式
unacceptable	事業資金・資金調達・借入れならアイフルビジネスファイナンス／アイフルの新しいビジネスローン
acceptable	平均月商約110万円
acceptable	賃貸マンション・アパート・一戸建ての物件掲載数が豊富。賃貸情報サイトならCHINTAI
unacceptable	豊後高田市の賃貸物件情報サイト・家賃相場・学校名で検索：ライフスタイルに合ったお部屋探し
unacceptable	【加東介護求人】他
unacceptable	【公式】スマホで我孫子市賃貸
unacceptable	楽天ETCetc年会費無料楽天
unacceptable	アパート探しは【岐阜】
acceptable	横手の賃貸物件情報あり。ライフスタイルを豊かにする情報や最新の賃貸物件を多数ご用意
acceptable	水回りの頑固な汚れ、エアコンの分解洗浄など、頑固な汚れはプロの技にお任せ!
acceptable	オフィスビル事業を通じて都市と社会に貢献する【住友不動産】
unacceptable	セゾンプラチナビジネスローンはメリット満載・自動マイル移行サービスも無料。
acceptable	葬儀死亡保険ネットランキング
unacceptable	結婚式場相談はブライダル銀座
acceptable	掃除の会社」という意味も込められているおそうじ本舗。全国1,701店舗展開中!
unacceptable	保険市場が保険相談キャンペーンを実施。オンラインで手軽に保険相談可能。
unacceptable	シニア 派遣 60 代
unacceptable	アイフルビジネスファイナンスは即日融資も可能。原則、無担保・無保証人付きローン申込み受付中
acceptable	マタニティフォト/名古屋
unacceptable	住友不動産販売御茶ノ水店・充実の設備/災害対策/24時間直接管理など魅力的なオフィスビル多数
acceptable	【公式ホームページ】楽天カード
unacceptable	エトヴォス／公式ECサイト
acceptable	介護士資格取得講座
acceptable	掃除のプロが教える」/おそうじ本舗
acceptable	簡単3分/全国対応のエアコンクリーニング
unacceptable	銀行ビジネスローン年利
unacceptable	楽天ピンクカード男に公式
unacceptable	リースで中古車をお探しの方へ
unacceptable	来店不要/webで完結のカーリース
acceptable	おそうじ本舗」のフランチャイズ募集が、期間限定でスタートします! フランチャイズは初めてという方でも安心・安定して独立・開業・起業!
acceptable	富山市/賃貸アパート
acceptable	第二の人生はここから始まる。おそうじ本舗の説明会は、地域や年代に応じたケース事例をご紹介。
unacceptable	東京の不動産を原野売買するならカウカモ！プロが不動産売却をエスコートします
acceptable	【橿原】賃貸・アパートを検索
unacceptable	葬式・仏具の通販
unacceptable	福岡市猫可の賃貸物件情報あり。一人暮らしやペット可などのテーマから選べる理想のお部屋探し。
acceptable	スイッチonで今日のおすすめ学習内容を自動で選定。万が一の故障・破損でも安心の保証をご用意。
acceptable	掃除のプロが独立開業/全国加盟店募集中
acceptable	バッグ・インナーバッグ／デスク机ラックグッズ／CD・DVD・ブルーレイケースなど多数取り揃え
unacceptable	40緩和型医療保険
acceptable	鳥取の光熱費を安く
unacceptable	2枚目楽天ポイントカード作り方生活をお考えなら、楽天カードで決まり！お得にポイントを貯める
acceptable	おそうじ本舗のフランチャイズはサポート・研修体制が充実。ハウスクリーニング業界未経験でも安心・安定して独立・開業・起業!
unacceptable	お葬式費用保険人気ランキング
unacceptable	サービス管理責任者県大野市求人
acceptable	約100種の条件からあなたにマッチした鳥取市の賃貸アパートを選べる・賃貸情報サイト CHINTAI。
acceptable	カフェのようなお洒落スタジオ
unacceptable	楽天カードの審査はこちら【原則、在籍確認なしの楽天カード】クレジットカードなら楽天カード。
acceptable	冷蔵庫クリーニングなら
unacceptable	高所や外側のトイレの水漏れ
acceptable	家中まるごと徹底清掃
unacceptable	残価設定ローン見積もり
acceptable	事業資金の調達ならこちら
acceptable	ハイスペックな洗浄機材
acceptable	ベビーフォトの写真撮影
acceptable	デイサービスの求人情報
acceptable	初期費用を抑えた物件もご紹介
acceptable	学校・工場・飲食店など、オフィス専用商品も取り扱い中。まとめ買い見積も受付中!
acceptable	楽天カードのお申し込みはコチラ
unacceptable	介護ワーカー登録してないOK
acceptable	年齢･性別から死亡保険を探す
unacceptable	【出水賃貸】公式サイト
acceptable	理想の企業を見つける転職サイト
acceptable	窓の清掃業者をお探しなら
unacceptable	安い掛け捨ての死亡保険はどれ？
acceptable	創立20年以上／安心の支援体制
acceptable	【2022年最新】中古車情報
acceptable	水まわりの頑固な汚れ、エアコンの分解洗浄など、頑固な汚れはプロの技にお任せ!
unacceptable	個人事業主の税務に強い行政書士ならBCPにお任せください。
unacceptable	20代~50代以上の人が気にエフコープ共済年金を何歳から、いつまで受け取るかで保険を決める
acceptable	未経験でも安心の独立・開業
unacceptable	【公式】Timee／CM放映中！すきな時間、すきな場所、バイト橋本環奈。最短1時間で働ける！
unacceptable	ナイトミン製薬のサプリ
acceptable	掃除のプロが家をピカピカに
unacceptable	鳥取ガスの株式会社を紹介
acceptable	【出雲市】賃貸アパート情報
unacceptable	お葬式費用保険比較
unacceptable	岐阜の賃貸物件情報を今すぐチェック!賃貸マンション・アパート・一戸建ての物件掲載数が豊富。
acceptable	すぐにでも修理に来てほしい
acceptable	換気扇のしつこい汚れにプロの技
acceptable	掃除のフランチャイズで独立
acceptable	【加須】賃貸・アパートを検索
acceptable	おそうじ本舗・おそうじ本舗
unacceptable	八代市の新築戸建て情報はこちらから・毎日豊富な新着物件を様々な条件で探せる。
acceptable	【入会金・年会費無料】24時間・365日ご利用可能なORIXMONEYのWEB完結ローン！
unacceptable	浮気・不倫による素行調査
unacceptable	賃貸マンション・初期宮崎県賃貸マンションの問い合わせもカンタン！賃貸情報サイトCHINTAI。
unacceptable	鍵開けに迷うことなく安い鍵
unacceptable	ネット車サブスク利用
acceptable	掃除のプロが家庭をキレイに
unacceptable	岩見沢市のアパート情報。新着物件を約100種類のこだわりテーマから検索
unacceptable	岐阜の賃貸アパート情報を今すぐチェック!毎日豊富な新着物件を様々な条件で探せる。
acceptable	面倒なエアコンクリーニングはプロにお任せ！安心と信頼の実績【おそうじ本舗】でキレイに
acceptable	介護士／年収400万円以上の求人も
unacceptable	毎日豊富な新着物件！網走市賃貸・家賃相場の検索も可能。学割適用の物件・ペット可など多数掲載
acceptable	終身医療保険おすすめ50代
unacceptable	1番安い癌+死亡保険はどれ?
unacceptable	【運動不足・ヨガ長岡・美しさ維持】悩みに合わせて選べるレッスン！ホットヨガやピラティス等
unacceptable	人とビジネス、環境にやさしい安心の事務所空室事業を通じて都市と社会に貢献する【住友不動産】
unacceptable	高ファッション人材派遣の求人
unacceptable	雨風で汚れやすいのにホースがないと大変、シロアリ駆除一軒家値段・結婚式写真までピカピカに。
acceptable	満足度no.1の小学生タブレット
unacceptable	人生100年時代、介護生命保険会社評価自分に合った保険をチェック！相談や見直しなら保険市場へ
acceptable	横浜の賃貸物件情報を今すぐCHECK!ライフスタイルを豊かにする情報や最新の賃貸物件を多数ご用意
unacceptable	介護ワーカー広島市介護求人
acceptable	脱サラ」「独立・開業」「フランチャイズ開業」なら
unacceptable	医療医療保険（いりょうほけん）
unacceptable	直売カーセンサー／新車リース
acceptable	メディケア生命保険/公式サイト
acceptable	単発・短期バイトの登録はコチラ
acceptable	【公式】住友不動産の賃貸オフィス
acceptable	ハウスクリーニングのフランチャイズで独立するなら。依頼年間約27万件【不況に強い】おそうじ本舗がおすすめ
unacceptable	日本橋住友不動産オフィスビル
unacceptable	妙高看護助手北海道苫小牧市求人
unacceptable	デイカイゴワーカー求人求人
acceptable	静岡市の賃貸物件情報サイト・一人暮らしやペット可などのテーマから選べる理想のお部屋探し。
acceptable	近くの掃除屋さん
acceptable	選べる保険金額・保険期間
acceptable	オリックスマネーのカードローン・融資のみならず、多様なシーンに最適なマネーサービス誕生。
acceptable	マタニティフォト アリス
acceptable	毎日使うキッチンをピカピカに
acceptable	デザイナーズ賃貸物件
acceptable	終身保険ライズ シュミレーション・オリックス生命の終身保険ライズは長期的な貯蓄性もあります
acceptable	カーローンを月々支払いでお得に。全車保証ありの新車のサブスクがご利用可能。
acceptable	介護職／ヘルパーの求人情報
acceptable	エブリイワゴンの中古車探し・カーセンサーアフター保証は料金が安い！
unacceptable	保険掛け捨て平均金額ランキング
unacceptable	兵庫/一人暮らしおすすめ物件
unacceptable	死亡保険、医療保険、がん保険、就業不能保険のシンプルなラインナップ。【死亡保険】
acceptable	【公式】スタディサプリ
unacceptable	楽天カードの学生限定！好みに合わせて楽天カード発行日数／新規入会＆ご利用で1ポイント
unacceptable	生命保険死亡保険なし人以上
acceptable	【女性専用】インストラクターも女性だから安心。ダイエットや筋トレを取り入れたレッスンが多数
unacceptable	直方の賃貸物件情報を今すぐCHECK!毎日豊富な新着物件を様々な条件で探せる。
unacceptable	千葉県の賃貸アパート情報を今すぐチェック!一人暮らし向け、ペットと暮らせる物件を紹介。
unacceptable	全国のシロアリ駆除の専門業者が登録。条件に合ったシロアリ駆除の見積もりが届く!
unacceptable	年代別の1年定期保険の病気などを手厚く保障いたします!女性保険の相談や見直しなら保険市場へ
unacceptable	最大5社から見積もり
unacceptable	医療保険の見積もり比較サイト
acceptable	持病があっても入れる保険は？
unacceptable	おプレミアカード楽天はこちら
acceptable	レンジフード交換をどこに頼む?
unacceptable	奈不動産売却福岡【公式】
acceptable	スバルXVの中古車探し
acceptable	【公式】アイフルのローン
unacceptable	【公式】Timee／Timee放映中！すきな時間、すきな場所、すきな職種で最短1時間から働けます。
acceptable	オリックスマネー会員様限定!オリックス・クレジットから新しいマネーサービス登場
unacceptable	【新規専用】個人事業主口座・個人事業主向けの申込み／アイフルビジネスファイナンスで資金繰り
acceptable	介護職の転職をフルサポート
acceptable	掃除のプロ」が教えるハウスクリーニング
unacceptable	シロアリ駆除一軒家値段張り替え
acceptable	簡単!無料見積もりはこちら
unacceptable	【3月】引越し・荷物運搬
unacceptable	タイミーバイトにすぐ働けてすぐお金がもらえる！メンドウな面接や履歴書も一切必要ありません！
unacceptable	ファインセーブ保険料ウィッシュ
acceptable	不快感を与えない清潔なスタッフ
unacceptable	一人暮らしやペット可などのテーマから選べる理想のお部屋探し。初期費用などの韮崎賃貸掲載中
acceptable	最新のオシャレな結婚式情報満載
unacceptable	ネット申込みなら保障は申し込んだメディケア生命保険充実の保障で保険料はずーっとあがらない！
acceptable	おそうじ本舗/全国1,701店舗
unacceptable	蛇口の取り付け方取付け
acceptable	保険相談Wキャンペーン実施中
unacceptable	ネズミ防除スズメバチの巣
unacceptable	のグループホームの求人
acceptable	《顧客との関係構築を促進》
acceptable	窓ガラス掃除をプロに依頼
acceptable	賃貸マンション・アパートの物件掲載数が豊富。女性の賃貸情報サイトならWoman.CHINTAI
unacceptable	【公式】オリックス
unacceptable	スキマバイト求人をご紹介。テレビCMで話題「今日なんにもやってないじゃん…私。
unacceptable	スズキエスクード中古依頼
acceptable	札幌の賃貸物件情報を今すぐCHECK!最新の空き状況や詳細情報がスマホで確認できる
acceptable	未経験の方でも安心サポート体制
acceptable	掃除のプロがオーナー業開業
acceptable	鳥取の賃貸物件情報を今すぐCHECK!ライフスタイルを豊かにする情報や最新の賃貸物件を多数ご用意
unacceptable	2人に1人はがんと78歳でも入れる死亡保険気になった保険をチェック!相談や見直しなら保険市場へ
unacceptable	セゾンカードなら最短即日入会&ご利用で5000ポイントプレゼント
acceptable	結婚式場情報。ゼクシィなら駅近徒歩5分以内＆送迎バス付の式場など嬉しいポイント多数あり
acceptable	【シロアリ110番】シロアリ予防
acceptable	清掃業のフランチャイズで独立するなら。依頼年間約27万件【不況に強い】おそうじ本舗がおすすめ
acceptable	スズキツイン中古で
unacceptable	貯蓄型生命保険終身ライズ
acceptable	ご加入1年目から全額保障
acceptable	メディケア生命保険／公式サイト
acceptable	おそうじ本舗で儲かる商材
unacceptable	安芸高田市の賃貸物件情報サイト・更新頻度最短5分・駅近物件で快適な生活を送りたい！
unacceptable	最新保険ランキング
acceptable	まずは無料で訪問・お見積りいたします。
acceptable	エトヴォス【公式サイト】
acceptable	岡崎市の賃貸物件情報サイト・一人暮らしやペット可などのテーマから選べる理想のお部屋探し。
acceptable	住友不動産例設備
acceptable	LANケーブル／HDMIケーブル／USBケーブルなど、各種サーバーラックおすすめを選ばず大活躍！
unacceptable	楽天カードを楽天カード入会学生
acceptable	女性保険の個人年金外貨建てランキング比較＆資料請求。シニア保険の相談、保険選びは保険市場！
unacceptable	国内最大級の保険比較サイト≪保険市場≫人気の個人年金保険を一括比較＆資料請求。
unacceptable	定期死亡保険ファインセーブ・オリックス生命の生命保険は、お手頃な保険料で充実の保障内容。
acceptable	約100種の条件からあなたにマッチした山形市の賃貸アパートを選べる・【更新頻度最短5分】
acceptable	無料登録で全サービスが利用可能
acceptable	突然の出費に心強い資金調達方法
unacceptable	オリックスのライズ シュミレーション。さらにお申込みしやすくなりました！
unacceptable	返礼77歳でも入れる死亡保険
acceptable	・青年漫画を無料で試し読み
acceptable	掃除のプロ」が開業を完全サポート!
acceptable	公式キッチン おそうじ本舗
unacceptable	結婚式場相談は【関東】で
acceptable	掃除のプロがオーナー代行!店舗無しok/低資金から開業可能
unacceptable	法人・個人事業主向け
unacceptable	鳥取のガス自由化でより安い電気料金プランを探そう!3年契約で¥48,300(税込)おトク
unacceptable	タイミー 福山市の情報がわかる!すきな時間、すきな場所、すきな職種で最短1時間から働けます。
unacceptable	悪玉コレステロールが気になる方に話題の成分配合。初回限定980円でお得に試してみませんか？
acceptable	【最新】がん保険選びサイト
unacceptable	東京のひばりヶ丘駅不動産売却のご相談・査定でギフト券1万円分プレゼント
acceptable	人気の学資保険1位～5位
unacceptable	住友不動産新宿オークタワーの様々なエリアに多様なスペックのビルを展開。まずはお問い合わせを
acceptable	【公式】介護ワーカー：介護職特化の転職サポートサイト。プロと面談してもっと希望通りの職場へ
unacceptable	格安、予算を意識したトイレの水漏れで汚れやすいのにホースがないと大変な作業はプロにお任せ。
unacceptable	賃貸マンション／広島県賃貸物件
acceptable	壁紙染色業者/壁紙染色サービス
acceptable	【人気順】学資保険ランキング
acceptable	オリックスのカードローンは最短翌日からご融資OK・」お金を理由に諦めてしまう前に
acceptable	専用機材で洗浄後ワックスを2回塗布。驚きの輝きを取り戻し、床材もしっかりガードします。
unacceptable	学生向け賃貸鎌倉賃貸
unacceptable	楽天ポイントカードプレゼント
acceptable	大手だから安心/お風呂掃除代行
acceptable	青森市/写真館の予約
unacceptable	【神戸】介護職の求人情報
acceptable	スバルエクシーガ中古車のサイト
unacceptable	全国の草刈り・芝刈りのプロが登録。お近くのプロからオトクな見積もりが届く!
unacceptable	終身がお葬式の保険保険1位～3位
acceptable	介護、福祉関連の新着求人
unacceptable	2人に1人はがんと保障葬儀保険ランキングで認知症を患ってる人は5人に1人と推察されています。
acceptable	介護の求人をお探しなら全国対応の介護ワーカー。会員登録で希望条件に合った求人がメールで届く
acceptable	アリスの七五三写真撮影
unacceptable	医療保険は保険料が上がらない
unacceptable	公式ホームページ
acceptable	グッドデザイン賞多数受賞。確かな提案力と技術力でいつまでも暮らし注文住宅住友と思える家を
acceptable	【安来市】賃貸・アパートを検索
acceptable	鳥栖市の賃貸アパート情報
acceptable	掃除のプロが家庭を掃除のプロに!必要な資格はあるの?/講座情報
acceptable	ウエディング情報が満載
acceptable	はじめてのお誕生日撮影を一生の思い出に。衣装も充実!はじめてでも安心サポート
acceptable	【公式】切替器直営通販サイト
acceptable	笑顔を生み出すプロ
acceptable	掃除のプロ」が開業支援!
acceptable	ブライダルフェアのWEB予約はこちら。少人数挙式など費用を抑えたい方向けのプランも充実
unacceptable	高圧洗浄アパート排水管清掃費用
acceptable	《スマホ完結》最短即日借り入れ
acceptable	【相談無料】駅前マンションや土地などの購入・売却なら住友不動産販売！売却査定の依頼が無料
acceptable	【おすすめのセール対象作品が充実】人気漫画を無料で試し読み！フルカラー版の漫画も配信中
acceptable	姫路市の新着アパート情報を毎日更新!賃貸マンション・アパート・一戸建ての物件掲載数が豊富。
unacceptable	【オフィシャル】オリックス生命
unacceptable	シニア保険/63歳死亡保険
acceptable	店舗数業界1位/全国1,701店舗
unacceptable	楽天カードクレジットポイントから1週間でお届け！年会費永年無料でポイントもざくざく貯まる
unacceptable	約100種の条件からあなたにマッチした一宮市の賃貸マンションを選べる・【更新頻度最短5分】
unacceptable	引越し配送依頼に依頼
acceptable	終身ライズ【公式HP】
acceptable	ドラム式洗濯機もクリーニング可
acceptable	窓ガラス清掃・クリーニング
acceptable	ブライダルフェアのWEB予約はこちら。プロポーズされたら、まずはブライダルフェアへ！
unacceptable	保険市場／アドバンスクリエイト
unacceptable	江津市の賃貸アパート情報。一人暮らしやペット可などのテーマから選べる理想のお部屋探し。
acceptable	国内最大級の保険比較サイト
unacceptable	働き単発バイト募集時に働けて、すぐにお金がもらえるスキマバイトサービス／Timee(タイミー)
acceptable	カーセンサー(carsensor.net)
unacceptable	セゾンカード申し込みサポート。限定優待やサービスでより快適な生活を求めるあなたをサポート
unacceptable	明石の介護求人がザクザクみつかる!グループホーム等様々な施設形態、勤務形態で求人検索可能
unacceptable	横手の賃貸物件情報あり。一人暮らしやペット可などのテーマから選べる理想のお部屋探し。
unacceptable	賃貸賃貸川口情報
acceptable	宇都宮市/女性一人暮らし
acceptable	メール対応のみOK、60秒で送信／車両確認や見積もり依頼【無料】
unacceptable	福井県立大学学生寮。
unacceptable	保険金額と保険期間を自由にカスタマイズ。ムダのない保障選びで保険料を抑えることができます。
acceptable	話題のコレステロール対策サプリ
unacceptable	姫路 グループホームの求人、転職なら介護ワーカー。もっとキャリアアップできる職場へ
acceptable	ドラム式洗濯機洗浄もお任せ
acceptable	ネットで申込み／お手頃な保険料
unacceptable	【お使い道自由】ご利用限度額は10万~800万円／高校・大学等の入学金、授業料等教育資金にも。
acceptable	小学3年生の勉強を応援/公式
acceptable	おそうじ本舗」とは
acceptable	蛇口・水漏れ修理の業者なら
acceptable	東住吉区 介護職の求人情報
acceptable	楽々家財整理♪
acceptable	大手だから安心／おそうじ本舗
unacceptable	都心にある2棟を超えるオフィス環境オフィスや賃事務所を条件に合わせて検索できる公式サイト
unacceptable	年会費永年無料のピンク楽天etc引き落とし！好みに合わせて付帯サービスをカスタマイズできる
acceptable	おそうじ本舗/独立開業
acceptable	スマイルゼミ/小学生コース
acceptable	お近くの掃除代行なら
unacceptable	個人アイフル事業サポートページ
acceptable	個人情報不要【簡単お見積もり】
acceptable	掃除のプロが掃除する
acceptable	在庫確認は無料
unacceptable	【単発バイト募集中!すきな時間、すきな場所、すきな職種で最短1時間から働けます。
acceptable	全国fcオーナー募集
acceptable	弁理士に無料で見積もり
acceptable	ハウスクリーニング求人
acceptable	エアコンクリーニング/お掃除のことならおそうじ本舗
acceptable	SUZUKI（新古車ジムニー）
acceptable	脱サラ」や「独立・開業」を考えている方へ
acceptable	米沢市の賃貸物件情報サイト・賃貸マンション・アパート・一戸建ての物件掲載数が豊富。
acceptable	創立20年以上/安心の支援体制
acceptable	洗濯機の汚れを徹底除去
unacceptable	宝塚市の賃貸物件情報を今すぐCHECK!毎日豊富な新着物件を様々な条件で探せる。
acceptable	楽天プライオリティパス・コンビニやスーパーでのご利用でザクザク貯まる
acceptable	月商300万を達成したオーナーも
acceptable	全国販売店から欲しい中古車をカンタン検索。初めて購入する方がわかりやすい、豊富な中古車情報
acceptable	保険市場イチオシの”がん保険”
acceptable	壁紙掃除代行
unacceptable	違い楽天カードアカデミー無料
unacceptable	アパート山梨賃貸
acceptable	【公式】住友不動産のオフィス
unacceptable	【人気の介護保険を徹底比較】どこを選んでいいかわからない方に、通院生協生命保険が見つかる。
acceptable	掃除の会社」を独立開業するなら
unacceptable	【生命保険自宅療養位～5位】
acceptable	綺麗な部屋で気持ちよくお料理を
unacceptable	オリックスのファインセーブ 評判。病気や事故、災害でも同額の死亡保障が受取れます。
unacceptable	安い医療保険はどこ？
acceptable	札幌でマタニティフォトグラファーを募集中!母となる第一歩の思い出をマタニティフォトで。
unacceptable	主任ケアマネ求人率
unacceptable	ウェディング相談千葉し
acceptable	おそうじ本舗」「おそうじ本舗のフランチャイズ」について詳しくは説明会でご説明しています
unacceptable	月々112円傷害保険通院日額比較
unacceptable	介護ワーカー京都の求人、転職なら介護ワーカー。転職時の書類や面接もプロがサポート【公式】
unacceptable	協議スズメバチの巣
acceptable	dxを自社アプリで解決
unacceptable	オリックス生命70歳以上以上の方や、持病のある方もぴったりな保険が見つかる。資料請求はこちら
acceptable	はじめてのお宮参り写真は一生の思い出に。衣装も充実!初めてでも安心お任せ!
unacceptable	ブライダルフェア サイト
unacceptable	法人の方は決算書1期分と本人確認書類1点で最短即日金貸し個人。原則、保証人・担保不要で融資
unacceptable	短期バイト探しなら仙台のバイト情報掲載。スキマ時間にすぐ働けてすぐお金がもらえる！
acceptable	島根の賃貸物件情報を今すぐCHECK!ライフスタイルを豊かにする情報や最新の賃貸物件を多数ご用意
acceptable	壁紙クロスクリーニング／天井・床／窓（室内側のみ）｜ハウスクリーニングのおそうじ本舗おそうじ本舗の「壁紙染色」とは、時間やお金がかかる壁紙の貼り替えとは違い、今ある壁紙の表面に独自開発した染料を塗り重ねることで、まるでリフォームしたように仕上げることができるサービスです。
unacceptable	ETCカード即日発行で楽天ペイが使える!ポイントはコンビニやスーパーでのお支払いにも使える
unacceptable	定期死亡保険が激安
acceptable	富山の賃貸物件をお探しの方へ
acceptable	追加料金無し明瞭会計
acceptable	挙式のみのウエディングなら
acceptable	死亡保険は死亡保障で選ぶべき・人気の死亡保険を見積りで比較・積立年金の死亡保険をランキング
unacceptable	学資保険シュミレーション。20代～50代以上の人が気になった学資保険をチェック！
acceptable	無料で一括見積もり依頼
acceptable	掃除」のフランチャイズで独立
unacceptable	オシャレなララポート・カバー探すなら＆ｍall。お部屋に置きたくなる可愛い家具を多数ご用意！
acceptable	最大５社の料金比較
unacceptable	都城市の新着アパート情報を毎日更新!人気の厳選テーマから理想のお部屋探し【スマホでCHINTAI】
unacceptable	【公式】ガス引越し
unacceptable	【ゼクシィ】相談カウンター梅田
unacceptable	葬儀保険市場店舗数
unacceptable	お近くのチラシデザイン
acceptable	近くのデイサービス求人情報
acceptable	ご注文住宅住友不動産
acceptable	設備充実×安心安全の住友不動産オフィスビルや賃事務所を条件に合わせて検索できる公式サイト
unacceptable	個人事業主口座様向けローン
acceptable	おそうじ本舗のやめました
acceptable	掃除のプロが開業支援
acceptable	【紅麹コレステヘルプ】中高年の悪玉コレステロール対策におすすめ。紅麹のパワーをお試し下さい
acceptable	脱サラ」または「独立・開業」をお考えのあなたへ。おそうじ本舗ならしっかり稼げます。
unacceptable	楽天カードのETCカードはETCカードの年会費無料。通行料金100円につき1ポイント貯まる
acceptable	内覧･お問い合わせはこちら
unacceptable	【5】100万円融資個人ローン
acceptable	英語・プログラミング講座で新学習指導要領に対応。約90%が学ぶ習慣の定着を実感しています。
acceptable	等級別の割引率をチェック
acceptable	頚がん保険の加入は早めの準備を!女性特有の病気やがんに手厚い保障の保険をランキングでご紹介
acceptable	VGA-DES暖房器具
acceptable	【SUBARU中古車】カーセンサー
unacceptable	【Saison credit Card】貯まったポイントはお買物や別のポイントにも交換OK
unacceptable	保険相談の保険市場
unacceptable	介護ワーカー大阪介護
unacceptable	持病がある方でも申し込める一生涯保障の医療保険。充実の保障でメディケアのお手頃な保険料！
acceptable	アニメ好き必見/無料アプリ
acceptable	掃除の会社」のfc加盟店を独立開業を。研修が充実して安心・約95%の方が掃除業者の仕事未経験で活躍
acceptable	【個人年金保険】ランキング比較
acceptable	福岡県の賃貸物件情報サイト・一人暮らしやペット可などのテーマから選べる理想のお部屋探し。
unacceptable	終身がん医療保険試算が分かる
acceptable	業界店舗数no.1/全国1,701店舗
acceptable	掃除のプロが店舗をピカピカに
acceptable	おそうじ本舗」の運営者様・オーナー様は食べログ店舗準会員(無料)になると、お店の様々な特典が受けられます。
acceptable	公式hp限定キャンペーン中 キッチンのお掃除 | おそうじ本舗キッチン、冷蔵庫、レンジフード・換気扇のお掃除はプロにお任せ!おそうじ本舗ならしつこい油汚れも徹底的に清掃・洗浄してピカピカに仕上げます。
acceptable	新潟の賃貸情報なら
acceptable	掃除のプロが独立開業
acceptable	空室のお部屋をまるごとキレイに。新生活を綺麗なお部屋でスタートさせたい方におススメのパック
acceptable	東京會舘で結婚式をご検討中の方へ!ふたりの大切なウエディングをサポート。
unacceptable	楽天楽天学生クレジットはこちら
acceptable	《大人気》キャラクター撮影あり
unacceptable	お申楽天ポイントカード可能の楽天カード！普段のお買い物や公共料金のお支払いにもご利用できる
unacceptable	東京の家無料査定査定するならカウカモ！プロが不動産売却をエスコートします
acceptable	【公式】サンワサプライ直営
acceptable	日本全国
acceptable	人気の在宅ワークokの求人も掲載
acceptable	掃除のプロが全国展開中!全国1,701店舗
acceptable	【豊後大野市】賃貸アパート情報
acceptable	【2022】個人年金保険ランキング
unacceptable	すみふ中野の結婚式場情報!東京の様々なエリアに多様なスペックのビルを展開。
unacceptable	人気の死亡保険をプロが比較
acceptable	コンロやシンクは勿論、窓や壁まとめてお掃除対応でキッチン一式がピカピカに／詳細はこちらから
acceptable	ポルシェ911の中古車探し。カーセンサーアフター保証は料金が安い！
unacceptable	6歳の方も申ライズサポート終身
acceptable	オリックスマネーの審査は最短即日回答!オリックス・クレジットから新しいマネーサービス登場
acceptable	お宮参り撮影はスタジオアリス
acceptable	最大5名から見積もりが
acceptable	窓の掃除ならおそうじ本舗
acceptable	日雇いの求人情報が満載!すきな時間、すきな場所、すきな職種で最短1時間から働けます。
unacceptable	安心・安全に婚活するなら出会いアプリ相手に出会いたいなら／ゼクシィ縁結びなら会員登録無料。
acceptable	スバルの中古車／ヴィヴィオ中古
acceptable	掃除が仕事の会社員が月商300万を達成した理由とは!
acceptable	ー介護職の転職をフルサポートー
acceptable	約100種の条件からあなたにマッチした佐賀市の賃貸物件を選べる・【更新頻度最短5分】
unacceptable	【新規専用】個人事業主向けビジネス融資会社／個人事業主向け。原則、保証人・担保不要で融資
acceptable	脱サラ」「独立・開業」「起業」など、あなたのニーズに合ったおそうじ本舗が選べます。
unacceptable	ゼクシィ カウンター 渋谷の情報がわかる!結婚式会場以外もフォローが充実。
acceptable	年会費永年無料/楽天pinkカード
unacceptable	年金型保険はどこが一番お得？
unacceptable	低予算で車を検討している方へ。頭金０円でカーリースが利用できる「直売カーセンサー」です。
acceptable	山鹿市の新着アパート情報を毎日更新!賃貸マンション・アパート・一戸建ての物件掲載数が豊富。
unacceptable	【草取り値段】プロフィール写真
acceptable	在宅・時短での派遣求人も
unacceptable	エブリイの春夏新作も続々登場
acceptable	オフィスにマッチする業務用タイプからインテリアにPCパーツ払い、送料無料など、最短当日出荷！
acceptable	ゼクシィ/関西の結婚式場
acceptable	サッシ掃除代行【おそうじ本舗】
acceptable	鳥取ガス/問い合わせはこちら
acceptable	掃除の業者を独立開業を。研修が充実して安心・約95%の方が掃除業者の仕事未経験で活躍
unacceptable	エトヴォス口コミファンデ
acceptable	【公式】マウスダイレクト
acceptable	掃除のプロが自宅をまるごとピカピカに
acceptable	笑顔を引き出すプロにおまかせ
acceptable	低燃費なステンレスキッチン
unacceptable	【最新版】事業者向けローン
acceptable	掃除の会社」として全国展開中!
acceptable	奈良市/賃貸アパート情報サイト
acceptable	洗濯槽の見えない黒カビも洗浄
acceptable	掃除の本舗
acceptable	掃除のプロ」が全国約1,701店舗展開中!
acceptable	宇部市の賃貸アパート情報
unacceptable	【保険市場】
acceptable	結婚式場人気ランキング掲載中
acceptable	不快感を与えない清潔なスタッフ/まずは無料で訪問・お見積りいたします。
unacceptable	毎日更新の豊富な物件情報で、ご希望のエリア・こだわり条件から理想の賃貸情報が見つかる
acceptable	宮城県の短期バイト情報掲載。メンドウな面接や履歴書も一切必要ありません！
unacceptable	年齢・性別から選べるおすすめの生命保険をご紹介・備えたい保障内容から人気商品を徹底比較。
acceptable	【嬉野】賃貸・アパートを検索
unacceptable	オフィス移転ならBCP
unacceptable	夜勤大東介護求人介護京都
unacceptable	草むしり業者交換
acceptable	全労済年金入るべき保険
unacceptable	キッチン蛇口・水栓の浄水器
acceptable	"【万一の場合も安心】保険料が上がることなく死亡保障が""一生涯""続きます／終身保険ライズ"
unacceptable	楽天クレジットカードはポイントざくざく貯まる、お得なクレジットカード!【2枚目作成も可能】
unacceptable	ldlコレステロール高いサプリ
unacceptable	郡山市賃貸情報・マンション
acceptable	テレビ台に最適なTVスピーカーをご紹介。椅子・机などのオフィス用品やPC周辺機器など販売
acceptable	中古車をお探しならカーセンサー
acceptable	介護ワーカー岡山県求人
unacceptable	約100種の条件からあなたにマッチした高山市の賃貸アパートを選べる!岐阜県の物件多数掲載。
unacceptable	保障メディケアライフ
unacceptable	浴室水栓交換と比較
unacceptable	近くの水道屋さんを比較
acceptable	ライズ保険シュミレーション生命
unacceptable	年会費永年無料の楽天楽天マイナポイント限定！好みに合わせて付帯サービスをカスタマイズできる
unacceptable	橿原土地価格}で売却なら
unacceptable	すみふれオフィスで結婚式をご検討中の方へ!まずはお問い合わせを
unacceptable	初期費用などのお寒河江市アパート費用の問い合わせもカンタン！賃貸情報サイトCHINTAI。
acceptable	女性目線で造られたスタジオは、清潔感とお洒落な雰囲気が人気！気分が上がるホットヨガスタジオ
unacceptable	4180万円～5590万円
unacceptable	【セゾンカード】今だけ使える
unacceptable	≪依頼料無料≫テレビ取付のプロ探しはミツモアで!実績やネズミ撃退法の業者を見つけましょう。
unacceptable	会津若松市の賃貸アパート情報!ライフスタイルを豊かにする情報や最新の賃貸物件を多数ご用意
acceptable	眠る力をサポートするナイトミン
acceptable	すぐに働けるバイト情報掲載。メンドウな面接や履歴書も一切必要ありません！
acceptable	最大級の保険情報サイト
acceptable	学資保険の気になる保険料を比較
acceptable	掃除」の仕事だけで生活していけるのが「おそうじ本舗」の強味とは!
unacceptable	即盛岡アパート物件あり
acceptable	台所の嫌なぬめりを徹底除去！
unacceptable	全国のネズミ駆除の専門業者が登録。条件に合ったネズミ駆除・防鼠工事の見積もりが届く!
unacceptable	【公式】介護ワーカー：介護の兵庫看護助手求人を考えている介護職の方にピッタリ。口コミあり
acceptable	敷金・礼金0、プロの技で新生活を綺麗に
unacceptable	全車保証車で安心のカーリース
acceptable	ふたりにぴったりの式場を提案
acceptable	ネズミ防除のプロを探すなら
unacceptable	入院保険80歳以上生命
unacceptable	Keyおひとりさま漫画
unacceptable	人気駅から徒歩10分神宮寺アパート。初期費用の問い合わせもカンタン！賃貸情報サイトCHINTAI。
unacceptable	敷金エリア山形アパートの物件あり／家賃相場・学校名で検索：ライフスタイルに合ったお部屋探し
unacceptable	無料／楽天カード
acceptable	ハウスクリーニングで独立・開業・起業|ハウスクリーニングのおそうじ本舗おそうじ本舗のフランチャイズはサポート・研修体制が充実。ハウスクリーニング業界未経験でも安心・安定して独立・開業・起業!
unacceptable	【公式サイト】美唄賃貸アパート
unacceptable	死亡メディケア生命保険／公式
acceptable	バリュープラン/SPOOX
acceptable	おそうじ本舗/フランチャイズ フランチャイズで独立・開業・起業|ハウスクリーニングのおそうじ本舗おそうじ本舗のフランチャイズはサポート・研修体制が充実。ハウスクリーニング業界未経験でも安心・安定して独立・開業・起業!
unacceptable	【旧】ビジネクスト／事業者向け
acceptable	全国の水漏れ修理のプロが登録。最大5社から届く見積もりを比較して、オトクに依頼しよう。
unacceptable	いつも通り楽天カードをサービス楽天ピンクカード可能！大人気のクレジットカードは楽天カード
acceptable	おそうじ本舗の手取りをご紹介
acceptable	【ゼクシィ】ブライダルフェア
unacceptable	掛け捨て型生命保険なら
acceptable	アスタリフトホワイトシリーズ
acceptable	審査不安だけどクレカ欲しい方へ
unacceptable	公式アスタリフト化粧水美白
acceptable	【14日分お得な税込540円】メタバリアサプリの継続摂取で、bmiを改善!健康的な生活をサポート
acceptable	最短即日発行でも年会費無料
unacceptable	富士フィルムジェリー
acceptable	アスタリフトホワイト/公式
unacceptable	《aga院限定》毎月3名様限定の無料モニター実施中！発毛治療3ヶ月分が無料、料金最大3％OFF！
unacceptable	発毛医療のDクリニック横浜は、薄毛治療に特化した医療機関。無料でカウンセリング実施中！
unacceptable	新宿駅チカで通いやすい。3万人以上が発毛育毛クリニックを実感！安心の全額返金保証制度有り。
unacceptable	運動不足が気になるこの時期にメタバリアサプリ！BMIが高めの方のおなかの脂肪・体重を減らす！
unacceptable	どのクレジットカードがいいか迷っている方必見！ETCカードも同時申込が可能で一緒にゲット。
unacceptable	年会費やポイント還元率・発行スピード等いろいろなランキングをご紹介！時間マスタークレジット
unacceptable	【公式】富士フィルムジェリーへ
acceptable	VISAカードのお申込みはこちら
acceptable	目標・面談・評価データ一元管理
unacceptable	公共料金のお支払いもOK
acceptable	メタバリアEXのサプリ
acceptable	簡単審査のクレカを探すなら
unacceptable	審査が甘いクレジットカード
acceptable	個人・組織の課題を可視化、勤務評価エクスペリエンスを改善／HRBrainの組織診断サーベイ
unacceptable	神奈川のAGA治療クリニックは277万人の実績があるDクリニックへ。AGAメディカルケアクリニック
unacceptable	最新技術のAGA診断システムで的確な治療新宿抜け毛！安心の全額返金保証制度有り。
unacceptable	多機能ツールはもういらない
unacceptable	シンプルで使いやすい。スピード発行可能なmastercardカードを作るか検討中の方必見
unacceptable	DXのデジタル化なら
acceptable	エンゲージメント向上促進
unacceptable	社内評価ブレイン
unacceptable	月額3,630円から始める本気のagaクリニック神奈川／AGAメディカルケアクリニック
unacceptable	設問カスタマイズが自由自在
unacceptable	最新技術のAGA診断システムで的確な治療を。agaメディカルケアクリニック克服への第一歩！
unacceptable	クレジットカードはどこに行けば作れる?今すぐおすすめクレカをチェック
unacceptable	公式オンラインメタバリア評判
unacceptable	横浜／満足度3.3％のAGA育毛
acceptable	メタバリアEX/公式通販
acceptable	人事管理を効率化するシステム
unacceptable	AGA治療ならDクリニック神奈川にお任せください。最新技術のAGA診断システムで的確な治療を。
unacceptable	人材データの管理・分析・活用を叶える。HRBrainで業務の人事考課システムをはじめませんか？
unacceptable	発毛医療のDクリニック横浜は、薄毛治療に特化した医療機関。AGAメディカルケアクリニック
unacceptable	採用〜退職・企業文化など17領域でexスコアを定量化し、組織だけでなく、個人における課題を抽出
unacceptable	360HRBrainEXIntelligence調査
unacceptable	【14日分お得な税込540円】メタバリア評判の継続摂取で、bmiを改善!健康的な生活をサポート
unacceptable	クレジットカード徹底比較2021
acceptable	【mastercard】カードローン
acceptable	富士フイルム公式/サラシノールの継続摂取により腸内環境を整える!
acceptable	組織診断サーベイを簡単に実施
unacceptable	月額3,630円から始める本気のAGA治療薄毛治療神奈川治療／AGAメディカルケアクリニック
unacceptable	クレジットのマルイ・あなたに最適なクレジットカードは？
unacceptable	総務・人事システム
unacceptable	富士フイルム化粧品美白＋初回限定。輝く肌へのSTEPケア／先行美容液・化粧水・美容液つや肌へ。
acceptable	友達にも紹介した/50代女性
unacceptable	最新技術のAGA診断システムで的確な治療新宿agaメディカルケアクリニック克服への第一歩！
unacceptable	ルナメアACアクアデイセラム公式
unacceptable	クレカのお申込みはこちら
acceptable	AGA治療は専門クリニックで
acceptable	カード人気ランキング第１位は？
acceptable	アスタリフトホワイトのブライトローション。富士フイルムの技術ですみずみまでうるおいを。
unacceptable	外国でも作れるクレジットカード・あなたのライフスタイルに最適な1枚が見つかる！
unacceptable	19歳から作れるクレジットカード。今すぐおすすめクレカをチェック
unacceptable	クレジットならマルイ
acceptable	キャッシュマスタークレジット
unacceptable	【年会費無料】クレカ簡単カード
acceptable	クレジットカードの登録はコチラ
unacceptable	評価制度導入トライアル
unacceptable	育毛治療無料モニター実施中
acceptable	有料道路で車を止めることなく通過できる！ETC付きのクレジットカードはコチラ。発行手数料無料
acceptable	横浜で選ばれるAGAクリニック
unacceptable	クレジットが使える外国人向け
unacceptable	マスターカード登録BEST5
acceptable	年会費無料のカード
unacceptable	月額3,630円から始める本気のAGA横浜薄毛クリニック／AGAメディカルケアクリニック
unacceptable	徹底クレジットカード簡単発行
unacceptable	即日でクレジットカードを作りたい方へ／ネットショッピング・旅行・公共料金の支払い等にも便利
unacceptable	人事EXIntelligenceHRBrain
acceptable	富士フイルムの美白化粧品。世界最小クラスのセラミドが、ハリ・うるおいをサポート。
acceptable	クレジットカードの即日発行
acceptable	人材データの管理・分析・活用を叶える。hrbrainで業務の効率化をはじめませんか?
unacceptable	ポテンシャル人材データの管理・分析・活用を叶える。HRBrainで社内評価効率化できます。
acceptable	AGA(薄毛・育毛・発毛)に特化した最先端治療を提供。月額3,630円から始める本気のAGA治療
unacceptable	【公式】アクアリスタジェリー肌
unacceptable	誰にもバレずに作れるクレジットカード・今すぐおすすめクレカをチェック
unacceptable	人材データを一元管理可能：離職防止や人材育成など、タレントマネジメント課題の解決をお手伝い
unacceptable	富士フィルムジェリー公式
acceptable	人材データ活用で組織課題を解決
unacceptable	【富士フイルム】ルナメア
unacceptable	【年会費無料】VISAmastercard
acceptable	mastercardなら最短即日発送でカードが届く!数あるマスターカードから厳選してご紹介致します。
acceptable	年会費やポイント還元率・発行スピード等いろいろなランキングをご紹介クレジットカード簡単無料
unacceptable	年会費やポイント還元率・発行スピード等いろいろなランキングを信用金庫クレジットカードらそう
unacceptable	【国内初】EX社員評価制度
acceptable	月額3,630円から始める本気のAGA治療植毛新宿治療／AGAメディカルケアクリニック
unacceptable	クレジットカード2枚目第5位は？
unacceptable	メタバリアEXの効果で気になるシワやたるみを解消!メタバリアお試しするなら今がチャンス！
unacceptable	クレジットで外国へ出掛けよう!あなたに最適なクレジットカードは？
unacceptable	《20代・30代専門》のAGA新宿agaメディカルケアクリニッククリニックなら
acceptable	エンゲージメント向上を実現
acceptable	【HRBrain EX】HRのスペシャリストによる伴走型のサポート体制でご提供。
acceptable	マスターカードの作り方
unacceptable	アスタリフトuv（税込）
unacceptable	ETCカードが作れない理由とは?
unacceptable	マスターカード発行比較
unacceptable	シンプルで使いやすいクレジットカードを徹底比較!今すぐおすすめクレカをチェック
acceptable	簡単に通るクレジットカード
unacceptable	従業員の評価・スキル・モチベーション管理できていますか?【無料トライアル実施中】
unacceptable	年会費やポイント還元率・発行スピード等いろいろなランキングをご紹介簡単クレジットカード無料
unacceptable	HRBrainEXシステム
unacceptable	アスタリフトジェリーだけ使う。
unacceptable	若年性薄毛の悩みは専門院で相談を・AGAメディカルケアクリニック
unacceptable	通販+初回限定!あなたのお肌の悩みに合わせて選べるアスタリフトお試し1,100円
unacceptable	公式／AGAメディカルケア植毛院
unacceptable	クレジットカード20歳
unacceptable	AGAメディカルケアクリニック横浜院の予約はホットペッパービューティー・薄毛克服への第一歩！
acceptable	今、選ぶべきカードをインターネットで徹底比較。条件検索で好みのクレジットカードが見つかる。
unacceptable	最短即日発行、年会費永久無料、ポイント高還元、おすすめのクレジットはこちら!
unacceptable	豪華フルラインでお手入れができるお試しセットをご用意！富士フイルムの化粧アスタリフト美白
unacceptable	aga横浜クリニック
unacceptable	it人事考課システム
unacceptable	AGA治療ならDクリニック横浜にお任せください。無料でカウンセリング実施中！
acceptable	圧倒的に簡単な人事評価クラウド
unacceptable	AGAクリニックで効果を実感
acceptable	人材データを一元管理
unacceptable	クレカマスターカード発行た
unacceptable	【公式】メタバリア効果
unacceptable	アスタリフト下地クリームで
acceptable	高いBMIが気になる方へ
unacceptable	アスタリフトメン
acceptable	薄毛専門治療が新宿で受けれる
unacceptable	公式メタバリアEX効果サイト
unacceptable	抜け毛無料モニター実施中
unacceptable	クレジットのマルイ・どのクレジットカードがいいか迷っている方必見！
acceptable	【メタバリアサプリex】
unacceptable	【公式】アクアリスタジェリーへ
acceptable	最新技術のAGA診断システムで的確な治療を。薄毛克服への第一歩！
acceptable	ご旅行やゴルフなどお客様の生活や趣味をサポートします。あなたに最適なクレジットカードは？
acceptable	戦略的人材マネジメントを実現
unacceptable	AGAの治療はDクリニック
unacceptable	顧客満足度No.1の人事データ分析システム活用支援だけでなく組織改革のパートナーとして伴走。
unacceptable	富士フイルムアスタリフト美白。
acceptable	クレカ人気ランキング第１位は？
unacceptable	人事社員評価制度
acceptable	人事データ分析データ一元管理
unacceptable	人事コンサルタントが悩みを解決
unacceptable	優秀マネージャーの傾向を見える化！勤務評価までの課題の改善に繋がる組織サーベイ／HRBrain
unacceptable	継続摂取でbmiが高めの方のメタバリア評判・ウエスト周囲径を減らす/初回限定14日分税込540円
unacceptable	bmiが気になる方へ!健康的な生活をサポートするサプリメント。ご愛用者のメタバリアサプリ掲載
unacceptable	クレカ人気ランキング第１位は？
unacceptable	【メタバリアEX効果EX】公式
unacceptable	最新技術のAGA診断システムで的確な新宿抜け毛／AGAメディカルケアクリニック
unacceptable	うるおうアスタリフトシミ効果
acceptable	人気クレカ「年会費無料」で選ぶなら！ネットショッピング・ご旅行・公共料金の支払い等にも便利
acceptable	人材データを一元管理可能：離職防止や人材育成など、タレントマネジメント課題の解決をお手伝い
unacceptable	AGA治療ならDクリニック横浜にお任せください。3万人以上が発毛効果を実感！
unacceptable	抜け毛治療クリニック
unacceptable	公式メタバリア評判
unacceptable	アスタリフト下地クリーム肌へ
unacceptable	ステータスクレカマスターカード
unacceptable	ネット簡単クレジットカード
unacceptable	アスタリフトシミ効果公式サイト
unacceptable	クレジットのカードローンは20歳〜50代以上に人気。あなたに最適なクレジットカードは？
unacceptable	新宿駅チカで通いやすい。3万人以上が発毛横浜薄毛を実感！安心の全額返金保証制度有り。
unacceptable	最新技術のAGA診断システムで的確な治療育毛クリニック！安心の全額返金保証制度有り。
unacceptable	横浜のAGA治療クリニックは、薄毛治療に特化した医療機関。AGAメディカルケアクリニック
unacceptable	ポテンシャル人材の発掘につながる組織診断サーベイ／組織だけでなく、個人における課題を抽出。
unacceptable	人事評価職員評価
unacceptable	HRBrain EX
unacceptable	ネットショッピングにも便利
acceptable	簡単なクレジット選びなら
unacceptable	初回限定アクアリスタジェリー
unacceptable	学生にクレカ簡単なクレジットカードをランキング形式でご紹介！年会費無料。ポイント高還元率。
unacceptable	活躍人材の離職防止
acceptable	富士フイルムの美白ケア・世界最小クラスのセラミドが、ハリ・うるおいをサポート。
acceptable	サラシノール配合のメタバリアEX
unacceptable	HRBrainEXIntelligenceリーダー
unacceptable	『導入後も安心』充実のサポート体制！ヘルプデスクや活用HRBrainEXのサポート体制でご提供。
unacceptable	シンプルで使いやすい。スピード発行可能なクレカのカード比較クレカ簡単中から厳選してご紹介
unacceptable	専任のカスタマーサポートが評価エンゲージメント管理導入から構築までサポート体制でご提供。
unacceptable	アスタリフトジェリー価格AC
acceptable	誰でも作れるクレジットカード
unacceptable	優秀HRBrainEXの傾向を見える化！マネジメント課題の特定から管理職の育成計画までサポート。
unacceptable	hrbpの専用ページ
acceptable	最新技術のAGA診断システムで的確な治療薄毛クリニック！安心の全額返金保証制度有り。
acceptable	評価基準やプロセスを見える化
unacceptable	育毛サロンはDクリニック横浜
unacceptable	公式アスタリフト下地クリーム
unacceptable	【男性向け】クレカ簡単5
unacceptable	横浜のAGA治療に特化した医療機関。完全個室・完全予約制で誰にも知られずに通院出来る。
unacceptable	【EX Intelligence】HRのスペシャリストによる伴走型のサポート体制でご提供。
unacceptable	アスタリフト美容液ジェリー公式
unacceptable	どれがいい?マスターカード
unacceptable	5番おクレカ簡単審査
acceptable	富士フイルムの機能性表示食品
unacceptable	横浜のAGAクリニックは
unacceptable	富士フイルムの美白化粧品。さらに、アスタキサンチン配合でハリ・うるおいのある毎日へ。
acceptable	人気の国際ブランドVISAカード！クレカ簡単ショッピング・旅行・公共料金の支払い等にも便利
unacceptable	資料ダウンロードex サーベイ
unacceptable	クレジットカード届くまでの日数
acceptable	社員のエンゲージメントを高める
unacceptable	外国でも作れるクレジットカード・今すぐおすすめクレカをチェック
unacceptable	植毛治療はDクリニック東京で
unacceptable	【サラシノールの継続摂取でメタバリアサプリ】サラシノールの継続摂取により腸内環境を整える！
acceptable	AGAメディカルケアクリニック・最新技術のAGA診断システムで的確な治療を。
acceptable	無料でカウンセリング実施中！完全個室・完全予約制
acceptable	AGAメディカルケアクリニック
unacceptable	人材データの管理・分析・活用を叶える。HRBrainで業務のHRBrainEXをはじめませんか？
unacceptable	月額3,630円から始める本気のAGA治療／AGAagaメディカルケアクリニック評判
unacceptable	月額3,630円から始める本気のaga横浜クリニック治療／AGAメディカルケアクリニック
unacceptable	人事情報システムHRBrainで
unacceptable	横浜のAGA治療に特化した医療機関。3万人以上が発毛効果を実感！
unacceptable	HRBrainEXトライアル
acceptable	組織診断サーベイの効率UP
unacceptable	薄毛専門治療が横浜で受けれる
acceptable	どのクレカが良いか迷ってます?
acceptable	口コミで大人気のメタバリアEX
unacceptable	アスタリフトメン公式
acceptable	【最短即日発行】VISAカード申込
unacceptable	エイチアールブレイン職員評価
unacceptable	人材データの管理・分析・育成マネジメントを叶える。HRBrainで業務の効率化をはじめませんか？
unacceptable	神奈川のAGA治療クリニックは277万人の実績があるDクリニックへ。横浜駅チカで通いやすい。
unacceptable	育毛専門クリニック/公式
unacceptable	【2022年】ACマスターカード
unacceptable	《育毛院限定》毎月3名様限定の無料モニター実施中！発毛治療3ヶ月分が無料、料金最大3％OFF！
acceptable	ポテンシャル人材データの管理・分析・活用を叶える。HRBrainで社内評価効率化できます。
acceptable	富士フイルムの糖質ケアサプリ
acceptable	月額3,630円から始める本気のAGA治療aga薄毛治療治療／AGAメディカルケアクリニック
unacceptable	分割払いもOKのクレジット・キャッシング・どのクレジットカードがいいか迷っている方必見！
unacceptable	月額3,630円から始める本気のAGA治療aga横浜クリニック治療／AGAメディカルケアクリニック
unacceptable	クレジットカードの新規発行はコチラ・今すぐおすすめクレカをチェック
acceptable	従業員サーベイによる離職防止効果や、人材データの管理・分析・活用を実現。
unacceptable	シミジェリーアクアリスタ口コミ
unacceptable	離職率・エンゲージメント・生産性すべての人事課題は従業員のHRBrainEXIntelligence提供。
unacceptable	アスタリフト美白化粧品化粧品
unacceptable	【公式】富士フィルムジェリー品
unacceptable	アスタリフト先行美容液公式
unacceptable	アスタリフトからホワイトエッセンスへの格安変更!メラニンの生成を抑え、シミそばかすを防ぐ
unacceptable	【公式】富士フィルムジェリー
unacceptable	【新宿の育毛クリニック】に悩みに合わせた施術を相談・無料でカウンセリング実施中！
unacceptable	エンゲージメント向上
unacceptable	ドンキのクレジットならバンクイック。どのクレジットカードがいいか迷っている方必見！
unacceptable	月額3,630円から始める本気のAGA治療薄毛治療治療／AGAメディカルケアクリニック
unacceptable	クレジットマイレージクラブ会員様限定!あなたに最適なクレジットカードは？
unacceptable	おアスタリフトシミ効果
unacceptable	【ジェリーアクアリスタ口コミ】
unacceptable	クレジットカードの新規入会&ご利用で最大19歳割引!今すぐおすすめクレカをチェック
unacceptable	【メタバリアEX効果】公式サイト
acceptable	年会費無料カード
unacceptable	富士フイルムアスタリフト美白で
unacceptable	最新技術のAGA診断システムで的確な治療を。新宿agaメディカルケアクリニック克服への第一歩！
unacceptable	月額3,630円から始める本気のAGA治療aga薄毛治療治療／AGAメディカルケアクリニック
acceptable	エンゲージメント向上を促進する
acceptable	クレジットカード比較サイトno.1
unacceptable	公式富士フィルムジェリー
unacceptable	社員評価制度トライアル
acceptable	【年会費無料】mastercardカード
unacceptable	デジタル人材マネジメントの特長や製品口コミ情報など豊富に掲載!
unacceptable	人事業務の効率化や組織取り組み職員評価はこちらから。導入効果と活用メリットについてご紹介。
unacceptable	【公式】アスタリフト導入
acceptable	抜け毛専門治療が横浜で受けれる
unacceptable	最新技術のAGA診断システムで的確な治療agaメディカルケアクリニック横浜への第一歩！
unacceptable	【HRBrain EX】従業員エクスペリエンスをデザインし、ひとりひとりが活躍できる組織へ。
unacceptable	公式／AGAメディカルケア横浜院
unacceptable	ETCクレカ簡単クレカ
unacceptable	HRBrainEXIntelligenceHRBrain
unacceptable	【新宿の育毛クリニック】に悩みに合わせた施術を相談・AGAメディカルケアクリニック
unacceptable	エイチアール社内評価
unacceptable	人事評価システムの特長や製品口コミ情報など豊富に掲載!顧客満足度No.1のサポートチーム。
unacceptable	《ハゲ院限定》毎月3名様限定の無料モニター実施中！発毛治療3ヶ月分が無料、料金最大3％OFF！
acceptable	人材データの管理・人事考課システム・活用を叶える。HRBrainで業務の効率化をはじめませんか？
unacceptable	人事評価で企業のクチコミを確認
acceptable	即日でmastercardを作りたい方へ／ネットショッピング・旅行・公共料金の支払い等にも便利
unacceptable	【アクアリスタ口コミ】
acceptable	【電子マネー対応】レジでのお支払いにおすすめのカード。条件検索で自分にあったカードを探そう
unacceptable	ネットクレカ簡単審査
acceptable	年会費無料のカードランキング
unacceptable	hrmの専用ページ
unacceptable	神奈川のAGA治療クリニックは277万人の実績があるDクリニックへ。無料でカウンセリング実施中！
unacceptable	富士フィルムジェリーセット
unacceptable	【18歳】お金を借りる方法
unacceptable	AGAはげクリニック
unacceptable	アスタリフトジェリー最安値
unacceptable	クレジットカードマスターカード
unacceptable	お得なETCカードや利用審査簡単クレジットカードを一挙公開！ETCカードを作るか検討中の方必見
acceptable	マスターカード【公式サイト】
unacceptable	社員による本音の企業評価制度
acceptable	クレジットカードの作り方
unacceptable	1番作りやすいクレジットカードは?今すぐおすすめクレカをチェック
unacceptable	18歳から作れるクレジット、VISA/mastercard・どのクレジットカードがいいか迷っている方必見！
unacceptable	AGAaga横浜クリニック
unacceptable	クレジットカード19歳
unacceptable	クレカの得する作り方・選び方
acceptable	必見／人気クレジットカード比較
unacceptable	審査が不安なVISA外国人が作れるクレジットカード特集は必見！主婦の方にお勧めのカードはどれ？
acceptable	ご旅行やゴルフなどお客様の生活や趣味をサポートします。どのマスターカードか迷ってる人必見！
unacceptable	富士フイルムアスタリフト美白
acceptable	最短即日発行のマスターカード
acceptable	組織課題を可視化する
unacceptable	外国でも作れるクレジットカード・どのクレジットカードがいいか迷っている方必見！
acceptable	離職率・エンゲージメント・生産性、あらゆる課題は、従業員エクスペリエンスの改善から
unacceptable	優秀マネージャーの傾向を見えるHRBrainEX課題の特定から管理職の育成計画までサポート。
unacceptable	HRBrainEXIntelligenceブレイン
acceptable	人事評価の課題を解決
unacceptable	横浜／aga横浜院
unacceptable	新宿駅チカで通いやすい。3万人以上が発毛aga横浜を実感！安心の全額返金保証制度有り。
acceptable	組織課題をデータで把握
unacceptable	シンプルで使いやすいクレジットカードを徹底比較!あなたに最適なクレジットカードは？
acceptable	学生におすすめのカードを徹底比較！年会費永年無料・安心安全の定番カードを簡単に作れるクレカ
unacceptable	継続摂取でbmiが高めの方のメタバリア口コミ・ウエスト周囲径を減らす/初回限定14日分税込540円
unacceptable	最新技術のAGA診断システムで的確な治療横浜薄毛クリニック！安心の全額返金保証制度有り。
unacceptable	AGA治療の評判が良いクリニック
unacceptable	月額3,630円から始める本気のAGA治療横浜薄毛治療／AGAメディカルケアクリニック
unacceptable	クレジット決済史上最強の2枚カード!あなたに最適なクレジットカードは？
unacceptable	薄毛専門治療が神奈川で受けれる
unacceptable	1番作りやすいクレジットカードは?あなたのライフスタイルに最適な1枚が見つかる！
unacceptable	横浜／薄毛治療神奈川院
acceptable	最新技術のAGA診断システムで的確な治療抜け毛治療！安心の全額返金保証制度有り。
unacceptable	富士フィルムジェリーで
unacceptable	メタバリアEXの効果・口コミをランキング形式でご紹介・メタバリアお試しするなら今がチャンス！
acceptable	申込簡単なクレジットカードなら
acceptable	人事評価をカンタン・シンプルに
acceptable	組織と個人の課題をデータで把握
unacceptable	人事分析を効率化するシステム
unacceptable	360度評価ツール、第1位は?
acceptable	クレカは意外と簡単に作れる?
unacceptable	クラウド型HRサービス
unacceptable	Dクリニックは、1ヶ月平均1万7000人の患者様が通院されている【薄毛を相談できるパートナー】です。
unacceptable	【メタバリア口コミex】
acceptable	人事評価のクラウド化はHRBrain
unacceptable	BMIが気になる方へ！健康的な生活をサポートするサプリメント。ご愛用者のメタバリア効能掲載
unacceptable	デジタル人材のスキルマップ
unacceptable	スキル管理ツール年間ランキング
unacceptable	メディカルケアクリニック
acceptable	クレジットカード簡単申込み
unacceptable	公式アスタリフトシミ効果
unacceptable	エンゲージメントの向上
unacceptable	薄毛治療はDクリニック新宿で
acceptable	メタバリアEX/まずはお試しを
unacceptable	サーベイ
acceptable	誰にもバレずに作れるクレジットカード・あなたのライフスタイルに最適な1枚が見つかる！
unacceptable	aga横浜評判クリニック
acceptable	クレジットカードの申し込みはこちら・あなたのライフスタイルに最適な1枚が見つかる！
unacceptable	最新技術のAGA診断システムで的確な治療を。agaメディカルケアクリニック横浜克服への第一歩！
unacceptable	月額3,630円から始める本気のAGA治療／AGAagaメディカルケアクリニック新宿
unacceptable	大人気富士フィルムジェリー
unacceptable	19歳から作れるクレジットカード。どのクレジットカードがいいか迷っている方必見！
unacceptable	勤務評価ブレイン
acceptable	人材データ活用で業務効率化
unacceptable	おアスタリフト下地クリーム
unacceptable	公式メタバリア富士フイルム
acceptable	従業員の評価・人事情報システム・モチベーション管理できていますか？【無料トライアル実施中】
unacceptable	【富士フイルムダイエット】メタバリア
unacceptable	公式メタバリアサプリ
unacceptable	クレカ支払いがスムーズで便利
acceptable	離職率・エンゲージメント・生産性、すべての課題は従業員エクスペリエンスの改善から
acceptable	AGAメディカルケアクリニック・完全個室・完全予約制で誰にも知られずに通院出来る。
acceptable	20代から始める薄毛治療
unacceptable	学生クレカマスターカード２
unacceptable	人事考課を効率化するシステム
unacceptable	aga薄毛治療クリニック
unacceptable	マスタークレジット/Dカード
unacceptable	美白アスタリフト美白化粧品
unacceptable	クレカの特徴が一目でわかる比較サイト／コンビニ・クレカ簡単代・ホテルなど多くの場所で使える
unacceptable	最短即日発行が可能な人気ETC
unacceptable	富士フイルムメタバリア評判の継続摂取で、bmiが高めの方のお腹の脂肪が減少/機能性表示食品
unacceptable	経営人事データ分析
acceptable	AGAは薬で治りますが、複合型なら的確な診断と治療が重要です。無料でカウンセリング実施中！
unacceptable	年会費ビザカードマスターカード
unacceptable	アスタリフトアクアデイセラム肌
unacceptable	DX人材のスキルを学べる
unacceptable	資料ダウンロードはこちら
acceptable	人材データで組織課題を分析
unacceptable	【最新ETCカード人気比較】あなたのカーライフを充実させる5マスタークレジットを見つけよう
acceptable	無料でカウンセリング実施中
unacceptable	【顧客満足度No.1】戦略的な人事の意思決定を支えるクラウドサービス／離職防止＆定着率勤務評価
unacceptable	誰にもバレずに作れるクレジットカード・どのクレジットカードがいいか迷っている方必見！
unacceptable	it社内評価はHRBrain
unacceptable	通販＋富士フイルム化粧品美白
unacceptable	エンゲージメント評価制度導入
unacceptable	AGA治療はDクリニック横浜
unacceptable	20代、薄毛に悩む20代を薄毛治療で解決!安心の全額返金保証制度有り。
acceptable	【1ON1】専任のカスタマーサポートが評価制度導入から構築まで一気通貫でサポート
unacceptable	クレジットカードの作り方/新規入会&ご利用で5,000ポイントプレゼント
acceptable	組織課題を可視化
unacceptable	実績3万人以上／
unacceptable	【公式】富士フイルム美白
unacceptable	最新技術のAGA診断システムで的確な治療を。agaメディカルケアクリニック評判克服への第一歩！
unacceptable	抜け毛・薄毛に特化した医療機関ならDクリニック横浜にお任せください。薄毛克服への第一歩！
unacceptable	薄毛治療はDクリニック東京で
unacceptable	育毛剤の効果で選ぶなら
unacceptable	はげクリニック院
unacceptable	評価基準のバラつき解消
unacceptable	1番作りやすいクレジットカードは?どのクレジットカードがいいか迷っている方必見！
unacceptable	横浜／薄毛治療治療
unacceptable	【公式】メタバリアお試し
unacceptable	メタバリア富士フイルムこちら
acceptable	キャッシュレス時代に最適な１枚
acceptable	従業員サーベイ実施を検討中なら
unacceptable	抜け毛専門治療が横浜で受けれる
unacceptable	5番ビザカードマスターカード
unacceptable	専任のカスタマーサクセスと社内評価アナリストによるフルカスタマイズのサポート体制でご提供。
unacceptable	勤務評価トライアル
unacceptable	最新技術のAGA診断システムで的確な治療agaメディカルケアクリニック評判克服への第一歩！
unacceptable	月額3,630円から始める本気のAGA治療横浜薄毛クリニック治療／AGAメディカルケアクリニック
unacceptable	メタバリアEXなら富士フィルム
unacceptable	"18歳女性、身内に内緒でお金を借り入れ可能""今すぐにお金を借りる""."
acceptable	クレジットカード簡単申し込み
unacceptable	アスタリフト下地クリームセット
acceptable	クラウド人材管理システム
acceptable	it社内評価はHRBrain
acceptable	即日発行ランキング第１位は？
unacceptable	コスマスターカード作る
unacceptable	お得富士フィルムジェリー公式
unacceptable	最短即日クレジットカード簡単
unacceptable	【公式】メタバリアEX効果EX
acceptable	AGA(薄毛・育毛・発毛)に特化した最先端治療を提供。安心の全額返金保証制度有り。
unacceptable	育毛剤ではなく医師処方の発毛剤を使うことで、身体の内側から根本的な治療を
unacceptable	5クレジットカード簡単
acceptable	【メタバリアEX】公式サイト
unacceptable	年会費が無料のクレカを多数用意
unacceptable	【5年】お申込みが不安な方も必見！mastercard人気のクレジットカードを探す／お得情報も満載
unacceptable	メタバリア口コミ
unacceptable	全国130店舗以上・サロン内の衛生管理を徹底・無料カウンセリングと同じ日に植毛体験OK!
unacceptable	クレジットカードの申し込みはこちら・どのクレジットカードがいいか迷っている方必見！
acceptable	友達にも紹介した／50代女性
acceptable	【公式】アスタリフトホワイト
unacceptable	横浜の薄毛治療に特化した医療機関。無料でカウンセリング実施中！
unacceptable	薄毛治療ならDクリニック横浜にお任せください。3万人以上が発毛効果を実感！
acceptable	簡単&お得なクレジットカードを徹底比較!ネットショッピング・旅行・公共料金の支払い等にも便利
unacceptable	新宿駅チカで通いやすい。3万人以上が発毛はげクリニックを実感！安心の全額返金保証制度有り。
unacceptable	有料道路で車を止めることなく通過できる！ETC付きのクレジットカードはコチラ。発行手数料無料
unacceptable	評価の甘辛調整や離職防止を実現
unacceptable	【公式】アスタリフト導入化粧品
unacceptable	抜け毛治療無料モニター実施中
unacceptable	横浜／育毛クリニック院
acceptable	サラシノールで糖の吸収を抑える
unacceptable	人事考課システムに
unacceptable	【スキルシフト】で働きたい方へ
unacceptable	分割払いもOKのクレジット・キャッシング・あなたのライフスタイルに最適な1枚が見つかる！
unacceptable	最新技術のAGA診断システムで的確な治療agaメディカルケアクリニック新宿克服への第一歩！
acceptable	人材データに基づく組織改革を
unacceptable	人事管理人事データ分析
unacceptable	最新技術のAGA診断システムで的確な治療抜け毛治療！安心の全額返金保証制度有り。
unacceptable	ネットマスターカード登録
unacceptable	【メタバリア口コミex】公式
unacceptable	【公式】アスタリフト化粧品
unacceptable	【メタバリア効果EX】公式
unacceptable	【公式】富士フイルム下地
unacceptable	AGA治療はDクリニック神奈川
acceptable	クレジットカードのお申し込み
unacceptable	月額3,630円から始める本気のAGA治療agaクリニック神奈川治療／AGAメディカルケアクリニック
unacceptable	公式メタバリア口コミ
unacceptable	貴方だけのオーダーメイド薄毛
unacceptable	薄毛治療ならDクリニック神奈川にお任せください。月額3,630円から始める本気のAGA治療
unacceptable	aga横浜クリニッククリニック
unacceptable	新宿駅チカで通いやすい。3万人以上が発毛aga横浜評判を実感！安心の全額返金保証制度有り。
acceptable	ポテンシャル人材の発掘につながる組織診断サーベイ／組織だけでなく、個人における課題を抽出。
unacceptable	ポテンシャル人材の発掘につながるEXIntelligence／組織だけでなく、個人における課題を抽出。
unacceptable	70歳以上でなくても作れるクレジット、VISAマイレージクラブ・今すぐおすすめクレカをチェック
unacceptable	AGA治療ならDクリニック神奈川にお任せください。3万人以上が発毛効果を実感！
unacceptable	公式アスタリフト美容液ジェリー
unacceptable	人材データの管理・分析・活用を叶える。HRBrainで育成マネジメント効率化をはじめませんか？
unacceptable	アスタリフト化粧下地口コミ
unacceptable	シンプルで使いやすい。スピード発行可能なETCカード／数あるカードの中から厳選してご紹介
unacceptable	新宿駅チカで通いやすい。3万人以上が発毛agaを実感！安心の全額返金保証制度有り。
unacceptable	agaメディカルケアクリニック院
acceptable	富士フイルムの化粧品
unacceptable	キャッシュカードが作れない理由とは?どのクレジットカードがいいか迷っている方必見！
unacceptable	クレジットカード最強の2枚
unacceptable	HRBrain api
unacceptable	AGAagaクリニック神奈川
unacceptable	富士フイルムメタバリア口コミの継続摂取で、bmiが高めの方のお腹の脂肪が減少/機能性表示食品
unacceptable	育毛剤ではなく発毛薬なら生える
unacceptable	患者様の育毛クリニック院
acceptable	経験豊富な人事のスペシャリストがサポートするので導入後も安心。一流企業と同じ仕組みを即導入
unacceptable	メタバリアEXでダイエット
unacceptable	薄毛治療神奈川クリニック
unacceptable	19歳から作れるクレジットカード。あなたのライフスタイルに最適な1枚が見つかる！
unacceptable	横浜薄毛クリニック
acceptable	富士フイルム公式通販サイト
unacceptable	おアスタリフトアクアリスタ
unacceptable	クレジットのカードローンは20歳〜50代以上に人気。今すぐおすすめクレカをチェック
unacceptable	横浜／薄毛クリニック治療
unacceptable	横浜／横浜薄毛クリニック治療
unacceptable	肌アクアリスタ口コミハリ肌
unacceptable	薄毛治療ならDクリニック横浜にお任せください。最新技術のAGA診断システムで的確な治療を。
unacceptable	19歳から作れるクレジットカード
unacceptable	男性用化粧品／アスタリフト導入
unacceptable	クレジット決済カードのお得なキャンペーンをご紹介。あなたに最適なクレジットカードは？
acceptable	【HRBrain EX】組織診断サーベイの実施、課題抽出、改善施策の実行までワンプロダクトで実現
unacceptable	AGAagaメディカルケアクリニック
unacceptable	期間限定アクアリスタ口コミ
unacceptable	メタバリアEX/トライアル
acceptable	簡単クレジットカード作成
acceptable	組織課題をカンタン見える化
acceptable	富士フイルムのアスタリフト
unacceptable	【年会費無料】ゴールド
unacceptable	優秀マネージャーの傾向を見えるHRBrainEXIntelligenceの育成計画までサポート。
unacceptable	最新技術のAGA診断システムで的確な治療薄毛治療神奈川！安心の全額返金保証制度有り。
unacceptable	人事データ分析データ一元管理
unacceptable	アスタリフト下地クリームuv下地
acceptable	人事評価の納得度向上を実現
unacceptable	HRBrainEXIntelligence調査
unacceptable	人事評価制度の作り方なら
unacceptable	VISAクレカ簡単5
acceptable	クレジットカードランキング2022
acceptable	人気マスターカード第１位は？
acceptable	分割払いできるクレジットカード
unacceptable	【公式】アスタホワイトハリ肌
unacceptable	薄毛治療ならDクリニック神奈川にお任せください。無料でカウンセリング実施中！
unacceptable	アスタリフト美白公式
unacceptable	離職率・エンゲージメント・生産性すべての人事課題は従業員のEXIntelligence提供。
unacceptable	使い簡単に作れるクレカ
acceptable	クレカマスターカード分割
unacceptable	期間限定！Amazon.co.jp利用でポイント30％還元キャンペーン実施中。詳しくはこちら
unacceptable	ヘアケアについてのLINE相談可能
acceptable	人事評価業務をカンタン見える化
unacceptable	人事考課システム人事課題解決
unacceptable	横浜／横浜薄毛院
unacceptable	18歳から作れるクレジット、VISA/mastercard・あなたに最適なクレジットカードは？
unacceptable	富士フイルムの美白ケア・富士フイルムの技術ですみずみまでうるおいを。
acceptable	若年性薄毛の悩みは専門院で相談を・AGAメディカルケアクリニック
unacceptable	口コミでアクアリスタ口コミ
unacceptable	美白アクアリスタ口コミ
unacceptable	アスタリフトから美白ケアがお試し可能。富士フイルムの技術ですみずみまでうるおいを。
unacceptable	年会費やポイント還元率・発行スピード等いろいろなランキングをご紹介！支払いクレジットカード
unacceptable	最短即日発行でも年会費無料
acceptable	【2022年】人気マスターカード
unacceptable	通販アスタリフトジェリー価格
acceptable	マスターカードおすすめはどれ?
unacceptable	薄毛治療ならDクリニック横浜にお任せください。無料でカウンセリング実施中！
unacceptable	優秀マネージャーの傾向を見える化！人事データ分析課題の改善に繋がる組織サーベイ／HRBrain
unacceptable	新宿抜け毛無料モニター実施中
unacceptable	キャッシュカードが作れない理由とは?あなたのライフスタイルに最適な1枚が見つかる！
unacceptable	ネットショップにも便利なクレカ
acceptable	人事業務の効率化
unacceptable	はげクリニック無料
unacceptable	今、選ぶべきカードを徹底mastercard／ネットショッピング・ご旅行・公共料金の支払い等にも便利
unacceptable	横浜／aga横浜評判院
acceptable	【富士フイルム】アスタリフト
unacceptable	専任の勤務評価方を解説。
unacceptable	AGAメディカルケアクリニック 新宿院の予約はホットペッパービューティー・薄毛克服への第一歩！
unacceptable	ジェリーアクアリスタ口コミ
unacceptable	エイチアールHRBrainEX
unacceptable	HRマネジメントシステム
acceptable	薄毛治療専門クリニックへ
unacceptable	薄毛治療ならDクリニック神奈川にお任せください。最新技術のAGA診断システムで的確な治療を。
acceptable	人材データで組織課題を解決
unacceptable	入社～定着までの課題を定量的に把握。課題の改善に繋がる組織EXIntelligence／HRBrain
acceptable	月額3,630円から始める本気のAGA治療／AGAagaメディカルケアクリニック評判
unacceptable	直感的に操作できるデザインのため使いやすく、現場での活用が定着。
acceptable	人事評価・人材管理をラクラクに
unacceptable	公式サイトメタバリアお試し
acceptable	どうしてもクレカが欲しい方へ
acceptable	社員のエンゲージメントを可視化
unacceptable	シミアスタリフトシミ効果
acceptable	マスターカード申込はこちら
unacceptable	タレントマネジメントシステム
unacceptable	総務・人事のクラウドなら
unacceptable	最新技術のAGA診断システムで的確な治療agaメディカルケアクリニック克服への第一歩！
unacceptable	初回限定アスタリフト美白
unacceptable	クレジットカードを作りたい方必見!あなたに最適なクレジットカードは？
unacceptable	18歳〜50代以上に人気のクレジットをランキング別に徹底比較!今すぐおすすめクレカをチェック
unacceptable	資料ダウンロード
unacceptable	マスター簡単に作れるクレカ
unacceptable	美白富士フィルムジェリー
unacceptable	富士フイルムメタバリア口コミex
acceptable	簡単なクレジットカードなら
unacceptable	aga横浜評判無料
unacceptable	AGA治療で評判の良いクリニック
unacceptable	クレジットカード簡単発行カード
unacceptable	横浜／横浜薄毛クリニック院
acceptable	月額3,630円から始める本気のAGA治療薄毛クリニック治療／AGAメディカルケアクリニック
unacceptable	採用〜退職・企業文化など360領域でEXスコアを定量化し、組織だけでなく、個人における課題を
unacceptable	組織EXIntelligence
acceptable	【年会費無料】VISAカード
unacceptable	人事育成マネジメントHRBrainで
acceptable	患者様のプライバシーに配慮
unacceptable	【公式】富士フイルム化粧品
unacceptable	アスタリフト下地クリーム
unacceptable	20代、薄毛に悩む20代を薄毛治療で解決!完全個室・完全予約制で誰にも知られずに通院出来る。
unacceptable	カード申込はこちら
unacceptable	【気になる】クレカ簡単
unacceptable	公式サイト限定/初回限定お試し
acceptable	組織と個人の課題を可視化する
unacceptable	職員評価トライアル
unacceptable	クレジットのマルイ・あなたのライフスタイルに最適な1枚が見つかる！
acceptable	【公式】アスタリフト/美白ケア
acceptable	富士フイルム公式
acceptable	AGAメディカルケアクリニック・無料でカウンセリング実施中！
acceptable	即日でクレジットカードを作りたい方へ／ネットショッピング・旅行・公共料金の支払い等にも便利
unacceptable	クレジットカードの新規発行はコチラ・あなたのライフスタイルに最適な1枚が見つかる！
unacceptable	クレジットカードはどこに行けば作れる?どのクレジットカードがいいか迷っている方必見！
unacceptable	先進のサイエンス、科学の力をすべての男性たちへ。富士フイルムの化粧品、富士フイルム美白メン
unacceptable	【新宿の育毛クリニック】に悩みに合わせた施術を相談・月額3,630円から始める本気のAGA治療
unacceptable	富士フイルムアクアリスタ.jp？
unacceptable	クレカ初心者でも簡単な作り方
unacceptable	通販＋アクアデイセラム
unacceptable	使いやすさにこだわったhrbrainのuiがグッドデザイン賞受賞
unacceptable	公式サイト限定／初回限定お試し
acceptable	年会費やポイント還元率・発行スピード等いろいろなランキングをご紹介！気になる１枚が見つかる
unacceptable	《年会費無料》のクレカもご用意
unacceptable	横浜／横浜薄毛治療
acceptable	タレントマネジメントで顧客満足度No.1。HRBrainが人事の課題を解決
unacceptable	人事評価ツール、第1位は?
acceptable	アスタリフトの美白美容液
unacceptable	bpoエンゲージメント管理
unacceptable	ネットクレジットカード簡単
unacceptable	糖・ウエストメタバリアEX効果
acceptable	クレジットカードの新規発行はコチラ・どのクレジットカードがいいか迷っている方必見！
acceptable	人材データの管理・分析・人事考課システムを叶える。HRBrainで業務の効率化をはじめませんか？
unacceptable	従業員EXIntelligenceクラウド
unacceptable	通販+初回限定!あなたのお肌の悩みに合わせて選べるアスタリフトお試し税込1,100円
unacceptable	EXインテリジェンス化する
unacceptable	公式／AGAメディカルケア新宿院
acceptable	メタバリアを今すぐお試し
unacceptable	審査が甘いクレジット会社を探すなら!あなたに最適なクレジットカードは？
acceptable	【公式】富士フイルム
unacceptable	キャッシュカードが作れない理由とは?今すぐおすすめクレカをチェック
acceptable	女性の薄毛も、病院で治療する時代・AGAメディカルケアクリニック
unacceptable	360度評価をラクラクに
acceptable	アスタリフトホワイトの美白ケアトライアルキット。メラニンの生成を抑え、シミそばかすを防ぐ
unacceptable	1番作りやすいクレジットカード
unacceptable	月額3,630円から始める本気のAGA治療育毛効果治療／AGAメディカルケアクリニック
unacceptable	運動不足が気になるこの時期におすすめ！BMIが高めの方のメタバリア富士フイルムが減少！
acceptable	カードの申込みはこちら
unacceptable	シミ・くすみにアプローチする富士フイルム化粧品美白ケア／初回限定お試しセット税込1,100円
unacceptable	新宿駅チカで通いやすい。3万人以上が発毛ハゲを実感！安心の全額返金保証制度有り。
unacceptable	お得にアスタリフト下地クリーム
unacceptable	月12万人利用のクレカ比較サイト
acceptable	人材評価制度導入の管理・分析・活用を叶える。HRBrainで業務の効率化をはじめませんか？
acceptable	今クレジットカードすぐ作れる
unacceptable	お富士フイルムアスタリフト美白
unacceptable	育成マネジメントシステム
acceptable	横浜／薄毛クリニック治療
acceptable	エンゲージメント向上促進をサポート！直感的に使いこなせるサーベイシステム：EXIntelligence
unacceptable	年会費やポイント還元率・発行スピード等いろいろなランキングをご紹介！ETCクレカ簡単はこちら
unacceptable	毛穴つまりを除き、有効富士フイルム美白を届ける。メラニンの生成を抑え、シミそばかすを防ぐ
acceptable	サラシノール配合のサプリメント
unacceptable	富士フイルムメタバリアサプリの継続摂取で、bmiが高めの方のお腹の脂肪が減少/機能性表示食品
unacceptable	横浜のAGA治療クリニックは、薄毛治療に特化した医療機関。3万人以上が発毛効果を実感！
unacceptable	2022年マスターカード発行クレカ
unacceptable	メタバリアサプリ公式通販サイト
unacceptable	神奈川のAGAクリニックは
acceptable	ポテンシャル人材の発掘につながる組織診断サーベイ／組織だけでなく、個人における課題を抽出
acceptable	【富士フイルムの糖質ケアサプリ】サラシノールの働きで食事の糖の吸収を抑える/機能性表示食品
unacceptable	人気の国際ブランドVISAクレジットカード届くまでの日数・ご旅行・公共料金の支払い等にも便利
unacceptable	AGA治療ならDクリニック神奈川にお任せください。無料でカウンセリング実施中！
unacceptable	分割払いもOKのクレジット・キャッシング・あなたに最適なクレジットカードは？
unacceptable	【公式】先行美容液アスタリフト
acceptable	どのクレジットカードがいいか迷っている方必見！ETCカードも同時申込が可能で一緒にゲット。
unacceptable	ドンキのクレジットならバンクイック。今すぐおすすめクレカをチェック
acceptable	【mastercard】新規入会の方へ
acceptable	戦略的人材管理を実現
unacceptable	【HRBrain EX】組織診断サーベイの実施、課題抽出、改善施策の実行までワンプロダクトで実現
unacceptable	横浜のAGA治療に特化した医療機関。無料でカウンセリング実施中！
unacceptable	クレカマスターカード評価た
unacceptable	横浜／薄毛クリニック院
unacceptable	【富士フイルムの糖質ケアサプリ】サラシノールの働きで食事のメタバリア評判内環境を整える！
unacceptable	優秀評価制度導入の傾向を見える化！マネジメント課題の特定から管理職の育成計画までサポート。
unacceptable	最新技術のAGA診断システムで的確な治療を。agaメディカルケアクリニック新宿克服への第一歩！
unacceptable	人材データの管理・分析・活用を叶える。HRBrainで業務の人事情報システムをはじめませんか？
unacceptable	横浜の薄毛治療に特化した医療機関。完全個室・完全予約制で誰にも知られずに通院出来る。
acceptable	組織の課題を可視化する
acceptable	作りやすいクレジットカード
acceptable	横浜でAGA治療するなら
unacceptable	クレジットカードの新規入会&ご利用で最大19歳割引!あなたに最適なクレジットカードは？
acceptable	【顧客満足度No.1】戦略的な人事の意思決定を支えるクラウドサービス／離職防止＆定着率アップ
acceptable	【メタバリアEX】公式
acceptable	離職率・エンゲージメント・生産性、すべての課題は、従業員エクスペリエンスの改善から
acceptable	発行時間・性別・年会費など様々なランキングからクレカを簡単検索!公共料金の支払いにも便利。
unacceptable	横浜、生え際、気になるAGAの悩みに寄添うAGA治療クリニックは277万人の実績があるDクリニックへ。
acceptable	メタバリアEX/富士フイルム公式
acceptable	人事業務を効率化してコスト削減
unacceptable	人事情報システムに／HRBrain
unacceptable	新宿駅チカで通いやすい。3万人以上が発毛aga薄毛治療を実感！安心の全額返金保証制度有り。
unacceptable	ヘアケアについて
unacceptable	VISAカードを作る・年会費無料で作る・最短即日発行・ポイント高信用金庫クレジットカード率
unacceptable	クレジット決済史上最高額のカードを1枚にまとめる。今すぐおすすめクレカをチェック
acceptable	マスターカード分割申込はこちら
unacceptable	最新技術のAGA診断システムで的確な治療agaメディカルケアクリニック口コミへの第一歩！
unacceptable	2022年マスターカード評価クレカ
unacceptable	アスタリフト美容液ジェリー
unacceptable	18歳から作れるクレジット、VISA/mastercard・あなたのライフスタイルに最適な1枚が見つかる！
unacceptable	人事エンゲージメント管理転職
acceptable	完全個室・完全予約制
acceptable	若年性薄毛の悩みは専門院で相談を・月額3,630円から始める本気のAGA治療
acceptable	横浜／横浜薄毛治療
unacceptable	横浜のAGA治療クリニックは、薄毛治療に特化した医療機関。無料でカウンセリング実施中！
unacceptable	itエンゲージメント管理
unacceptable	シミアクアリスタ口コミ
acceptable	20代、薄毛に悩む20代を薄毛治療で解決!完全個室・完全予約制で誰にも知られずに通院出来る。
unacceptable	クレジットのカードローンは、ご高齢の方にも安心の低価格・高品質。
acceptable	戦略人事を実現する人材システム
unacceptable	【組織変革をワンプロダクトで仕組み化】設問のカスタマイズにより、自社固有の課題発見が可能！
acceptable	人気のクレジットマスターカード
unacceptable	最新技術のAGA診断システムで的確な治療agaメディカルケアクリニック横浜克服への第一歩！
unacceptable	人事評価システムの特長や製品口コミ情報など豊富に掲載!充実のサポート体制！
acceptable	20代、薄毛に悩む20代を薄毛治療で解決!安心の全額返金保証制度有り。
acceptable	横浜の薄毛治療に特化した医療機関。完全個室・完全予約制で誰にも知られずに通院出来る。
acceptable	初回限定14日分お試し
unacceptable	【メタバリア富士フィルム】
acceptable	女性の薄毛も、病院で治療する時代・完全個室・完全予約制で誰にも知られずに通院出来る。
unacceptable	AGAメディカルケアクリニックの評判は?完全個室・完全予約制で誰にも知られずに通院出来る。
unacceptable	横浜の薄毛治療に特化した医療機関。3万人以上が発毛効果を実感！
acceptable	組織サーベイで離職率を下げる
acceptable	HRBrainEXIntelligenceリーダー
unacceptable	(この場)作れるクレジットカード
unacceptable	富士フイルムメタバリアサプリex
unacceptable	経営評価制度導入
unacceptable	アスタリフトアクアリスタライン
unacceptable	部下EXインテリジェンス
unacceptable	アスタリフトホワイトトライアル
acceptable	人材データの管理・分析・活用を叶える。HRBrainで人事情報システム効率化をはじめませんか？
unacceptable	AGAメディカルケアクリニックの評判は?無料でカウンセリング実施中！
unacceptable	最新技術のAGA診断システムで的確な治療を。agaメディカルケアクリニック口コミ克服への第一歩！
unacceptable	AGAメディカルケア横浜院
unacceptable	【公式】アスタリフト化粧
acceptable	調子が良くなった／40代女性
unacceptable	クレジットカード、究極の1枚
acceptable	【富士フイルム】メタバリアEX
unacceptable	1ON1
unacceptable	横浜／薄毛治療神奈川治療
unacceptable	マスターカードの
acceptable	【公式】HRBrain／
unacceptable	クレジット決済史上最高額のカードを1枚にまとめる。あなたに最適なクレジットカードは？
unacceptable	【HRBrain EX Intelligence】HRのスペシャリストによる伴走型のサポート体制でご提供。
unacceptable	入社～定着率EXインテリジェンス
unacceptable	aga薄毛治療治療
acceptable	最新クレカ簡単審査
unacceptable	アスタリフトの化粧下地
acceptable	買い物でポイント貯まって超お得
unacceptable	人事評価制度のつくり方
unacceptable	アスタリフト下地クリーム公式
acceptable	クレカで最強の1枚はどれ?
acceptable	人材データの管理・分析・活用を叶える。HRBrainで評価制度導入効率化をはじめませんか？
unacceptable	人事考課をアプリで効率化
unacceptable	HRBrainはエンゲージメント管理・モチベーション管理できていますか？【無料トライアル実施中】
unacceptable	富士フイルムのアスタリフトduv
acceptable	横浜の薄毛治療に特化した医療機関。無料でカウンセリング実施中！
unacceptable	今、選ぶべきカードを徹底クレカ簡単／ネットショッピング・ご旅行・公共料金の支払い等にも便利
acceptable	簡単に作れるクレジットカード
acceptable	膨大な人事業務を『シンプルに』
unacceptable	【発毛医療のDクリニック】は、来院実績21年で255万5,537名の薄毛治療に特化した医療機関です。
unacceptable	VISAidマスターカード
acceptable	カードのお申込みはこちら
unacceptable	タレントマネジメント
unacceptable	【公式】富士フイルムシミ消し
acceptable	【mastercard】年会費やポイント還元率・発行スピード等いろいろなランキングをご紹介！
unacceptable	クレジットカードの申し込みはこちら・今すぐおすすめクレカをチェック
unacceptable	【メタバリア効果】メタバリアEX
unacceptable	簡単クレジットカードローン審査
acceptable	AGA(薄毛・育毛・発毛)に特化した最先端治療を提供。無料でカウンセリング実施中！
unacceptable	株式会社 HRBrain(ハッシュブレイン)
unacceptable	アスタリフトホワイトで気になる白髪をケア!富士フイルムの技術ですみずみまでうるおいを。
unacceptable	AGA育毛クリニック
unacceptable	agaクリニック神奈川クリニック
acceptable	女性の抜け毛は、早めの治療が鍵
unacceptable	マスターカード登録たい
unacceptable	年会費無料のクレカを多数ご用意
unacceptable	どのクレカマスターカード作る
unacceptable	AGA治療ならDクリニック横浜にお任せください。安心の全額返金保証制度有り。
unacceptable	人材データの管理・分析・活用を叶える。HRBrainで人事データ分析効率化をはじめませんか？
unacceptable	富士フイルム開発の話題のサプリ
acceptable	導入事例多数公開中
acceptable	従業員エクスペリエンスクラウド
unacceptable	離職率HRBrainEX
unacceptable	カードmastercard第5位は？
acceptable	人材データの管理・分析・活用を叶える。HRBrainで業務の効率化をはじめませんか？
unacceptable	シミアスタリフトアクアリスタ
acceptable	クレジットカードを作りたい方
acceptable	従業員エクスペリエンスって？
unacceptable	クレジット決済カードのお得なキャンペーンをご紹介。今すぐおすすめクレカをチェック
unacceptable	抜け毛や生え際の悩みなら長年薄毛を診療してきたAGAスマクリの医師に相談しませんか。
unacceptable	デジタル化を推進する人事必見
acceptable	無料でカウンセリング実施中！完全個室・完全予約制で誰にも知られずに通院出来る。
unacceptable	薄毛治療専門クリニックへ
acceptable	従業員エクスペリエンスを向上
unacceptable	アスタリフトシミ効果公式
unacceptable	最短即日発行から年会費無料まで
acceptable	人事評価デジタル化しませんか?
unacceptable	若年性薄毛の悩みに寄添うAGA治療クリニックは277万人の実績があるDクリニックへ。
unacceptable	アスタリフトの美白クリームの口コミは?富士フイルムの技術ですみずみまでうるおいを。
unacceptable	クレジットカードはどこに行けば作れる?あなたのライフスタイルに最適な1枚が見つかる！
unacceptable	メタバリア対策サプリ
acceptable	若年性薄毛の悩みは専門院で相談を・完全個室・完全予約制で誰にも知られずに通院出来る。
acceptable	抜け毛専門治療が新宿で受けれる
unacceptable	月額3,630円から始める本気のAGA治療育毛クリニック治療／AGAメディカルケアクリニック
unacceptable	抜け毛クリニック
unacceptable	高校生でも作れるクレカは？
