text1	text2	score
2022年5月融資ローンランキング	まるでアクセサリーの医療機器	1.0
対象コースが最大10,000円割引	pH標準液 100-7／ミスミ	1.0
鉄の女の涙】イッキ見	【通販限定】顔専用のムダ毛ケア	1.0
掛金の税制優遇措置が受けられる	本気で痩せたいなら、価格より質	1.0
冬の新作トップスが充実	60秒登録で最新求人をチェック	1.0
(Casselini)がアウトレット価格	ジャイアンツ戦を配信	1.0
・ゲーム】2週間お試し無料	心押台固定用レバー通販／ミスミ	1.0
インテリア・収納・ふとん・家具	ビスのレディースカーディガン	1.0
リクルートスタッフィング	プロポーズ】2週間お試し無料	1.0
3月27日(土)23:30～Huluで生中継	25歳未満限定いつでも5％還元中	1.0
久喜市の新築分譲マンション	Hulu独占配信。初回2週間無料	1.0
ガス給湯器／最短2時間	キャッシングランキング1位は？	1.0
キスマイドラマもキスどきも配信	2021お金を借りる審査ランキング	1.0
何度も見返せる映像授業で学力UP	なるほど、レクサスにこの持ち方	1.0
就活準備を支援《リクナビ2022》	エバーグロウクッション／FEMMUE	1.0
本格的なスポーツカーを手軽に	SNS用もビジネス用も	1.0
ル)】エンゼルスVSマーリンズ	静岡と広島の旅行なら	1.0
今なら初回購入に限り5%OFF	KADOKAWAが創る未来の学校	1.0
(SMITH'S AMERICAN)が最大70%OFF	2021消費者金融ランキング	1.0
月々3,000円／ニキビ肌を治す	動画配信サービス15社を徹底比較	1.0
商品工事も無料10年保証付で安心	秘境絶景ツアー特集	1.0
最高視聴率49.4%の大人気ドラマ	汚れもしっかり落とす	1.0
本体価格 ¥590,000	カード1枚でスマートな生活を	1.0
紀陽銀行でローン借り入れ	スミテックリキッドH5／ミスミ	1.0
サッと艶肌クッションコンパクト	券面デザインが選べる	1.0
"公式ファンクラブ""a-i""限定価格"	カビや雑菌を除菌剤でキレイに	1.0
送料弊社負担 7DAYSキャンペーン	U-NEXTで4ヵ月連続ライブ配信	1.0
ロジー専門学校＼スタサプ進路	契約社員 備品付き寮完備	1.0
今だけ買取金額120％にアップ中	ちゅーんず】イッキ見	1.0
静岡県の工場・製造求人サイト	ダフニーアルファウォーム	1.0
かんたん予約で対象店舗へ	U-NEXTで見逃し配信 3/28まで	1.0
口コミ多数。本気で願望成就なら	ハイグレードバス続々登場	1.0
【公式】Z会進学教室／中学生	あなたに合った保険をご提案	1.0
Menicon Miru 新宿店	１話～最新話まで全話配信中	1.0
シーズン1～12配信中／2週間無料	スマホユーザーなら3%還元	1.0
公式通販セシール	7/14(水)16:00 U-NEXTで生配信	1.0
約95％がクリエイティブ未経験者	レディースシューズなどを探す	1.0
プロの業者に安く依頼しよう	嘘つき達のホンネ編／独占配信中	1.0
決算セールファイナル開催中	マンツーマンだから上達が早い	1.0
セカンド洗面始めてみませんか？	Huluでイッキ見しよう	1.0
期間限定 どなたでも配送料￥0	『日本統一38』配信中／U-NEXT	1.0
話題のダイエットサプリはこちら	全24話イッキ見・初回無料お試し	1.0
Menicon Miru 札幌パセオ店	B型肝炎請求には期限があります	1.0
ル)】04/13 08:07～ライブ配信	スマホから無料で結婚式相談	1.0
マウスピースで受け口改善	動物病院、ホテルでも採用中。	1.0
(RODE SKO)が最大70%OFF	は友達になれない】イッキ見	1.0
「新配合でパワーUP」保湿化粧水	大人気シリーズをイッキ見／dTV	1.0
【公式】ソルティア橋本	2/13 20:00 U-NEXTでライブ配信	1.0
未来へのうた】見放題	セイコーメラニーナは当社だけ	1.0
新春 大抽選会開催中	朝も夜もギラギラ…	1.0
2021年2月最新ランキング	腰痛、肩こりにはpilatesKなんば	1.0
アイディアルクリーム リッチ	3/24(水) U-NEXTでライブ配信	1.0
段ボール箱／通販売上No.1サイト	あなたに合った税理士が探せる	1.0
ローコストハウスメーカーNO.1	3～4時間歩いても疲れにくい靴	1.0
リピーター多数の商品をお試し	アニメも舞台もイッキ見	1.0
5/1(日)20時 U-NEXTでライブ配信	家のお悩み、今すぐLIXILに相談	1.0
肺がんの原因や症状の詳しい情報	ディズニー子供服がMax80%OFF	1.0
【ここ必見】auひかりホーム10G	J.PRESS MEN／オンワード公式	1.0
会員登録で2万本以上が見放題	髪に嬉しい成分がきちんと、届く	1.0
マットレス／ブレインスリープ	ゴリラクリニックニキビ治療	1.0
無料カウンセリングあり	電線ゲージの通販ならミスミ	1.0
TV放送中ドラマも見逃し配信中	ほのかに香るホワイトサボン	1.0
木村拓哉×二宮和也初共演映画	一部無料で運勢占い	1.0
サッと艶肌クッションコンパクト	メンズTBC公式／特別価格1,000円	1.0
プロのおそうじ 期間限定10%OFF	山里亮太×若林正恭 伝説の漫才	1.0
ガストの宅配（デリバリー）	【1～3月新着】介護職の求人	1.0
恋愛/結婚/仕事運まで詳細に鑑定	ヒゲ5回プラン 1,680円/回	1.0
データ修復ならお任せ	最新～過去傑作選までイッキ見	1.0
出演:チョ・スンウ／dTV公式	【保険市場】のオンライン相談	1.0
駐車スペース2台以上	ときめきが続く、お花の定期便	1.0
サイコミなら最新話まで	2021年8月融資ローンランキング	1.0
低衝撃波治療のEDWAVE20,000円	MLBの試合をリアルタイム中継	1.0
業界トップレベルのマッチング力	オンライン英会話教室／Bizmates	1.0
バンクイック／申し込みはこちら	ハーフサイズ初回限定2,980円	1.0
高校生向け予備校	おしゃれな折り畳みスマホ新発売	1.0
人気漫画を番外編までイッキ読み	【アイテム総数230点以上】	1.0
Indeed限定コラボジョブを公開中	アニメ全3期が見放題	1.0
進学直前先取り学習／春期講習会	MCU過去作も観れる	1.0
選手権2018秋夕／U-NEXTで配信中	お掃除したくなるアイテムが充実	1.0
コンフォーター／掛け布団	浜美容専門学校＼スタサプ進路	1.0
豊川市の分譲マンション	秋ｷｬﾝ:1か月ず～と無料でお試し	1.0
お手頃な本格ホワイトニング	ビクター ペンチ通販／ミスミ	1.0
バッグ・インナーバッグなど多数	Huluなら人気バラエティが見放題	1.0
百貨店に出店中/タイムレス公式	CD管コネクタ 通販／ミスミ	1.0
デリバリーサービスなら出前館	安心保証付き／ゲーミングPC	1.0
電気の手続き／申し込み	ジェジュンの軌跡をHuluで配信中	1.0
間もなく終了 期間限定2ヶ月無料	アクリル板の通販ならミスミ	1.0
【公式ホームページ】DDF	デバイダーの通販ならミスミ	1.0
10万円以下で買える即戦力PC	U-NEXT独占で配信（10/17まで）	1.0
洋画・邦画・アニメ映画が満載	BtoBビジネスをアプリで実現	1.0
3/31(水)までのご予約がオススメ	賢者の孫／めちゃコミック	1.0
中絶 ピル 緊急避妊のご相談なら	モルタル接着強化剤通販／ミスミ	1.0
高性能セメント通販／ミスミ	SKY-HI（スカイハイ）Audition	1.0
(BVLGARI)が最大70%OFF	【TOEIC対策】スタサプ英語	1.0
シリーズ8作品をイッキ見	ベッド 通販/SALE商品が多数	1.0
サラシノール配合のサプリメント	セラー作家の裏の裏】イッキ見	1.0
巨人vsDeNA戦 3/26(金)17:15～	個人指導。WinのWord講座	1.0
休日の融資も可能なキャッシング	未経験でも確実に身につく	1.0
通販生活限定 放熱吸汗インナー	福山雅治・柴咲コウ出演	1.0
納品送料・初期診断料金０円	20分/回のトレーニングで痩せる	1.0
小学校＆中学校が徒歩10分圏内	全話イッキ見／dTV＜公式＞	1.0
繊維壁 若椛の通販ならミスミ	スタジオアリス	1.0
マンションの売却・購入はこちら	8月29日(日)19:00～Huluで生中継	1.0
おすすめ自動車保険多数ご紹介	吉本興業コラボ／クラツー公式	1.0
夏期講習 申込受付中	完全ナンバーレスカード	1.0
【公式】PayPay証券	（公式）dTV／初回無料お試し	1.0
気になる製品資料をまとめて請求	U-NEXT独占で見逃し配信！	1.0
税理士をお探しなら	ケンブリッジ飛鳥選手出場／Hulu	1.0
＜10話無料＞キャンペーン実施中	1番安い原付保険はどれ？	1.0
防水形ピン端子通販／ミスミ	少人数での車両貸切ツアーも	1.0
パワポのように簡単動画作り放題	【公式】エニカカーシェアアプリ	1.0
【2週間限定】劇場版も配信中	《スマホ完結》最短即日借り入れ	1.0
転職のそばに【リクナビNEXT】	(KIPLING)がアウトレット価格	1.0
ソフトバンク公式オンライン	クチュリエのレッスンムック	1.0
ロフトでの買い物がさらにお得に	これからローンをご検討の方へ	1.0
今の換気、本当に大丈夫？	ブレインスリープ／公式	1.0
戸建てユーザー必見	第1期～第5期／イッキ見	1.0
＼随時更新／最新バイト求人情報	が出来るまで】見放題	1.0
登録で500円分pointプレゼント	日本人の肌色に合わせたファンデ	1.0
ダイキンが換気の悩みを解決	『六法全書』先行配信中	1.0
お父さんに贈りたい特別なギフト	2022年5月の最新のローン情報	1.0
【公式】税理士ドットコムが紹介	現在の中古プリウスの在庫2019台	1.0
10/14 18:30開演 U-NEXTで生配信	製薬会社が作った化粧品	1.0
毎日更新・期間限定漫画を無料で	企業向けアプリ開発	1.0
Fire TV StickでdTV動画をTV視聴	動物病院、ホテルでも採用中	1.0
立川・昭島駅生活圏	第1期・第2期連続完売	1.0
生年月日で占う【人生占い】	字幕版もHulu独占配信中	1.0
オトナ女子向けコミックも充実	自慢のオリジナルランジェリー	1.0
門学校＼スタディサプリ進路公式	川崎ブレイブvs千葉ジェッツ	1.0
キャリアフリーで誰でも登録OK	キスマイなどdTV独占作品配信中	1.0
大容量ツールボックス／ミスミ	誰でも簡単5分で動画制作	1.0
秋冬ユニセックスアイテム	水木しげるの底なし貧乏暮らし	1.0
幅広い年代のオーナーが多数活躍	映画もアニメ最新作も2週間無料	1.0
14日間のお試しの返品もOK	圧倒的な合格実績の予備校	1.0
堂本剛・ともさかりえ出演／Hulu	ドルチェ＆ガッバーナ／人気香水	1.0
(IENA)がアウトレット価格	支払額や維持費を抑えながら乗る	1.0
関西・学校事務、大学事務	業務用ガス機器修理出張サービス	1.0
簡単入力で10社へ一括査定	ピンと弾む、透明感溢れる毎日へ	1.0
こどもちゃれんじ／進研ゼミ	ル)】06/23 10:49～ライブ配信	1.0
最大2ヶ月お試し防犯セット登場	(ホンヨン)】イッキ見	1.0
31日間無料／海外ドラマ多数あり	中部電力ミライズのカテエネ	1.0
Huluストアでライブ配信を実施	Surf Fitで楽しくリフレッシュ	1.0
ヒプステ全32公演をライブ配信	PL警告表示ラベル通販／ミスミ	1.0
中古アルファードの在庫913台	感染症のリスクを軽減	1.0
いつでもどこでも英会話レッスン	公式オンラインSHOP	1.0
10/16 9時50分～／Huluで再放送	(公式)KINTO サブスク／トヨタ	1.0
圧力とスチームで炊き上げる	シミに直接アプローチ	1.0
Huluで見放題／イッキ見	環境にも優しい、未来の家の形	1.0
U-NEXTで全試合完全生配信	Mr. PROPOLIS／メンズスキンケア	1.0
ネットで競輪ならウィンチケット	【公式】松風／まつエク商材	1.0
茨城トヨペット	第1話は無料で視聴できる	1.0
愛猫をかわいく撮れる機能満載	冬・春休み迄のインターンシップ	1.0
クレジットカードのお申込なら	どんな肌状態にも密着のファンデ	1.0
59種類の栄養補給で安心生活	初フライト記念/初回お試し500円	1.0
布団1点あたり¥5,940～	2021年1月最新のローン情報	1.0
リクナビ2024／公式	女性を悩ます頻尿について	1.0
求人募集ならリクナビNEXT	ヘクセイタスの閃～】見放題	1.0
dTVで全53話をイッキ見	すり込むタイプの薬用制汗剤	1.0
U-NEXTで見逃し配信！4/21まで	24時間即時振込・審査／WEB完結	1.0
松本駅徒歩10分/西松本駅徒歩4分	字幕・吹替版が全話見放題	1.0
ブランド靴もOK【全国対応】	急な強い尿意に困っていませんか	1.0
一括査定／買取相場がスグわかる	ライター未経験可、土日祝日休み	1.0
ノーリツ給湯器正規販売店	11月14日のライブを見逃し配信中	1.0
利用満足度96.6%	月収例39万円可 社宅費実質無料	1.0
人気の給湯器を82％OFF即日交換	呪術廻戦／配信中	1.0
中部電力ミライズのWebサービス	5月16日(日)17:45～Huluで生中継	1.0
【入居率99%】管理受託サービス	2021夏の新作／チェスト	1.0
シートにしみ込んだニオイにも	オンライン保険相談お申込ページ	1.0
相性から紐解くふたりの恋の行方	462Lサイズが159,800円	1.0
NTT東日本 インターネット回線	はじめてクルマを持つならKINTO	1.0
FEMMUE（ファミュ）公式	4/7～4/11 U-NEXT独占で生配信	1.0
今すぐお金を借りたい方に朗報	4月11日(月)01:00/Huluで生中継	1.0
ジェットブレイク／U-NEXTで配信	三井住友トラストL&F／公式	1.0
永野芽郁さん出演のCMで話題	パンチデックス通販／ミスミ	1.0
国内最大級のIT製品比較サイト	税理士選びは税理士ドットコム	1.0
U-NEXTにて見放題で一挙配信中	最短1日で完了	1.0
最短5ヶ月で全脱毛完了	デリバリーならバーミヤンの宅配	1.0
USEN/豊富なラインナップ	川崎 VS 名古屋戦をLIVE中継	1.0
3500円/月でピラティス受け放題	標準リニアガイド通販／ミスミ	1.0
［新編］叛逆の物語の雑貨が登場	プロクリエイターを育てる専門校	1.0
トーンアップ満足度99%以上	しゅふJOBパート／公式	1.0
【U-NEXT独占】無料トライアル	秋の上高地で紅葉を楽しもう	1.0
大学生におすすめのカード	冬の新作ヘアゴムが充実	1.0
dTV限定オリジナルドラマ	【こだわりのフェイシャルケア】	1.0
阿寒湖温泉に行くツアーなど多数	Hulu完全版配信/2週間無料	1.0
声優:梶原岳人／dTV【公式】	2021年で最も選ばれた製品は？	1.0
巨人vs阪神戦をライブ配信	メンズ・レディース多数展開	1.0
教育費用の不安は学資保険で解決	引っ越しで電気をお得に切り替え	1.0
コスモウォーターの天然水／公式	宇都宮 VS 千葉戦を生中継	1.0
現場に強い。頑丈・コンパクト。	中村倫也、深川麻衣、石橋菜津美	1.0
返却すればタブレット0円	キンプる／キンプリ初冠番組	1.0
【無料】一括見積もり最短3分	ITトレンド／年間ランキング	1.0
経験豊富なカメラマンに依頼	シーズン1～6配信／イッキ見	1.0
ダイヤモンドペースト／ミスミ	感染予防徹底レッスンスタジオ	1.0
アプリなしで今すぐ漫画が読める	5/21 16:00 U-NEXTでライブ配信	1.0
最新の技術でNiziUをVR化	2021年4月新設第一期生募集	1.0
《公式サイト》リクナビ2023	「朝からぐったり…」	1.0
福原遥など出演／見逃し配信中	最大300ポイントをプレゼント	1.0
カウンターリフト通販／ミスミ	【無料】一括見積もり／WEB完結	1.0
《宅配》自宅やオフィスにお届け	愛媛県のゴルフ場／予約・検索	1.0
レンタルスペース・貸し会議室	高耐久・保存性の高いラミネート	1.0
第1話「ネコと井戸」独占配信	≪事業者ローンの申込み≫	1.0
換気・冷房・除湿はこれ１台	ル)】05/22 10:07～ライブ配信	1.0
アルバルク東京vs信州／LIVE中継	薄さのエアコン、risora	1.0
人事評価の管理を効率化	【フェリシモ】オンライン通販	1.0
«キッチンカウンター»2021冬	【マーケティング】KARTE/カルテ	1.0
換気も冷房も除湿もこれ１台	尿漏れの様々な原因と症状とは	1.0
今なら工事費込み306,800円から	Y’SACCS／オンワード公式通販	1.0
【2022】ビジネスローン	未来へのうた】イッキ見	1.0
保険料が安い自動車保険	全2話イッキ見／dTV独占配信	1.0
更新料ゼロ・可変間取りの賃貸	(MUVEIL)がアウトレット価格	1.0
安心・安全のJTBで快適な旅を	リクナビ他己分析を活用しよう	1.0
こだわりのお肉堪能コース	給湯器専門店のおすすめの給湯器	1.0
夏のインターンシップエントリー	ダイキンエアコンが84,800円	1.0
求人サイト 月収例38万以上も	公式／日本和装ホールディングス	1.0
＼FEMMUEのベストセラー美容液／	現在の中古プリウスの在庫3186台	1.0
【公式】進研ゼミ小学講座1年生	UQ WiMAX回線のWi-Fi	1.0
お得に電気を切り替え	ヘクセイタスの閃～】イッキ見	1.0
高校白書も再会白書も2週間無料	セミナー参加者50,000人突破	1.0
安心・安全のセキュリティ体制	ワキガ対策商品の決定版	1.0
超BIGサイズ洗濯ネット	【スヌーピー】 マルチケース	1.0
ジョナサンの宅配限定メニューも	レディースバッグを探す	1.0
2022/即日金融ランキング	・ゲーム】見放題	1.0
テレ朝 名作バラエティも配信	今申し込める電力会社はどこ？	1.0
女性の頻尿、過活動膀胱とは	シリーズ16作品が2週間無料	1.0
小学生から大学受験生まで	最新レンタル作品も	1.0
平ベルト専用 連結金具／ミスミ	肌悩みを解決するコンシーラー	1.0
fukuske花嫁ストッキング	最新号を送料無料でお届け	1.0
場所を選ばずしっかり働く仕事人	24時間稼働でも電気代1日約27円	1.0
【衆議院議員選挙速報】はこちら	今季の新作バッグ続々登場	1.0
全12球団を徹底中継／スカパー	低コストな券売機/セルフレジ	1.0
地上14階建／総戸数39戸	自分ケアを後回しにしがちなママ	1.0
快適な換気はベンティエールで	Galaxy S21／S21+ 5G【Samsung】	1.0
ドラマ全9話をイッキ見／dTV公式	新感覚ジェリーが試せる	1.0
日本初、最大級のお花の定期便	ル)】大谷翔平所属/エンゼルス戦	1.0
ラバーホルダーパッド／ミスミ	12/17,18,19 U-NEXT独占LIVE配信	1.0
屋内×最大約2000人収容可	(Ciaopanic)が最大70%OFF	1.0
シーズン1～12配信／見放題	PayPayボーナスもらえる	1.0
鬼滅の刃新情報発表	肥満気味な方必見の糖質ケア	1.0
社会保険労務士を目指すなら	特別編 を観るならHulu	1.0
過去シリーズから最新話まで配信	無料で信頼できる税理士をご紹介	1.0
初期診断・全国納品送料無料	ワンちゃんと一緒に楽しむホテル	1.0
【公式】ダンボールワン	現在の中古アクアの在庫3358台	1.0
太陽光発電で余ったデンキを買取	ル)】06/08 10:38～ライブ配信	1.0
≪最新ベッド≫2022冬	原則無担保・無保証	1.0
第1期～最新作までイッキ見	京都と愛知の旅行なら	1.0
NiziUとVR SQUAREが遂にコラボ	中学生タブレット、おすすめは？	1.0
暖房のニオイが気になる前に	&キャット】見放題	1.0
9/13 13:00 U-NEXTでライブ配信	お手頃な保険料	1.0
【公式】Woman.CHINTAI	今年の恋愛/結婚/仕事運勢を鑑定	1.0
ワールドビジネスサテライト	試薬 1-プロパノール／ミスミ	1.0
IT製品の比較・検討／ITトレンド	腰痛、肩こりにはpilatesK池袋	1.0
ドラマの見逃しならFOD	店舗情報はヒトサラでチェック	1.0
最大121,000円キャッシュバック	北村匠海主演／初回2週間無料	1.0
SEASON1～2配信／イッキ見	自動車保険20社をネットで比較	1.0
グリス/クローズも見放題	無料10年保証付きで最大75%OFF	1.0
通販生活の「ゆきあかり」	【群馬トヨタ オススメ中古車】	1.0
北海道旅行もクラブツーリズム	ハ・ジョンウ主演／Hulu独占配信	1.0
抱きしめたい】見放題	フルサイズ一眼 EOS R5 / EOS R6	1.0
(BEN DAVIS)が最大70%OFF	Your Life】イッキ見	1.0
土日祝日も診療	クレジットカード必要なし	1.0
３密対策事前電話相談実施中	静岡でコンタクトをお探しなら	1.0
《実質0円》初期工事費と開通月	5/22 19:00 U-NEXTでライブ配信	1.0
(SLOBE IENA)がアウトレット価格	初詣や温泉プランなど多数	1.0
ワトソン in NY】イッキ見	アグリパーク竜王で味覚狩り	1.0
月額負担を抑えるクレジット登場	公式サイトだけで探せる	1.0
大坂なおみ選手サイン入りグッズ	女性の年齢に良いと、大評判	1.0
9/4,9/5 U-NEXTで生配信	優良な非公開求人をお探しなら	1.0
システムエンジニア募集	累計100万本突破。初回半額¥2480	1.0
4/24(日)9:30～U-NEXT独占生配信	消費者金融／バレずに借りたい	1.0
【最新100巻】大好評配信	おしゃれなテレビボード／2021夏	1.0
まどかマギカ外伝】見放題	システム導入で売上UP・業務改善	1.0
5日分お試しセット税込1,100円	完全版Hulu独占配信／見放題	1.0
自己破産で支払い義務が免除	腰痛、肩こりにはpilatesK神戸店	1.0
1/25 14:30開演 U-NEXTで生配信	キレイで自然な髪色へ導きます	1.0
最大85％OFF/公式shoplist	5/2、5/9 U-NEXTでライブ配信	1.0
カニカニツアー／おすすめ	前作、新シリーズも全話見放題	1.0
住友不動産のスモールオフィス	巨人vs横浜戦/2週間無料	1.0
診断で推しキャラをみつけよう	ジャッキスタンド通販／ミスミ	1.0
海の力で艶めく美髪へ／Premior	2021年12月最新版	1.0
ドルチェ＆ガッバーナ／人気香水	第I紀～第III紀／2週間無料	1.0
ハードディスクのデータが消えた	即日貸し入れランキング	1.0
お助けします～】イッキ見	好きな形式を選べるセミナー	1.0
法人向け：企業の人材育成	絶縁付圧着端子 Y型／ミスミ	1.0
充実した交通アクセス	iPad、タブレットの通信販売	1.0
【本日最終日】半額：500円	ワールドトリガー/ABEMAで配信中	1.0
演劇、舞台俳優になる専門校	煮沸レベルの消臭&防カビまで	1.0
定期保険の保険料が月々659円	女子高生を拾う。】見放題	1.0
ジョブメドレー／企業向け	11/13 11:30～U-NEXTで無料配信	1.0
シーズン1～9配信／2週間無料	【公式】小林製薬／エディケアEX	1.0
キャップ-レディース	思わず触りたくなる肌へ	1.0
プロが最適機種アドバイス	新幹線利用のUSJ行きプラン	1.0
(SLOBE IENA)が最大70%OFF	1学期おさらいセットは7/11まで	1.0
包茎手術45,000円。【貸切対応】	胸キュン少女漫画も読み放題	1.0
北村匠海×永野芽郁 W主演	保険市場／個人年金 おすすめ	1.0
本町直通3LDK3700万から	保険選びで迷っている方必見	1.0
《一括見積りが無料。最短3分》	神奈川と岐阜の旅行なら	1.0
Netflixスタートキャンペーン	戸建てユーザー必見	1.0
町田／女性専用パーソナルジム	国内・海外ドラマが見放題	1.0
公式すかいらーくのお持ちかえり	演劇、舞台俳優になる専門校	1.0
オンラインキャリア面談実施中	全話無料電子コミックもオススメ	1.0
フランス戦をHuluでライブ配信	残業なしの求人も掲載中	1.0
ドリームグロウマスク BL	就職・転職できるには理由がある	1.0
第1期～第5期／2週間お試し無料	フック付ワイヤー通販／ミスミ	1.0
ル)】06/01 08:05～ライブ配信	全商品10%以上OFF	1.0
テレビで放送された話題のマシン	新規借入・お借り換えはこちら	1.0
柏 ／リボーンマイセルフ	数百円から始めるビットコイン	1.0
【夏期講習】受付スタート	軟骨成分との独自配合に成功	1.0
1話～最終回まで全話配信中	【公式】ダイキン業務用エアコン	1.0
auユーザーならauひかりがお得	北村匠海・松本まりか出演／Hulu	1.0
10/2(土)19:00 U-NEXT独占生配信	ジョブメドレー／企業向け	1.0
【CMで話題】人気のTBC脱毛	ダイキンの新モデルが登場	1.0
HuluオンラインLIVE配信イベント	C-3-50K低価格商品が充実ミスミ	1.0
EMPORIO ARMANIが最大3万円割引	マットレス／ブレインスリープ	1.0
始めよう1人暮らし/女性向け賃貸	お客様満足95％の給湯器専門店	1.0
LINEで簡単次回予約	【公式】ロート製薬のリグロEX5	1.0
【初回限定】定期コースが70%OFF	TVアニメ作品も配信中	1.0
かんたん操作で本格ECサイト作成	第1期～第6期／見放題	1.0
2022年6月おすすめローン一覧	前作単行本も全巻イッキ読み	1.0
綾野剛×北川景子 主演／見放題	ドコモ光 お申込み特典満載	1.0
アプリ配信の人気漫画が充実	申込TOP／無料で提供エリア確認	1.0
リアの居酒屋のぶ～】イッキ見	住友不動産ベルサール	1.0
人気の国内ドラマが多数勢ぞろい	可愛くて機能的なブーツ／SOREL	1.0
ワンピース1000話放送記念	1週間消臭＆抗菌	1.0
エンゲージメントを高めるツール	尿もれに悩む女性たちのために	1.0
1口3,000円から自分で選べる	【テレ朝名作バラエティ】も配信	1.0
1話から最新話まで配信	買いに行く暇がない方にオススメ	1.0
切断工具 配線ダクト用カッター	詐欺師】見放題	1.0
今なら3日間お試し無料	≪おしゃれなドレッサー≫2021秋	1.0
人気LIVEが2週間お試し無料	LEDパイロットライト／ミスミ	1.0
なハッピーエンドへ向かって】	お金借りる金融会社ランキング	1.0
高齢者ドライバーのご家族の方へ	現在の中古クラウンの在庫981台	1.0
「カイジ」の悪魔的スピンオフ	【外務専門職】春得キャンペーン	1.0
earth music&ecology	Huluオリジナルも2週間無料	1.0
《初月半額》3日以内の入会限定	昭和/平成/令和のライダー大集合	1.0
ゼクシィBabyが画数で診断	今すぐ無料トライアル／U-NEXT	1.0
睡眠専門医も愛用するマットレス	U-NEXTで配信(5/29まで)	1.0
葉酸サプリ／お試し5日間980円	事前リハーサルもできて安心	1.0
リース代／インク代不要	カルチャー＆インタビュー満載	1.0
話題の映画に出演のチャンス	公式【アイフル】最短25分で契約	1.0
バンタンの人脈が就職をサポート	アフターピルの処方なら	1.0
オンワード／冬セール開催中	慰謝料請求の相談はアディーレ	1.0
[公式]キリンiMUSE(イミューズ)	6月開催の模様を見逃し配信中	1.0
「考える力」をはぐくむ	自転車保険／お手軽な保険料	1.0
LIVERAL／オンワード公式通販	ミスミなら1個から送料無料	1.0
国内ツアー／19名様以下ツアー	6月5日(土)19:30～Huluで生中継	1.0
自己分析・業界研究を始めよう	柔軟剤で毛玉もシワもケア	1.0
忙しい人の睡眠環境をサポート	新型LXの情報はこちら	1.0
河野悦子】を配信中の	初学者も、受験経験者も	1.0
防災備蓄品ワンストップサービス	【公式】ヒゲ脱毛が980円/回	1.0
【大至急】データ復旧が必要	初回31日間無料で動画視聴	1.0
無料オリジナル漫画もおすすめ	TVCMでお馴染みエコキュート専門	1.0
カタログハウスの「通販生活」	【ドコモ光／docomo】無制限wifi	1.0
オトナ女子胸キュン無料漫画充実	トイレの臭いをすっきり消臭	1.0
最新トレンドアイテム入荷中	シーズン1～3をイッキ見	1.0
公式：チャレンジタッチ	ピカ 荷揚げ機GL型／ミスミ	1.0
基礎をしっかり学ぶカリキュラム	家賃や設備などの豊富な検索条件	1.0
店舗オリジナルBGMリストを作成	実質年会費無料のゴールドカード	1.0
復元率95.2%/JR大阪駅徒歩2分	CITIZEN／オンワード公式通販	1.0
アクサレディスゴルフinMIYAZAKI	出演：福原遥 若月佑美	1.0
光回線／対象エリア簡単検索	シーズン1～6をイッキ見	1.33
【 くまのプーさん 】扇風機	スヌーピーのマルチケース	1.33
入会金無料キャンペーン実施中	ヘンだけど～】イッキ見	1.33
CMで話題の新しい学習法	リクルートの安心サポート	1.33
国内トップクラスのセキュリティ	夏休みに苦手解消するなら7/25迄	1.33
時給2,000円の求人もアリ	新規入会＆利用7,000ポイント	1.33
公式／こだわり宿予約 jalan.net	(IL BISONTE)がアウトレット価格	1.33
しなやかで美しい髪へ導く	レットサービス)】2週間無料	1.33
【ミネラルUVシリーズ】	初心者大歓迎／クラツー公式	1.33
今だけ限定の特典をお届け	役立つ就活準備情報満載	1.33
【2021春夏コレクション】	アルティモイストライン誕生	1.33
新作も名作もdTVでイッキ見	1月号の特典付き締切は1/15(金)	1.33
8Kビデオ搭載／最高峰の解像度	映画を楽しむなら／dTV【公式】	1.33
完全版を全話視聴／dTV（公式）	定期購入が45%OFF【公式】	1.33
子供の脳と成長をサポート	女性に嬉しい成分配合	1.33
8月29日(日)19:00～Huluで生中継	貴女に訪れる転機を占います	1.33
C型シャコ万力通販／ミスミ	２つのタイプから選べる	1.33
カギが自由になる生活。	エコカラットをご検討の方へ	1.33
新規入会＆利用で7,000ポイント	私は払わなければいけないの？	1.33
巨人vsヤクルト戦/2週間無料	90%が1人参加／クラツー公式	1.33
話題の映画に出演のチャンス	おうち時間はdTVでイッキ見	1.33
天神新オフィスいよいよオープン	ミニペンチの通販ならミスミ	1.33
富山グラウジーズvs千葉ジェッツ	１話～最終話まで全話配信中	1.33
堂安律選手所属PSV戦も／Hulu	全国一律20,000円～	1.33
かわいいアイテムが大集合	防災備蓄品ワンストップサービス	1.33
何から始めればいいの？にお答え	フェリシモオンライン通販	1.33
【 ミッキー＆ミニー 】バッグ	【スヌーピー】印鑑ケース	1.33
Z会進学教室/中学生	おすすめのイベントをご案内	1.33
超高速インターネットで快適	本編＋オリジナルストーリー配信	1.33
お得な入学金無料は4月28日まで	永野芽郁さん出演のCMで話題	1.33
U-NEXTで今すぐ観られる	こだわりの食特集2021	1.33
金利2.99%残価設定型クレジット	マツダ公式中古車サイト限定車	1.33
きれいになる楽しさをサポート	春期講習 申込受付中	1.33
守るだけじゃたたかえない	秋のキャンペーン／今だけ500円	1.33
ドコモ光／ワイファイ使い放題	FIT買取期間満了を迎える方へ	1.33
【ドコモ光】の引越し手続き	琉球 VS 千葉戦をライブ配信	1.33
無料で現地調査、見積もりを実施	命はどっち?～】2週間お試し無料	1.33
リトルツインスターズ洗濯ネット	BIGサイズ保冷トートバッグ	1.33
1/31(月) 13:00 U-NEXTで生配信	無料のBSJapanextで放送	1.33
（公式）税理士ドットコム	WEB限定 マルコとマルオの12日間	1.67
この時期を乗り切りたい人に	山田養蜂場【公式通販サイト】	1.67
フジテレビの最新アニメ配信中	リクシルのカートリッジ通販	1.67
トゥ・ダークネス】2週間無料	【公式】ビズメイツ	1.67
超BIGサイズ洗濯ネット	ジルスチュアートのマルチケース	1.67
1月26日(水)新規開校	3/21(日)12時間一挙放送	1.67
（最新刊）ジャンプ スクエア	60秒でカンタンWeb見積もり	1.67
WEB契約で金利がおトク	12/19 18:00～U-NEXTで生配信	1.67
5/31まで対象コース50,000円割引	VAVAVOOM／韓国コスメ・ネイル	1.67
布団1点あたり税込5,940～	企業連携授業や就職サポート充実	1.67
契約期間３ヶ月の短期プランあり	ハンドメイド商品の販売も楽天	1.67
初期費用18,857円割引	お急ぎの方へ／最短即日開通	1.67
基礎から実践スキルを習得	土壌水分測定器通販／ミスミ	1.67
一流達が惚れ込んだマットレス	夏の特別号の最終締切は8/15	1.67
貴族に転生する】イッキ見	ペットにもやさしい香り	1.67
新作の財布が続々入荷中	GW限定プレゼントキャンペーン	1.67
オンラインで医療保険を相談	アズールレーンシリーズ	1.67
ゴリラクリニックのニキビ治療	投資信託。口座開設料無料	1.67
Wowma／いま話題の通販サイト	ブランド買取の高価買取なら	1.67
【公式】松風／まつエク商材	FXを始めたい初心者の方へ	1.67
ハンドメイド商品の販売も楽天	契約期間３ヶ月の短期プランあり	1.67
本気で痩せたいなら、価格より質	白のジェリーで土台をケア	1.67
秋の感謝祭で今だけ500円	GreenPowder乳酸菌入りが登場	1.67
1月号のオススメ締切日は12/26	＼入会金０円／お申込みはこちら	1.67
券面デザイン着せ替え可能	【1/31まで】アマギフプレゼント	1.67
人気のPCが限定値下げ	新春 大抽選会開催中	1.67
無料体験レッスン実施中	日記や手帳、カレンダーなど	1.67
国内ダイナミックパッケージ	DMM株/業界最安値水準の手数料	1.67
クチュリエ／フェリシモ	3ヵ月通い放題が1日約99円から	1.67
ドコモ光料金シミュレーション	マンション・戸建てタイプ別一覧	1.67
C型20mmレール通販／ミスミ	基礎から実践スキルを習得	1.67
LUXE Journal Vol.7 大草直子	変わらないスタンダード	1.67
SPRING COLLECTION	luxe journal_Vol.5 笹川友里	1.67
初回登録31日間無料お試し	10万円以下で買える即戦力PC	1.67
停電時も約4.5日分電気を使える	HV含め多くの車種に対応	1.67
【枚数限定】クーポン大量配布中	2022年5月／1番人気はどこ？	1.67
王様のブランチ紹介商品	世界初の画面折りたたみPC	1.67
おもちゃん －Ｏｍｏｃｈａｎ－	エステ・脱毛・美容整形などにも	1.67
テレワークに最適な物件探し	送料無料・即日発送も豊富	1.67
初期費用0円 家電・備品付き	未経験でも高収入可	1.67
３６５日営業／ここが最後の砦	まぐろのあたま／通販生活限定	1.67
最新作～過去作まで見放題	YouTubeで話題のビジネス英語	1.67
【BTS出演】MC田中圭・千葉雄大	リピート率93%以上のスキンケア	1.67
リアルとネットで進路をサポート	犯罪予知ユニット】イッキ見	1.67
周囲にバレずに給付金請求	ギフトの品揃えは常時1万点以上	1.67
NECDirect限定モデル多数	レディースバッグなど	1.67
ワンランク上のフィットネス	【公式】住友不動産エスフォルタ	1.67
はじめてのお絵かきタブレット	GESオンライン校	1.67
Huluオリジナルも配信／イッキ見	8/31(火)までのご予約がオススメ	1.67
シーズン1～6が2週間お試し無料	テーブル 通販/SALE商品が多数	1.67
CAPRICIEUX LE'MAGEが最大70%OFF	都市ガス給湯器をかしこく交換	1.67
通塾時間ゼロで2学期先取り準備	6月号のオススメ締切は5/16	1.67
新型コロナ対策実施中	GoToトラベルでお得にレンタカー	1.67
氷室京介60thドキュメンタリー	【セブンネットショッピング】	1.67
フルサポート式スポットコンサル	(GUCCI)が最大3万円割引	1.67
≪最新チェア≫2021夏	WEBで料金シミュレーション	1.67
Rap Battle】ヒプアニ/2週間無料	(SAINT LAURENT)が最大70%OFF	1.67
空気や換気のご相談はダイキンへ	転職決定社数No.1求人サイト	1.67
業務用防犯カメラ/【公式】UEYES	WEB限定/お得なキャンペーン中	1.67
車用芳香剤でニオイを除去	2018年／格安のプロバイダーは？	1.67
対象コースが最大20,000円割引	警察官・消防官を目指すなら	1.67
電気の新規お申込み	管内検査カメラ通販／ミスミ	1.67
保険選びで迷っている方必見	最低価格39.8万円から	1.67
(SUICOKE)が最大70%OFF	フランジナイロンナット／ミスミ	1.67
一般家庭にも対応	ゴリラクリニックのニキビ跡治療	1.67
住友不動産の分譲マンション	価格見直し商品が多数	1.67
リアルタイム一括見積が可能	原作最終巻と一緒にアニメ一気見	1.67
auスマホが毎月最大1,100円割引	劇場版も期間限定配信/2週間無料	1.67
人気書籍が600円分無料で読める	個別プランで無理なく成績アップ	1.67
【公式】チャレンジタッチ3年生	見せて隠して引っ掛けてお片付け	1.67
Hanayume（ハナユメ）／公式	対策バッチリ・オンライン参加可	1.67
大人気のジェリーもお試し	今なら基本料金3ヶ月間無料	1.67
女性も安心なキャッシング2022春	給湯器のプロが親切・丁寧に対応	1.67
簡単ネット注文／度数交換OK	【公式】マイナビ2024	1.67
【スヌーピー】印鑑ケース	最新号を送料無料でお届け	1.67
「調子が良くないな」と思ったら	浴室乾燥機の交換で省エネ＆エコ	1.67
静岡と岡山の旅行なら	菊池風磨主演／2週間お試し無料	1.67
法人カード／ビジネスの即戦力に	海外／国内空港ラウンジサービス	1.67
家族や友人と過ごす年末年始の旅	Z会進学教室／ラポラトリ三島	1.67
\\71,500+税のところ\\24,000+税～	税込963万円～理想の平屋暮らし	1.67
無料マタニティ雑誌に今すぐ応募	目の対策に機能性表示食品	1.67
新規お客さま用お見積もりご確認	すかいらーく公式サイト	1.67
パティシエを目指す高校生の方へ	独立・開業のノウハウを学べる	1.67
旧オーダーボックス・ドットコム	タブレットと人の指導による学び	1.67
ル)】06/03 08:05～ライブ配信	【TWD】シーズン1～10見放題	1.67
スヌーピーのマルチケース	リトルツインスターズ洗濯ネット	1.67
華麗なる人生】2週間お試し無料	蜂蜜と天然果汁の絶妙な味わい	1.67
衣装500着以上／何着着ても無料	アイスショーのチケットが当たる	1.67
全24話イッキ見／初回無料お試し	【再進学】で憧れの業界へ転職	1.67
返済方法は２種類から選べます	auユーザーならおトクな特典多数	1.67
スポーツもニュースもライブTVで	３つの力、だから強い	1.67
来店予約はこちら	税込963万円～理想の平屋暮らし	1.67
見た目も機能も手放さないで	ヨガ気分ブラで背筋ピン	1.67
約8日間お試し無料／送料無料	バイク保険見積比較サイト	1.67
4月講座スタートまだ間に合う	出店をお考えの企業様へ	1.67
乃木坂4期生が昭和歌謡を熱唱	S1全話+S2最新話配信中	1.67
低価格車もトヨタの安心中古車で	個人事業主も加入できるPL保険	1.67
【おトクな夏セール開催中】	充実のコーチ陣が徹底サポート	1.67
疑似ライブ配信で素早く・簡単	導入実績300社以上の	1.67
渋谷 VS 宇都宮戦を生中継	【オープンハウス】2021年最新版	1.67
自信の持てる一歩一歩をサポート	～シベリア先発隊～】イッキ見	1.67
今だけTBCの脱毛が半額	最短25分で融資可能／WEB申込み	1.67
神コスパ 進化したGoogle Pixel	合格まで導く万全のサポート体制	1.67
新発売／1週間お試し初回500円	守るだけじゃたたかえない	1.67
はじめての家族写真	WiMAXスタートキャンペーン	1.67
2021年上半期で人気製品を比較	10/17 16時～U-NEXTで独占生配信	1.67
ムレにくい薄手のシルク仕立て	噂のワキガ対策No.1アイテムとは	1.67
駅直結の全天候型イベント空間	【最大２ヵ月無料キャンペーン】	1.67
お得なセット価格をご紹介	電子漫画10万話以上が無料	1.67
話題の生姜シロップジェリー	2018年までの過去18作をイッキ見	1.67
本編+Huluオリジナルも配信中	公式／トヨタカローラ山形	1.67
氷室京介60thドキュメンタリー	セブンネットショッピング／公式	1.67
全額返金保証実施中	【公式】住友不動産	1.67
水回りのトラブルを【即解決】	【公式HP】24/7ワークアウト	1.67
A2-70 六角ボルト／ミスミ	(A.P.C.)がアウトレット価格	1.67
インフィニティー・ウォー配信中	（旧 能登紙器株式会社）	1.67
ハードディスクが認識しない	名古屋駅徒歩5分/ここが最後の砦	1.67
油圧式パンチャー通販／ミスミ	期間限定/今なら無料でお試し	1.67
一括見積りで2万円以上お得？	独占配信。韓流も見放題イッキ見	1.67
事件ファイル】2週間お試し無料	人気の春夏アイテム多数取り揃え	1.67
2ヵ月無料の乗り換え割実施中	フロアスタッフの業務を軽減	1.67
【最短1時間】即日融資も可能	【アルティモイストライン】	1.67
ストリーマ研究所	人気ギフトセットも豊富	1.67
DHAEPA配合の高濃度サプリ	Chacottのウェアなど	1.67
第1期～最新話、劇場版も見放題	新しい好きを見つけませんか？	1.67
Hanayume（ハナユメ）／公式	四季折々のお勧め国内ツアー	1.67
シリーズ17作品が見放題	ミッキー、バスキアがグッズに	1.67
【がん保険の資料請求はこちら】	鹿児島／公務員・団体職員の転職	1.67
P.G.C.D. カンテサンス	無料カウンセリングはこちらから	2.0
【ベストコスメ多数受賞】	【2021サマーコレクション】	2.0
スペシャルムービー公開中	先行商談受付中	2.0
初回限定80％オフ	出演：佐藤健・渡部篤郎など	2.0
1位は2717票のダントツの得票数	最新／お得に買える情報付き	2.0
【新規工事料無料】	他社NGでも／データ復旧率95.2％	2.0
ゲーム感覚の英会話学習アプリ	最大7,200円キャッシュバック	2.0
注目企業をピックアップ	がん保険ならアフラック	2.0
豊富なラインナップで構成	くもんのドリルでひらがなの練習	2.0
独自の機能で鮮度長持ち	下取り値引きで134,800円	2.0
鑑定区分や刀匠名でも検索できる	8月1日までお得爆発DAY開催	2.0
期間限定スペシャルキャンペーン	梅田・なんば、アクセス抜群	2.0
【カンブリア宮殿】見逃し配信も	予知能力で運命は必然に変わる？	2.0
先着順受付開始	品川イーストシティタワー	2.0
【 ミッキー＆ミニー 】バッグ	【 くまのプーさん 】扇風機	2.0
多くの学生がリクナビを使用	料金・プランの詳細はこちら	2.0
ヒゲのコンプレックスから卒業へ	【今年最後のセール】12／27まで	2.0
クロスの力で揺れ軽減	世界で大ヒット	2.0
千葉県屈指の理想的な住環境	24時間看護体制あり	2.0
同僚に内緒でお金を借りたい方	はじめての不安はここで解消	2.0
男の絶対外さないパンツ選び	今なら対象の方に500Pプレゼント	2.0
【有料会員一次募集・4/30締切】	英語・数学を楽しく学ぶ通信教育	2.0
(CITYSHOP)がアウトレット価格	11月・12月開催	2.0
【ミネラルUVシリーズ】	【2021秋冬コレクション】	2.0
ご予算に応じて選べる結婚祝い	ピーナッツホリデーコレクション	2.0
予想問題で成績アップ	11月号のオススメ締切日は10/17	2.0
2020年で最も選ばれた製品は？	煩雑な労務業務にサヨナラを	2.0
特約をプラスしてパワーアップ	SSDのトラブルお任せ	2.0
相談できる受講者コミュニティ	2/1まで1万円キャッシュバック	2.0
4月号最終締切を特別延長5/2まで	全額返金キャンペーン12/27締切	2.0
住友不動産販売にお任せ下さい	セカンドオピニオンお答えします	2.0
【創業20年以上の実績】	20代から戸建てが買える	2.0
(公式)キント／トヨタ サブスク	レクサスNXが月額88,000円～	2.0
dinos公式ホームページ	挟むだけ、ラクにスリムを目指す	2.0
いつものティータイムにぴったり	デザインも使い方も、色々	2.0
”テレビ取材実績多数”	官公庁大企業様ご用達の専門業者	2.0
販売予定価格3,800万円～	持病がある方でも加入可能の保険	2.0
今だけ10秒ｱﾝｹｰﾄで２週間無料	消費者金融ローンランキング	2.0
今なら2週間の無料お試し受付中	オートフィードシュレッダーなら	2.0
限定クーポン配布中	クリエイターPCをお探しなら	2.0
3/8まで1万円キャッシュバック	リクルートのTOEIC(R)TEST対策	2.0
アズールレーン Queens Orders	U-NEXTで全話配信中／無料お試し	2.0
４日前後でスピードお届け。	オンラインライブ授業で要点整理	2.0
冬／スエード調素材でこなれ感	レディに品よく着こなす夏ニット	2.0
対象コースが5,000円割引	【中小企業診断士】1.5年本科生	2.0
2月からはじめる不動産投資	5年連続【国内No.1】の着工棟数	2.0
話題の商品や新作をチェック	暮らしをもっと楽しく	2.0
ライフスタイルがもっと自由に。	小学生の子供でも簡単操作で安心	2.0
2021年冬のランキングをチェック	モアコンタクト【公式サイト】	2.0
国語・算数を楽しく学ぶ通信教育	有料会員一次募集４／３０まで	2.0
【4/25まで】4月号の最終締切日	公式通販ホームページ	2.0
頑張る家具屋さん／通販サイト	通販サイトWowma内公式ショップ	2.0
全国各地で、先生を募集中	年収UPを目指すエンジニアへ	2.0
憧れの最新車種で出かけよう	今なら人気のクラスが30％オフ	2.0
今なら新規申込で限定特典	置き畳／最短1時間で完了	2.0
無料お試しのご登録もこちらで	15社から一括比較	2.0
U-NEXTでライブ配信(6/29まで)	アニメの原作漫画を無料試し読み	2.0
BIGサイズ保冷トートバッグ	PAUL&JOEエコバッグ	2.0
すべての人に贈るホリデーギフト	Theory WOMEN(レディース)	2.0
山田養蜂場／オンラインショップ	今の時期に不安な方へ	2.0
2021サマーセール開催中	エポスカードでいつでも配送￥０	2.0
シリーズ6作品が2週間お試し無料	Sグレード月額2万円台	2.0
SUMMER WASHABLES	SUIT YOU	2.0
データが消えてしまった方へ	JR桜木町駅直結/ここが最後の砦	2.0
最新／お得に買える情報付き	1位は2717票のダントツの得票数	2.0
工事満足度97％のキンライサー	2020年／今注目の人気製品を比較	2.0
月々の電気代をお得に	災害時に備えるマイホーム	2.0
60歳以上の方も申込める保険も	9/8(水)19時オンラインセミナー	2.0
トレンドキーワードをチェック	秋冬セール／1月7日より	2.0
オーダーメイド級のフィット感	スライド棚板の通販ならミスミ	2.0
任意保険料、メンテナンス料込み	TACのキャンペーンをチェック	2.0
新学期に向けて公文式を始めよう	8月24日まで。ウェブ予約受付中	2.0
志望大レベル別7コース／高3対象	Web契約キャンペーン実地中	2.0
泡クッションで尿はね防止	アクアセラミックでキレイが続く	2.0
豊富なラインナップで構成	おうちでくもん出版のドリルを	2.0
12/12(日)18:00 U-NEXTで配信	独占配信漫画も読み放題作品豊富	2.0
luxe journal_Vol.5 笹川友里	SPRING COLLECTION	2.0
「調子が良くないな」と思ったら	カビ対策や省エネにも	2.0
有料会員一次募集・4/30締切	東進／小学生向け夏の特別授業	2.0
InRed4月号掲載／リボン付シャツ	人気の冬アイテム多数取り揃え	2.0
2022年春物 新作続々入荷中	新生活を始める人	2.0
花嫁専用シューズケース	ジルスチュアートバッグ&ポーチ	2.0
PANT THEORY	NEW AUTHENTIC	2.0
日本生まれ、世界育ち	女性でも安心してすぐ借りれる	2.0
安心・安全のサービスをお届け	最新物件情報をすぐに検索できる	2.0
若々しくアクティブな毎日へ	カード発行後すぐにご利用可能	2.0
9/20(月・祝)ライブ配信	1話から24話まで全話配信中	2.0
【アプリのCVRはウェブの2.3倍】	EC売上36%UP 会員数3倍の実績も	2.0
初回限定83%OFF・限定特典付き	観月ありさ出演中	2.33
フレッシュマン割スタート	月々7,200円でわきが治療が可能	2.33
期間限定SALE開催中	人気ノートパソコン	2.33
14日間の集中研修／再研修も無料	オンラインで身に着く発音矯正	2.33
採用率1％以下の講師陣	ビジネスで伝わる英語を学ぶなら	2.33
くもん出版の幼児ドリル	きめ細やかなラインナップで構成	2.33
就職／説明会事前予約受付中	予約リスト追加受付開始【公式】	2.33
0円から始められる	バイク保険の比較はインズウェブ	2.33
【WEB限定】初回70％OFF	石橋貴明の疲労回復ライフハック	2.33
中小企業診断士早割キャンペーン	最大25,000円OFF	2.33
活用事例集を無料DLできます	高品質・高速な刺しゅうを実現	2.33
SNSでも話題のトライアルセット	N. Natural Beauty Basic／公式	2.33
超スピード対応・即マッチング	USENの店舗売却サービス【公式】	2.33
法人・団体のお客様へ	ユニクロの服を、ユニフォームに	2.33
消費者金融ランキング2021春版	利用者1000万人見積無料最短3分	2.33
広島＼スタディサプリ進路公式	《最短4ヶ月》でWebデザイナーに	2.33
GIRIGIRIアウト	幼女社長／dブック公式	2.33
四柱推命を元にした[本格占い]	脚本家／中園ミホが描く人生年表	2.33
英会話セットプラン月額6,480円	忙しいビジネスパーソンの方へ	2.33
2019年グッドデザイン賞受賞	髪に嬉しい成分がきちんと、届く	2.33
LINEで電気料金を簡単チェック	毎月ポイントがたまる・つかえる	2.33
ショッピングでポイントが1.5倍	海外／国内空港ラウンジサービス	2.33
フリーランスの方でも申込み可能	【企業向け】最短1営業日で融資	2.33
ビジネクストから社名変更	申込みトップページ	2.33
何でも聞ける個別相談会を開催中	社会人でも通えるマンガ家コース	2.33
バッグ修理が今なら最大15％OFF	写真でかんたん無料見積もり	2.33
成功と失敗の分かれ道	シノケン【公式】不動産セミナー	2.33
番組商品はこちら(SALE)	集結 スゴ腕カリスマバイヤーズ	2.33
リクルーティング／Indeed	3/19(金)14:00～16:00開催	2.33
NEXOの試乗体験が可能	ヒョンデの車が日本再上陸	2.33
6/15から無料お試し受付開始	0・1・2歳の今だからできること	2.33
【公式】2人で結婚式 66,000円～	名古屋八事、アクセス抜群	2.33
簡単操作で検査時間はたった15分	大切な人に会う前に	2.33
あなたにあった保険が選べる	【未経験でも安心】業界最安値	2.33
2021年は夏の北海道を楽しもう	家族で楽しめるアクティビティ	2.33
現役エンジニアによるサポート	N高等学校／公式	2.33
美白化粧品売上NO1／国内生産	【第一三共ヘルスケア開発】	2.33
TVショッピング人気商品多数	初期費用安く、上質インテリアを	2.33
マイベビーリストに簡単登録	Amazon 500円クーポンもらえる	2.33
初心者に最適/簡単スワイプ注文	最短1時間で取引開始	2.33
テナント家賃保証	【公式】USEN	2.33
2枚目カード作成で2,000ポイント	入会初月無料／月額550円(税込)	2.33
【公式サイト】ポケットマルシェ	日本最大級の産直サイト	2.33
折りたためる大画面スマホ	開けばタブレットでビジネスにも	2.33
最大100万円のポイント付与	【公式】LIXIL（リクシル）	2.33
アニメやドラマの見逃し配信あり	1話無料は登録不要で視聴OK	2.33
アンケートでネットギフト貰える	無料の資料請求はこちら	2.33
週3日で約50万/月の案件	【公式】FLEXY（フレキシ―）	2.33
公式サイトだけのクルマ公開中	月額負担を抑えるクレジット登場	2.33
ローズソフトナー／FEMMUE	オードカメリア／FEMMUE	2.33
ゲーミングブラックフライデー	合計2,900名様に最大10万pt進呈	2.33
ガスと電気まとめてお得に	引っ越し手続きを簡単一括申込み	2.33
9月5日まで限定持ち帰りメニュー	2021年で最も選ばれたサービスは	2.33
ご予算に合わせて贈り物を検索	お得な割引商品は最大40％OFF	2.33
最短1時間で取引開始	初心者に最適/簡単スワイプ注文	2.33
【公式】エーグル／AIGLE	RainCampaign開催中	2.33
店舗は平日21時まで営業	他行宛振込手数料最大月5回0円	2.33
ミッド(仲値)価格で取引可能	国内唯一の新機能BitMatch注文	2.33
店舗設備も無料＆スピード査定	飲食店/美容院の居抜き店舗売買	2.33
声優業界で活躍するなら	アナタの夢をカタチにする／公式	2.33
2021総合人気ランキングサイト	大阪ガスCHを激安価格で即交換	2.33
【公式】KARTE／カルテ	カスタマーサクセスの活用集掲載	2.33
5路線利用可のターミナル駅	資料請求受付開始	2.33
初回のみプラン購入5%オフ	初回スイング診断が半額	2.33
プロクリエイターを育てる専門校	デザイン・服飾・美容の専門校	2.33
《2021春夏物》先取り予約販売	InRed4月号掲載／リボン付シャツ	2.33
式場探しを応援・キャンペーン中	電子マネーギフトもらえる	2.33
通販生活×マキタの特注モデル	いつでもどこでもラクラクお掃除	2.33
【ポリピュアEX】実際の効果とは	10秒で分かる《育毛剤TOP３》	2.33
最大20万円のキャッシュバック	漫画でFXをわかりやすく解説	2.33
シュレッダーの通信販売なら	ショッピングでポイントが1.5倍	2.33
スピーカーとマイクのセット	会議や講義、イベントなどに	2.33
今日も明日も明後日も	折れたのは自信だけじゃなかった	2.33
新年度、まずは身近な自分磨き	人生100年 大人の学び 公文書写	2.33
STEMで未来は変えられる	世界が注目する15歳の科学者	2.33
約60年の新卒採用実績	無料見積もり・資料請求	2.33
人生100年時代に備えよう	家計にやさしい手数料	2.33
24時間365日受付／年中無休	小型トラックをお探しの方	2.33
場すぎる】2週間お試し無料	トヨタのプラドが月額66,220円～	2.33
取替浄水スパウト	初年度年会費無料	2.33
「コロナお守りパック」自動付帯	待ち時間なしですぐに出発	2.33
U-NEXTとスマホ代をまとめてお得	格安スマホ y.u mobile【公式】	2.33
プライバシー徹底管理	発毛実感率99％	2.33
シングルプレイRPG最新作	事前登録受付中	2.33
2021／ブランド レインブーツ	FW21カプセルコレクション	2.33
予約・顧客台帳サービス	業務用／最短３営業日で使用可能	2.33
外国人向けカードローン比較	提供エリアの確認が簡単・無料	2.33
3/19(金)14:00～16:00開催	リクルーティング／Indeed	2.33
ギフト用箱としてもおすすめ	ニトリのインテリア・収納・家具	2.33
月額料金が実質6カ月0円	U-NEXTをシェアしてお得に	2.33
【見逃し配信】カンブリア宮殿	【公式】無料お試しはこちらから	2.33
ローラの新CMが綺麗すぎると話題	通い続けなくていい脱毛とは？	2.33
女性に嬉しい成分配合	子供の脳と成長をサポート	2.33
業務用高機能刺しゅうミシン	速い、強い、すごいはブラザー	2.33
筋肉のたるみを引き締める超音波	無料体験レッスン(オンライン可)	2.33
私のきっかけは、ここにある。	受講料最大＜16万円OFF＞	2.33
【オープンハウス】一戸建て	【2021年最新】	2.33
セブンイレブン受取りで送料無料	写真集・本の予約 通販	2.33
1日6分だから続く/2週間おためし	秋得：１ヶ月無料体験し放題	2.33
【アルティモイストライン】	【15周年アニバーサリー】	2.33
結婚式のお祝儀にも利用可能	電話連絡が気になる方へ	2.33
MeniconMiru則武新町店へ	ｲｵﾝﾓｰﾙ名古屋ﾉﾘﾀｹｶﾞｰﾃﾞﾝ3Fへ	2.33
追加料金なしでU-NEXTが楽しめる	格安スマホならワイユーモバイル	2.33
車クリーニング業者を一覧で比較	全国一律18,000円～	2.33
MEN´S KIREIMO【公式HP】	お試し体験：2/28(日)まで	2.33
どこよりも早く購入できる	安心 安全 シンプル	2.33
20代の2人に1人が利用	お客様満足度95％のキンライサー	2.33
新規会員登録キャンペーン	送料弊社負担 7DAYSキャンペーン	2.33
紙の給与明細からは卒業	利用率No.1／IT製品の比較サイト	2.33
SUMMER SALE：今なら半額500円	面倒な毎日のヒゲ剃りから卒業へ	2.33
引越しのお手続き	最新キャンペーン情報はこちら】	2.33
マイナポイント事業対象	【年会費永年無料】楽天カード	2.33
金利も為替手数料も両方おトク	【公式】初回お試しはコチラ	2.33
オンワード・クローゼットで通販	LA BAGAGERIEの通販	2.33
車検2年+保証1年付き	示談金はどれくらい増額する？	2.33
今すぐ借りたい、バレたくない	消費者金融ランキング2022最新版	2.33
WEB限定キャンペーンはこちら	すっぽんサプリ8年連続売上No.1	2.33
ドラマ≪カネ恋≫コミカライズ	コミックシーモアで独占先行配信	2.33
シロアリ駆除費用／相場の約半額	価格満足度＆ご利用シェア第1位	2.33
今だけ登録で1000円分プレゼント	業界最高級画質で競輪が楽しめる	2.33
借家人・施設賠償責任もカバー	月額980円からの店舗保険/USEN	2.33
夏限定5日間講座の締切は7/25迄	10月号の特典締切日は9/12	2.33
事前登録で実質月額3980円に	24時間365日いつでもどこでも	2.33
2/1まで1万円キャッシュバック	インク、用紙など、プリンタ周辺	2.33
停電時でも安心の1500Ｗ利用可能	HV含め20以上の車種に対応	2.33
家のお悩み今すぐリクシルに相談	豊富な商品ラインナップはこちら	2.33
乳幼児期に知的好奇心を育む教材	【5月無料お試し受付中】	2.33
【公式】ユアマイスター	あんしん保証付、感染症対策徹底	2.33
【GLOBIS】のアセスメントテスト	論理思考力の測定	2.33
無料で簡単にエリア確認ができる	IPv6も対応×最大1Gの快速ネット	2.33
５年連続通販市場売上No.１	お家時間の一工夫	2.33
人気声優 花江夏樹/下野紘が吹替	日本で観られるのはU-NEXTだけ	2.33
キャンセル保険もらえる	ハナユメ割で人気結婚式場50%OFF	2.33
2023年4月生募集受付中	【最新4巻】大好評配信	2.33
(CIAOPANIC TYPY)が最大70%OFF	≪おしゃれな本棚≫2021最新	2.33
トヨタの新車が月々定額で	キントはご契約時の頭金が０円	2.33
ミッドナイトマーケット実施中	秋はエーグルを着こなそう	2.33
都心を中心に40か所以上に展開	ゆとりと安心の社内会議の開催	2.33
公式すかいらーくのお持ちかえり	ガストのピザはいかがですか？	2.33
。第弐章】見放題	あなたは私～】イッキ見	2.33
FODオリジナル胸キュンドラマ	HABAで自分磨きをさらに楽しく	2.33
1週間限定／全品送料無料	PRESALE - 最大50%OFF	2.33
生年月日であなたの結婚運を占う	2021年、入籍の可能性はある？	2.33
煩雑な労務業務にサヨナラを	2020年で最も選ばれた製品は？	2.33
プリズマ イリヤ Licht 配信中	パーティーデビュー】見放題	2.33
オンライン診療で来院不要	WEBで簡単申込み／事業性融資	2.33
燃料補充が不要でお手入れ簡単	国内販売金額シェアNo.1ブランド	2.33
【小林製薬】潤いクリーム	購入後無料アップグレードが可能	2.33
Netflixパックが新登場	10Gメニューで動画も快適	2.33
U-NEXTをシェアしてお得に	今なら月額料金が実質6カ月0円	2.33
≪食器棚≫2021夏のトレンド	毎日快適、きれいもキープ	2.33
対象コースが2割引	前作、新シリーズもイッキ見	2.33
引越し、転居の総合手続き	ガスとネット同時にお申込でお得	2.33
父の日に贈りたいギフト特集	週末限定キャンペーン開催中	2.33
スマホで自宅のカギを開け締め	子供が無事に帰宅したか不安	2.33
無料体験学習の予約開始は6/15	アニメ・映画等の動画作品が豊富	2.33
汚れが落ちやすい	しっかり節水、節電	2.33
資料請求（無料）はコチラ	マンション・戸建てタイプ別一覧	2.33
月々の保険料をシミュレーション	特定の5つのケガには一時金給付	2.33
公式 ドライヤールーツアップ	通販生活で限定販売実施中	2.33
家でも外でも大活躍	いろんなテイスト大集合	2.33
全国百貨店に出店中の買取サロン	予約不要/手軽に無料買取相談	2.33
LIXILオンライン【公式】	今だけ2万円OFFキャンペーン中	2.33
新たな1品が20％オフ	初めての方でも安心【WiMAX】	2.33
2022年 New Collection	《サマーセール》MAX 50% OFF	2.33
ENHYPEN誕生のオーディション	12/12(日)U-NEXTでライブ配信	2.33
黒部ダムの放水見学に行こう	今年は開業50周年アニバーサリー	2.33
限定セット付4月号の締切は4/11	中学校別の予想問題で高得点	2.33
対策バッチリ・オンライン参加可	口コミ・評判満載／ハナユメ公式	2.33
折れたのは自信だけじゃなかった	今日も明日も明後日も	2.33
初回50％OFF(最大500円引)	最大3000冊の電子書籍が無料	2.33
累計15万口座以上の契約実績	ビジネクストから社名変更	2.33
Olymic Heritage Collection	Valentine's Day Campaign	2.33
官公庁法人様実績多数	2021夏得キャンペーン実施中	2.33
【フェリシモ】オンラインSHOP	姿勢をキレイに保つブラ	2.33
RAW現像・レタッチパソコンなら	定期購入で2700円【公式】	2.33
テレ東の経済番組を見るなら	【最大２ヵ月無料キャンペーン】	2.33
公文で書写の先生になりませんか	この春、新しいチャレンジを	2.33
【テレビCMでおなじみ】	HRBrain/エイチアールブレイン	2.33
ビットコインを分散投資に	見やすいダークモードを搭載	2.33
ひび割れて】2週間お試し無料	給料前払い&正社員登用制度アリ	2.33
ベストセラーのファンデが試せる	ミネラルインナートリートメント	2.33
ウェビナーのデータ活用も	疑似ライブ配信で素早く・簡単	2.33
【最短1日で広告配信が可能に】	TikTok広告でビジネスが加速する	2.33
最新物件情報をすぐに検索できる	安心・安全のサービスをお届け	2.33
Newsモーニングサテライト	これは実際の口コミです。	2.33
自宅でWiFiが使い放題	ネットのお申込みはこちら	2.33
祝着無料レンタルサービスも	《お宮参りナビ》をチェック	2.33
公式／ロゼッタストーン・LC	2月末まで入会金33000円全額無料	2.33
最短当日掲載可	求人応募効果アップ	2.33
最低8万円～／簡単リフォーム	最短2時間で完了	2.33
国内生産の高品質	最大5万ポイント特大PT還元祭	2.33
初回限定特別価格 4,950円	きれいな文字で新しい自分発見	2.33
【初期費用０円】ライブコマース	【Handsup】オンライン販売	2.33
自分に合った仕事探し	毎年1,000万人以上が受診	2.33
テレビCM放映中	1日15分からのキャリアスクール	2.33
ピザーラのカニ、解禁	お得な冬休みセット販売中	2.33
WEB/TV会議からライブ配信まで	映像音声技術/選べる会場	2.33
オリックス生命の女性向け保険	任意保険は年齢・運転者制限なし	2.33
防音／断熱の内窓「インプラス」	【完全無料】現地調査＆お見積り	2.33
10人に1人全額ポイントバック	アウトレットブランドがお得	2.33
冷え性でお悩みの方へ	当日入会で更に500円分／ロイブ	2.33
新ライトプラン登場	多機能型ライトで家族を見守る	2.33
大人気のアクアをご紹介	「好き」からはじまる未来	2.33
21年版働き方改革をアプリで実現	紙カタログ、電子化しませんか？	2.33
ゴリラクリニック／公式	ミラドライで切らない治療	2.33
いつもの着こなしに自信を。	人気No.1商品をプレゼント	2.33
オンワード公式通販なら送料0円	きれいめセレモニー服は組曲KIDS	2.33
給湯器交換／24時間365日受付	オンライン相談可／アディーレ	2.33
KINTOならWEBで一括契約可能	海外転勤対応の中途解約が可能	2.33
テイクアウト連携費6か月無料	豊富な連携システムで業務効率化	2.33
春の新作シューズが充実	最大14%pt還元／送料無料多数	2.33
冷却ジェルを使用せず時短	【期間限定】ヒゲ脱毛体験980円	2.33
6月26日までお得爆発DAY開催	アタッシュケース通販／ミスミ	2.33
事前登録受付中	あなたが 結末を選ぶRPG	2.33
確かな技術力／データ復旧なら	どんな症状でもご相談ください	2.33
2月末まで入会金33000円全額無料	1日5015円～から	2.33
ニーズに合わせたカメラをご提案	期間限定/お得なキャンペーン中	2.33
【公式】信頼のソニーグループ	価値を知るならオンライン査定で	2.33
ベストセラーのストレッチリネン	変わらないスタンダード	2.33
快適な空間と高品質のサービス	【脱毛500円】12/15まで	2.33
1/15〜1/17の3日間限定	サンエーbdオンライン	2.33
【イーグルスグッズ】プレゼント	パ・リーグ主催公式戦が見放題	2.33
8/25(水)19時からウェビナー開催	シノケン‐無料個別相談会	2.33
コース料金以外は全て無料で対応	月々3,200円／続けられるAGA治療	2.33
全国一律18,000円～	車クリーニング業者を一覧で比較	2.33
14日間の無料トライアル実施中	業界最安値に挑戦	2.33
HRBrain	【テレビCMでおなじみ】	2.33
すかいらーくはテイクアウトOK	【公式】ガストのテイクアウト	2.33
回復術士のやり直し	dポイント90%還元セール実施中	2.33
衝撃の10万円値引き	人の手のような気持ちよさ	2.33
地域に根ざしたお仕事です	全国で公文書写の先生を募集中	2.33
理系学生のためのイベント開催	写真でかんたん見積【全国対応】	2.33
保険料がお手頃で安心の保障内容	ネットでかんたん口座開設	2.33
クリーニング特別割引	忙しい方におすすめ／24時間受付	2.33
もれなくクオカードプレゼント	Y’SACCS／オンワード公式通販	2.33
写真・動画・イラストで分かる	名家に伝わる日本刀の秘話や伝来	2.33
ETVOSから遂に。新保湿誕生	【2021サマーコレクション】	2.33
小中高生向け通信教育	力強く歩き続けるために	2.33
脚本家／中園ミホが描く人生年表	四柱推命を元にした独自の占術	2.33
医局にない【好条件求人】が多数	全81話をイッキ見／dTV公式	2.33
パート・バイトに強い求人媒体	8/15迄の夏休み限定キャンペーン	2.33
初めての方も安心/一貫サポート	【公式】キント／サブスク	2.33
まずは、無料カウンセリングから	夏を楽しむために、今できること	2.33
過去の注文からも簡単に探せる	会員になるとお得なメルマガも	2.33
クレカ・電子マネー決済対応端末	【日本最大】決済対応ブランド数	2.33
今なら、初回購入で50％還元	マンガから小説まで多数とり揃え	2.33
車検2年+保証1年付き	新着在庫が毎週更新【New】	2.33
利用率No.1／IT製品の比較サイト	紙の給与明細からは卒業	2.33
現金10,000円還元	U-NEXTもついてくる	2.33
キンライサーの求人募集	給湯器未経験者も大歓迎です	2.33
感動のハリ肌をまずは無料で体感	【公式】ドモホルンリンクル	2.33
働きながら美容の資格取得	【千葉県限定】介護の施設求人	2.33
冬の撮っておきキャンペーン	曲げワッシャー通販／ミスミ	2.33
七五三セット/41,580円(税込)～	WEB予約/当月含め7ヶ月先までOK	2.33
画力 テンポ キャラ全て高水準	生死を悟る忍法浪漫活劇、開幕	2.33
低コストで投資が可能	購入時手数料0円	2.33
【本日更新】新着物件はコチラ	初めての方も安心/一貫サポート	2.33
dブックで最終巻まで一気読み	初回購入で60%ポイント還元	2.33
新作コレクションをチェック	父の日に贈りたいギフト特集	2.67
どの方法が正解？	自己処理のデメリットをご紹介	2.67
肌触りの良いやわらかな電気毛布	軽くて暖かい羽毛布団	2.67
一緒になれたのはコレのおかげ	いいえ。不倫愛成就実績多数あり	2.67
花たちの持つ美しさをカタチに	変化する「美しさ」をサポート	2.67
秋冬物MAX80%OFF／ニットワンピ	人気モデル着用／2WAYジャンスカ	2.67
（締切間近）5／12まで50％OFF	全国130店舗／無理な勧誘なし	2.67
【2022年脱毛】人気のメンズTBC	＜締切間近＞3／3まで500円	2.67
春物商材入荷・会員特典（無料）	卒業プレゼントを探してる人	2.67
100万円以上おトクになることも	まずはブライダルフェアで相談	2.67
印象映えする上質素材の夏ニット	23区で彩る夏の上品大人コーデ	2.67
9月無料トライアル受付中	ITトレンド／年間ランキング	2.67
月々\\3,000～でPC購入が可能に？	100％国内生産&24h365日サポート	2.67
お金を貯める新しい選択肢?	かんたん保険シリーズ ライト	2.67
利用実績450万人突破/日本最大級	カービューの車買取	2.67
1月号のオススメ締切日は10/3	オンラインライブ授業で対策を	2.67
設置の流れ、問い合わせはこちら	安心・安全、万全のサポート体制	2.67
WEBで取扱店舗の在庫確認可能	MAX30%OFF Seasonal Sale	2.67
予約開始をメールでお知らせ	この夏、公文式を始めませんか？	2.67
今なら豪華賞品が抽選で当たる	全額返金キャンペーン実施中	2.67
じゃらんゴルフ公式ホームページ	初回予約の人は圧倒的にお得	2.67
口コミで中高年男性から人気	シリーズ累計500万部 ギャグ漫画	2.67
継続率99％／導入実績450社以上	最短1か月でリリース可能	2.67
京都は当日翌日スピード工事	ガス給湯器80％OFFの大特価交換	2.67
資料請求（無料）はコチラ	医療保険をご検討中の方へ	2.67
ワキを気にせずお洒落を楽しもう	（2022年）お得に脱毛するなら今	2.67
お試し14日分540円(税込)	【口コミ掲載】初回限定お試し	2.67
母の日に最適なギフトアイテム	MAX70%OFF／BLACK FRIDAY SALE	2.67
健やかな毎日を	刺激に敏感な方に	2.67
夏休み完璧セット付き締切日7/25	早期入会特典付4月号は3/28まで	2.67
特別キャンペーン実施中	1品で多機能＆高機能スキンケア	2.67
【公式通販】ホームページ	初回お試し380円	2.67
切り替え手続きを徹底サポート	電気料金の比較ならエネチェンジ	2.67
8月号の最終締切日は8/15	先行特典付4月特大号は2/14まで	2.67
国内ドラマが豊富な品揃え	親子の絆と囚人達との友情映画	2.67
夏商材入荷・会員特典（無料）	2022年夏物新作続々入荷中	2.67
IT製品比較サイト利用率No,1	製品の人気ランキング掲載中	2.67
改善するなら発毛剤	AGA治療が永遠に4980円	2.67
夏の無料体験学習受付中	予約開始をメールでお知らせ	2.67
税務調査の立ち会いに強い税理士	最短即日返信でご対応	2.67
"肌内部の筋肉に直接効く""超音波"""	銀座1丁目駅10番出口から徒歩4分	2.67
MAX60％OFF	2BUY MORE10％OFF キャンペーン	2.67
冬セール 最大75%OFF	高品質・良価格／最短翌日配送	2.67
ローコストハウスメーカーNo.1	全商品共通で安心のフル装備	2.67
1品で多機能＆高機能スキンケア	特別キャンペーン実施中	2.67
この機会に始めてみませんか	知ればきれいに書ける	2.67
はやい・やすい・きれいで対応中	【見積もり無料】コストを削減	2.67
ABFが事業をサポート	フリーランスの方でも申込み可能	2.67
冬セール開催中・会員特典無料	2021 AUTUMN COLLECTION	2.67
年間ランキングで人気製品を比較	フローリング汚れが気になったら	2.67
WINTER MUST BUY	滝沢眞規子が纏うTheory luxe	2.67
親子一緒に取り組む時間を	年賀状を手書き文字で	2.67
モリモリスリム／ハーブ健康本舗	【Instagramでも話題】	2.67
最新号の締切は4/20まで	妊娠3ヶ月全員に無料プレゼント	2.67
８月号のオススメ締切日は7/18	夏ライブ授業が追加受講費0円	2.67
オンラインキャリア面談実施中	薬剤師の求人・転職サイト	2.67
完全ナンバーレスカード	新規入会限定で最大5ヶ月10%OFF	2.67
半日お試し16,500円から	女性の片付け専門家が訪問	2.67
【オンライン限定】セール実施中	GW得トクキャンペーン開催中	2.67
すべての人に贈るホリデーギフト	【期間限定】秋冬セール開催中	2.67
どんなときもプラスを目指す運用	買えるのはmattocoだけ	2.67
6月号のオススメ締切は6月6日	豪華賞品が抽選で当たる	2.67
SALE 最大70%OFF	あなただけの一着を見つけよう。	2.67
職人のジーンズ修理	写真を送るだけで簡単見積もり	2.67
【期間限定キャンペーン中】	審査～お借入れまで簡単スムーズ	2.67
業界初、修理後の除菌サービス	北海道なら最短20分で駆付け	2.67
におい・湿気対策にエコカラット	玄関スペースをおしゃれに	2.67
最安3,680円から。送料無料	しっかり低反発で身体にフィット	2.67
世界中で愛される機能性と美しさ	MAX70%OFF Thanksgiving Special	2.67
Web24時間受付中／電話相談も可	まずは無料でエリア確認	2.67
本気で困ったら、まず見てほしい	【2021/消費者金融ランキング】	2.67
春から高3生になる方へ	9月号の特典つき締切日は9/3	2.67
6/24まで豪華賞品が抽選で当たる	オススメ締切日は1/23	2.67
本気で叶えたい想いがあるなら	驚異の的中力100万件の体感実績	2.67
電話連絡が気になる方へ	趣味の軍資金等を借りたい方	2.67
北海道なら最短20分で駆付け	業界初、修理後の除菌サービス	2.67
人気の保険１位～３位を発表	オンラインで死亡保険を相談	2.67
公式：今なら無料プレゼント付	公式：No.1ニキビケア	2.67
特別オンライン授業は4/17まで	春休み前に4月号が届く締切3/21	2.67
子どもの「感性」を豊かに	受付開始をメールでお知らせ	2.67
広報から内定承諾までサポート	料金・プランの詳細はこちら	2.67
アニメ見放題／SPOOX	驚きの90日間無料キャンペーン	2.67
ABFが事業をサポート	ビジネスローンの審査は最短即日	2.67
24時間365日サポート	創業1992年、老舗PC専門店	2.67
メンズ脱毛3冠獲得／メンズTBC	《締切間近》5／9まで500円	2.67
有効期限なし永久ギガを格安で	今契約すると6ヵ月分無料	2.67
公式：処理速度の速いパソコン	サマーセールファイナル開催中	2.67
【期間限定】キャンペーン実施中	５～６月限定 土地力診断が無料	2.67
75,000円相当が詰まった福袋	MAX30%OFF Seasonal Sale	2.67
WEBならスピード発行／即日審査	最大5,000ポイントプレゼント	2.67
予約リスト追加受付開始【公式】	就職／説明会事前予約受付中	2.67
5万円下取り値引きで199,800円	引っ越し・買い替えにぴったり	2.67
便利でお得な定期便／送料無料	自宅で白い歯をプロデュース	2.67
写真撮影教室で風景を切り取る	料理にダンスと様々な趣味クラス	2.67
（最短）即日融資も可能	75歳まで申込めるファインセーブ	2.67
ここが最後の砦	24時間365日休まず相談可能	2.67
初めての家探し/一戸建て	【2021年最新】	2.67
【カラーは選べる4色】週1回でOK	《口コミ》簡単で、お気に入り	2.67
アプリでも個人に合わせた体験を	メッセージを適切なタイミングで	2.67
引越応援キャンペーン実施中	今なら電気料金3,000円割引	2.67
4月号大好評受付中	8月号のオススメ締切日は7/18	2.67
公園前派出所】イッキ見	U-NEXTで無料ライブ配信	2.67
安心 安全 シンプル	全アイテムを取り揃え	2.67
最低価格26万円から	現在の中古プリウスの在庫2441台	2.67
短納期モデルもご用意	複数台購入・リースも可能	2.67
WEBで完結／ネット完結ローン	新規成約者様限定	2.67
初回限定【490円】	【公式】エピレ/epire	2.67
宅配レンタルも／TSUTAYA DISCAS	新規入会で4月分の月額費無料	2.67
美白化粧品売上NO1	初回限定83%OFF・限定特典付き	2.67
快適な暮らしと軽快なアクセス	全室に照明・カーテンを標準装備	2.67
HOME'S介護（ほーむずかいご）	LIFULL介護に名前が変わりました	2.67
ローンの審査が不安な方へ	保険商品一覧はコチラ／公式	2.67
＜ドラマ化作品＞感動４コマ漫画	血の繋がらない子、それでも家族	2.67
期間限定キャンペーン実施中	公式/スティーブンノル	2.67
ゴールデンウィークは送料無料	頑張る家具屋さん／通販サイト	2.67
公式サイトだけで探せる	近くのお店で購入できる	2.67
春の2週間おためしキャンペーン	今なら入会金無料	2.67
中電ガス契約でギフト券1500円分	中部電力ミライズのカテエネガス	2.67
30日以内なら最大5万円の補償	費用・口コミでプロを比較	2.67
入会初月無料／月額550円(税込)	カンブリア宮殿／見逃し配信なら	2.67
19部位から選べる脱毛：95％OFF	初回限定【490円】	2.67
今までなかったワクワクをお届け	50周年キャンペーン実施中	2.67
Office2019搭載PCキャンペーン	オーダーメイドのBTOパソコン	2.67
公式：全国130店舗、駅チカ多数	脱毛選びに、迷ったらTBCへ	2.67
コミックシーモアで独占先行配信	ドラマ≪カネ恋≫コミカライズ	2.67
最終締切を5/2まで特別延長	安心2大キャンペーン締切は7/31	2.67
全成分が天然由来	お試し500円/通販生活限定	2.67
今ならお得なキャンペーン実施中	おうち時間を幸せに/TVCM放映中	2.67
子供や家族の帰宅時間がわかる	合鍵を持たせるにも紛失が怖い	2.67
トレンドアイテムをプレゼント	パーフェクトな一本が見つかる	2.67
カッコイイお父さんを目指そう	《口コミ》簡単で、お気に入り	2.67
撮り溜めた動画をメディア化	商品説明会や株主総会に	2.67
今だけ半額500円＜6／7締切＞	初めての方は初回限定1,000円	2.67
月額330円（税込み）から	15周年感謝祭実施中	2.67
ゴリラクリニック／公式	今なら対象の方限定で	2.67
無料体験学習の予約開始は1/21	学習習慣が身につくKUMON	2.67
【通販限定】顔専用のムダ毛ケア	トップページはこちらから	2.67
好きな印象のお部屋に変身	雑貨から便利アイテムまで	2.67
お電話でもお気軽にご相談下さい	【光回線】をご提案	2.67
紫外線対策もできるファンデ	【新登場】パーフェクトキット	2.67
三井住友トラストL&F／公式	不動産担保ローンをお探しの方へ	2.67
最大7万円キャッシュバック中	ジムもスパもラウンジも使い放題	2.67
登録はすぐカンタン1分で完了	競輪ファン必見ウィンチケット	2.67
シーズン1、2を見放題イッキ見	最大2ヶ月無料キャンペーン	2.67
春の新商品フェア開催中	決算セール開催中	2.67
新規申込み【月額30ヶ月割引】	【当サイト限定】最大7万円還元	2.67
カンタン3STEP	車買取業者200社以上が参加	2.67
今だけ半額500円＜1／13締切＞	ヒゲ脱毛】特別価格1,000円	2.67
マイカーローンに据置タイプ登場	Web契約キャンペーン実地中	2.67
（本日最終日）脱毛半額500円	（締切間近）8／17まで500円	2.67
バイクの保険比較はこちらから	保険料【払いすぎ】かも？	2.67
妊娠8週の全員に無料プレゼント	食べ物などの情報誌をプレゼント	2.67
バキューム洗顔で毛穴を引き締め	ハイドラフェイシャルで角栓除去	2.67
公式/新規のお申し込みはこちら	条件達成で5,555ポイント	2.67
成功報酬制・24時間電話受付	作業内容の提案・お見積りが無料	2.67
おトクなクーポンを毎日配信	オススメの使い方をご紹介	2.67
無理なく続けられる	7月号の締切は6/23(木)まで	2.67
#無料オンラインセミナー開催中	忙しい方でも楽々資産運用可能	2.67
ランキング1位の保険会社は？	取扱会社80社以上／満足度97%	2.67
現場で即戦力として活躍できる	集客力を高める知識を習得	2.67
ラジオで放送中のホワイトニング	／ラジオ放送中限定	2.67
希望日を選ぶだけのかんたん予約	換気扇,キッチン,お風呂など	2.67
Surface	ヤマダデンキ公式	2.67
8月号のオススメ締切は7/11	塾にはないおすすめポイント	2.67
初心者歓迎ｷｬﾝﾍﾟｰﾝ：1日無料体験	公式特典:1か月まるまる無料体験	2.67
無料体験の予約はこちらから	きれいな文字を身につけるなら	2.67
日本最大級の産直サイト	おうちごはんを贅沢に	2.67
【期間限定】1日無料体験学習	文字がきれいな日常を	2.67
母集団形成から新卒紹介まで	初めてでも安心サポート	2.67
驚きの90日間無料キャンペーン	アニメ見放題／SPOOX	2.67
過去作品も2週間無料/独占配信	11月14日(日)18:45/Huluで生中継	2.67
ジャパネットチャレンジデー	空気清浄機能付きで快適に	2.67
新規入会特典プレゼント	お申し込みはWEBでカンタン	2.67
2022 SUMMER COLLECTION	最新トレンドに興味のある人	2.67
次回の無料お試しは4/15受付開始	くもんのオリジナル絵本	2.67
家族旅行を伊豆で最高の思い出に	クーポンで通常価格の70％OFF	2.67
最適な保険選びが可能。相談無料	店舗は平日21時まで営業	2.67
抜け毛のお掃除をカンタンに	布製品のお手入れがカンタンに	2.67
21日間スターターセットが49%OFF	海の力で艶めく美髪へ／Premior	2.67
若々しく輝く肌の秘訣は？	今だけUV下地増量キャンペーン中	2.67
新規お申し込み	インターネット	2.67
父の日のプレゼントに	167年間愛され続けた素材と機能	2.67
４万本の動画が見放題	小学生から大学受験生まで	2.67
お得なファーストプラン	【公式】美肌脱毛サロン	2.67
＜婚期／結婚相手の特徴＞を鑑定	涙のゴールインまであとX日	2.67
人気の製品をまとめて資料請求	今、もっとも人気のツールは？	2.67
あの大人気商品にセラミドが	育児疲れでケア出来ないならコレ	2.67
2021年12月3日まで開催	一歩踏み出すあなたにボーナスを	2.67
大人のカジュアルスタイル	秋冬セール／1月7日より	2.67
資料請求《無料》はコチラ	医療保険はアフラックがおすすめ	2.67
送料無料のトライアル製品も	赤毛のアンモチーフの限定品	2.67
10秒で簡単シミュレーション	資料請求はこちらから	2.67
基本料金3ヶ月無料ニャンペーン	シミュレーションでお得チェック	2.67
【口コミ掲載】初回限定お試し	お試し14日分540円(税込)	2.67
おトクなキャンペーン実施中	公式／スタジオアリス	2.67
学ぶ楽しさをはぐくむ公文式	8月24日まで／ウェブ予約受付中	2.67
【締切せまる】6／7まで1,000円	500円なのに充実した体験コース	2.67
【期間限定】10%OFFセール実施中	かんたんお手入れで常に清潔	2.67
【週末セール】最大5,000円OFF	最長11ヶ月保管で収納スッキリ	2.67
事前登録で実質月額4,480円に	今なら9,000円キャッシュバック	2.67
モアコンタクト【公式サイト】	2021年冬のランキングをチェック	2.67
定番マタニティ誌無料プレゼント	最新号の締切は4/20まで	2.67
公式：メンズTBCの脱毛を体験	今だけ半額500円＜4／4締切＞	2.67
京都滋賀紅葉ツアー特集	10/22まで1万円キャッシュバック	2.67
シェアNo1／万全のサポート体制	届いたら電源を入れるだけでOK	2.67
北島康介杯 ／3日目生中継	1月22日(金)～1月24日(日)	2.67
この機会に始めてみませんか	「はずかしい」が「うれしい」に	2.67
今なら無料で体験できる	WEB予約は2月22日17時まで	2.67
《初月半額》3日以内の入会限定	【公式】ビズメイツ／Bizmates	2.67
５秒先が見える能力に溺れる青年	予知能力で運命は必然に変わる？	2.67
マルハン平塚店グランドオープン	グランドオープン。会員様募集中	2.67
証券会社選びなら／価格.com	口座開設で限定キャンペーン中	2.67
【期間限定】10%OFFセール中	冬はエーグルを着こなそう	2.67
月額2,500円から導入可能	購入不要。安心の機器レンタル	2.67
この春休みで総復習が完成	6月号のオススメ締切日は6/22	2.67
年間24万人が利用：半額￥500	【締切せまる】12／2まで	2.67
事業拡大・運転資金の調達	【2021】人気のビジネスローン	2.67
47都道府県ｌ費用ご確認はコチラ	式場の今ドキ最新演出を見学する	2.67
WEBキャンペーンはこちら	【大反響】ぐったりママの新習慣	2.67
シャープのドラム式洗濯機が安い	5/1までの期間限定	2.67
利用者数No.1	暖かさと換気で冬を快適に	2.67
1巻無料コミックが11,856冊以上	新規登録で半額クーポンもらえる	2.67
BMW・メルセデス・ポルシェ	メルセデス・レクサス・BMW	2.67
片付けアドバイスから整理収納	口コミ件数650件超／16,500円～	2.67
KNIT FINDER	パーフェクトな一本が見つかる	2.67
Global Expert Network	Japan-Asia Expert Network	2.67
人気商品をお得にゲット	リピーター多数の商品をお試し	2.67
FODなら人気ドラマも2週間見放題	理不尽な恋が動き出す/有村架純	2.67
人気アイテムをまるごと試せる	アニバーサリー限定アイテム登場	2.67
人気モデル着用／2WAYジャンスカ	春夏物MAX80%OFF／ニットワンピ	2.67
塾＋進研ゼミで成績アップ	安心2大キャンペーン実施中	2.67
健やかなセカンドライフのために	いますぐ無料の資料請求	2.67
【締切せまる】5／26まで500円	初回限定キャンペーン【1000円】	2.67
期間限定/ウェブ予約は8/31まで	多くのお子さまが0歳～スタート	2.67
ＧＷの今こそ始めてみよう	不動産投資は【立地選び】が重要	2.67
医療事情に合せて必要な保障を	無料の資料請求はコチラから	2.67
無料で運勢占い	未来に不安を感じる方	2.67
初期診断・全国納品送料無料	各専門の復旧技術者が対応	2.67
安心安全の高機能取引ツールなら	Liquid by Quoine（公式）	2.67
お試し限定セット新登場	あなたにぴったりの青汁はどれ？	2.67
洗濯機クリーニングがお得	WEB限定【3,000円引き】2/28まで	2.67
一括見積は無料：最短3分	任意整理の無料相談はアディーレ	2.67
年明けまでにお金を借りる	原則無担保・無保証	2.67
実質月額1,212円(税込)～	アンケート回答で1万円還元中	2.67
dカード上手に活用できてますか?	お得な特典を今すぐチェック	2.67
更新手続きはこちらから	イーデザイン損保の自動車保険	2.67
【公式サイト】HABA	人気商品をお得にゲット	2.67
8/25(水)19時オンラインセミナー	シノケン【公式】不動産セミナー	2.67
毎月ずーっと3980円	今だけ【送料無料】	2.67
盛夏商材入荷・会員特典（無料）	2022 SPRING COLLECTION	2.67
ダイエット、ライバルは自分。	月々4000円～／分割払い可能	2.67
安心2大キャンペーンは4/11まで	月あたり6,110円から	2.67
期間限定GWセール開催中	2BUY10%OFF	2.67
今SNSで話題沸騰のサービス	韓国発のオンライン趣味講座	2.67
Pontaポイントたまる、つかえる	ココだけのお得なクーポン満載	2.67
【公式】レバテックキャリア	希望に沿った求人を紹介します。	2.67
【公式】三菱UFJ国際投信	買えるのはmattocoだけ	2.67
最強コスパ1,680円（税別）/回	ハンド脱毛体験【無料】	2.67
競輪ファン必見ウィンチケット	登録はすぐカンタン1分で完了	2.67
開けばタブレットでビジネスにも	折りたためる大画面スマホ	2.67
ウォーターサーバー／配送無料	定額のフラットプラン登場	2.67
月額1,100円(税込)通話料なし	購入～利用開始までWEBで完結	2.67
【公式】ブレインスリープピロー	今だけ【1,000円OFFクーポン】	2.67
1月号のオススメ締切日は11/15	オンライン特講つき2月号1/30迄	2.67
【公式】CLASS101	韓国発のオンライン趣味講座	2.67
対象コースが4,000円割引	2級合格応援キャンペーン	2.67
500kW以上で平均1,200万円削減	新電力の電気料金比較サイト	2.67
2週間無料おためしキャンペーン	冬得：1回無料＆入会金50%	2.67
エンリッチリフトEX	VC100ローション付きセット	2.67
今ならお得なキャンペーン中	0円から始められるPOSレジ	2.67
手続きサポート／まずはご相談	新電力で電気代が安くなることも	2.67
自宅で学べる雑誌を無料でお届け	妊婦さん全員に無料プレゼント	2.67
掲載ご検討の企業様へ	24時間電話もWEBも相談可	2.67
観月ありさ愛用	TVCM放映中	2.67
【2020年死亡保険ランキング】	今、オンライン保険相談が大人気	2.67
初回限定お得なセットあり	公式ホームページ	2.67
おまとめローンで総返済額軽減も	2021年9月最新ランキング	2.67
国内販売金額シェアNo.1ブランド	燃料補充が不要でお手入れ簡単	2.67
GALLERIA Spring Start Dash	組み合わせ自由のBTOパソコン	2.67
最大300万円までお借入れ可能	手続きはスマホでOK	2.67
7月末まで:2週間完全無料体験	試せる比べる/5回無料チケット	2.67
初回価格は10,880円引き／予約OK	【スーパー脱毛】お試し1,000円	2.67
2021年最新版/新築中古一戸建て	新築物件お探しはオープンハウス	2.67
期間限定/Web予約は5/31まで	無料お試し/入会金や教材費は0円	2.67
キャッシュバック実施中	新幹線とセットならリーズナブル	2.67
小学生の子供でも簡単操作で安心	ライフスタイルがもっと自由に。	2.67
5年薄毛に悩んだ俺のAGA治療記	「もっと早く行けばよかった」	2.67
【WEB限定キット発売中】	期間限定/￥8,000以上ご購入特典	2.67
さわらずキレイ	お家時間が長くても安心	2.67
即日対応 / 2分で依頼	シーズン前にエアコンをチェック	2.67
しっかり低反発で身体にフィット	最安3,680円から。送料無料	2.67
今、最も人気の製品は？	一覧で比較してまとめて資料請求	2.67
2021年の冬アイテム続々入荷	CALLAWAY APPAREL | 2021 SUMMER	2.67
スタディサプリ英語／公式	2021夏得キャンペーン実施中	2.67
おトクな新料金プラン登場	22,500円キャッシュバック実施中	2.67
ダンボール通販のダンボールワン	【ネットで完結】24時間注文受付	2.67
IKKOイチ押しの新発売ジェリー	5日分お試し1,100円	2.67
【公式】ゼクシィBaby	悪阻がつらい時期の妊婦さん応援	2.67
WEB予約は8月24日17時まで	2月無料体験学習は2月1日から	2.67
恋した君とトマト】イッキ見	ですか～】Huluで最新話配信中	2.67
あなたの人生を変える魔法の25分	オンライン英会話【ビズメイツ】	2.67
2/6(土),2/7(日) U-NEXTで生配信	2021年1月10日(日),11日(月)	2.67
ご購入はコチラ	年齢に負けない快眠体質へ	2.67
２週間分のミニサイズキット	ASTALIFT MENコラボセット	2.67
安心2大キャンペーンは4/11まで	塾にはないおすすめポイント	2.67
オンライン特講つき2月号1/23迄	1月号の最終締切日は1/17	2.67
初回限定/ヒゲ脱毛500円(税込)	入会金・年会費完全無料	2.67
旧AGAスマートクリニック	AGA治療が初回から永遠に4980円	2.67
テレビCM放映中	女性専用キャリアスクール	2.67
今すぐテスト対策できる	４日前後でスピード配送	2.67
PCモニター・液晶ディスプレイ	期間限定セール中／公式	2.67
新年度、まずは身近な自分磨き	今がはじめ時？	2.67
様々な企業様での導入実績あり	ライブ配信で簡単オンライン販売	2.67
トライアルが税込¥9,800-	月々3,000円／ニキビ肌を治す	2.67
期間限定【増量】キャンペーン中	今だけ【送料無料】	2.67
実質1年間月額0円	22,500円キャッシュバック実施中	2.67
女性の年齢に良いと、大評判	今なら全額返金キャンペーン中	2.67
夏得:1回無料体験＆入会金半額	今だけ2週間無料お試し体験	2.67
【大反響】ぐったりママの新習慣	WEBキャンペーンはこちら	2.67
新型NXの情報はこちら	レクサス初のPHEV誕生。	2.67
コンパクトからミニバンまで充実	通勤に便利な特別料金プラン	2.67
2021 THE FACT MUSIC AWARDS	TV独占生中継 スカパー/エムオン	2.67
秋得:入会金無料キャンペーン	秋ｷｬﾝ:今だけ1ｹ月完全無料体験	2.67
2週間無料おためし/おうちジム	1日6分手ごわいお腹の脂肪がｽｯｷﾘ	2.67
QUOカードPAY500円分プレゼント	【期間限定】今だけ60日間無料	2.67
もらえる電気】東京ガス	今なら基本料金3か月無料に	2.67
無料の資料請求はこちら／公式	シニア世代も【オリックス生命】	2.67
【東リベ】コラボ体験入学	まずは無料でかんたん資料請求	2.67
オトクなキャンペーン実施中	お申し込みはこちらから	2.67
細かいデザインや毛量の調整可	【今だけ半額】50%OFF：8／3まで	2.67
【4/30まで】キャンペーン実施中	受講費【全額返金保証】実施中	2.67
全学年・全教科対応のニガテ対策	お得なデビュープランをご提案	2.67
2021年最新《人気》ランキング	1万円だけちょっと借りたい	2.67
全額返金キャンペーン実施中	塾＋進研ゼミで成績アップ	2.67
3,000店舗のサービスショップ	はLIXIL／最短1時間からで完了	2.67
ヤフーJAPANから集客ができる	ヤフービューティー	2.67
ろ過式から静電気式の時代へ	換気しながら部屋を暖かく快適に	2.67
法人限定無料出張サービスあり	ISO27001保有	2.67
抽選で贅沢体験が当たるチャンス	私のきっかけは、ここにある。	2.67
最短2日でお届け	最大5万ポイント特大PT還元祭	2.67
【今だけ500円】12／27迄	お早めのご予約がおすすめ	2.67
エポスポイント+10%分プレゼント	7月開催 マルコとマルオの12日間	2.67
おうちでできる、Baby Kumon	ウェブ予約は8月31日17時まで	2.67
7日間お試しサイズ/￥1,045	多数のメディアで受賞	2.67
最大2ヶ月無料キャンペーン	テレ東の経済番組を見るなら	2.67
キャンペーン開催中	こだわりのエスプレッソマシン	2.67
ガス給湯器80％OFFで迅速交換	空気や換気でお困りの方はこちら	2.67
初回限定約57%OFF	毎月数量限定 早いもの勝ち	2.67
テレビCM放映中／オリックス生命	1口3,000円から自分で選べる	2.67
“好き”を見つけて仕事に	定額・学び放題	2.67
2021年5月最新ランキング	低金利で人気のおまとめローン	2.67
【公式】サブスク／KINTO ONE	レクサスUXが月額74,800円～	2.67
8月号のオススメ締切日は8/1	1か月から始めらるのは4/11まで	2.67
結婚内祝いに人気/ギフト専門店	15,000円から使えるクーポン	2.67
【公式】無料お試しはこちらから	【カンブリア宮殿】見逃し配信も	2.67
luxe journal_Vol.4	Theory luxe×Rita Takahashi	2.67
ブランド買取の高価買取なら	買取分野に特化した専門店	2.67
ハーバーオンラインショップ	ハーバーのスクワランオイル	2.67
小学生ママ満足度No.1タブレット	未就学児向け英語教材満足度No.1	2.67
抽選で10,000円分ポイントあたる	全員50％ポイント還元	2.67
フレックスタイム制、多数掲載中	【2021年最新版】求人情報サイト	2.67
人気商品が今すぐ買える	5Gスマホや人気のパソコン販売中	2.67
【今だけ】最大28,000円OFF	究極のリラックス姿勢を	2.67
夏ｷｬﾝ:1回無料体験＆入会金半額	【公式】5回も無料で試し放題	2.67
ご来店はセール終了後も可能	メンズ脱毛3冠獲得／メンズTBC	2.67
公式／スタジオアリス	おトクなキャンペーン実施中	2.67
期間限定9,980円。7/17まで	大人気ふとん乾燥機が8,980円	2.67
期間限定スペシャルキャンペーン	【公式】2人で結婚式 66,000円～	2.67
電話連絡なしでお金を借りたい	最新キャッシング情報	2.67
完全定額プラン（ネクスト）	NTT西日本公式キャンペーン中	2.67
オンワード公式／冬セール開催中	Mother garden／オンワード公式	2.67
今なら最大31,000ポイント	今だけの金利年0.19%〜1.45%	2.67
親子できれいな文字を	基礎からしっかり学べます	2.67
自宅学習で2学期先取り準備	6月号のオススメ締切は5月30日	2.67
インナーにぴったり快適な着心地	使える定番アイテムがいろいろ	2.67
高性能一眼カメラシリーズ	初めての一眼カメラなら	2.67
街中もアウトドアも楽しもう	お得なスプリングセール開催中	2.67
鍵を出さずに簡単解錠。快適生活	工事不要で賃貸住宅でも安心	2.67
利用者実績No1の税理士紹介	一括見積りで料金比較が可能	2.67
カンタン口座開設はこちら	業界屈指の低スプレッド	2.67
定期コースが初回1箱のみ980円	機能性表示食品	2.67
47都道府県ｌ費用ご確認はコチラ	ブライダル情報総合サイト	2.67
特別キャンペーンのお知らせ	3ヵ月通い放題が1日約99円から	2.67
完全無料でご利用いただけます	料金が安い税理士探しなら	2.67
ドクターシーラボ	初回限定／980円でお試し	2.67
改善するなら発毛剤	AGA治療が4980円	2.67
中小企業基盤整備機構	小規模企業共済	2.67
選ばれるウェビナーツール	顧客接点を最大化する	2.67
開業30周年キャンペーン実施中	ひさびさ旅は新幹線	2.67
2/17(水)19時からウェビナー開催	好きな形式を選べるセミナー	2.67
公式：肌触りの良い肌へ	締切せまる。4／22まで半額500円	2.67
完全個室ジム/月々4,000円～	ダイエット、ライバルは自分。	2.67
お家時間の一工夫	5年連続通販市場売上No.１	2.67
人気漫画の実写ドラマをすぐ視聴	出演：佐藤隆太 市原隼人	2.67
BLACK FRIDAY SALE	最大2万円分のギフト券が当たる	2.67
期間限定【学割】キャンペーン中	3ステップでニキビを根本ケア	2.67
7月6日までの期間限定	【茨城県特集】介護の転職求人	2.67
2022年4月新設第一期生募集	現役のプロスケーターから学べる	2.67
法人様向けキャンペーン実施中	どのネット回線でも解約金を還元	2.67
目覚めろ、Cのツヤ肌	7日間お試しサイズ/￥1,045	2.67
子ども向け成長期サプリ	牛乳に混ぜるだけの成長期飲料	2.67
送料無料アイテム多数取り揃え	人気ランキングから選べる	2.67
新規お申込みの方へ	最大1万円キャッシュバック	2.67
カテエネ×引越し＝簡単一括手続	今だけのお得なニャンペーン開催	2.67
ハナユメ割で人気結婚式場50%OFF	キャンセル保険もらえる	2.67
5年連続通販市場売上No.１	【1人1回限り】380円でスッキリ	2.67
《人気》使って納得の白髪ケア	カッコイイお父さんを目指そう	2.67
見積りは簡単3ステップ/最短3分	安くなった平均金額は3万円	2.67
35周年の感謝を込めて	タレの甘味…いや、肉の旨み？	2.67
1分で登録完了/無料登録はこちら	【ゲーム転職】シリコンスタジオ	2.67
口コミ10万件突破、比較するなら	基本的な工事が揃ったお手頃料金	2.67
今なら基本料金25%OFFで利用可能	店頭受付が不要だから接触回避	2.67
今なら無料体験実施中	美しい文字は心を届けます	2.67
聴く本ですきま時間にインプット	QUOカードPAY500円分プレゼント	2.67
通いたい着付け教室No1	20万人の卒業実績	2.67
1/20(水)19時からウェビナー開催	シノケン‐無料個別相談会	2.67
登録スタイリスト募集中	ヤフージャパンから集客ができる	2.67
年10%（税引前）の特別金利	米ドル1ヶ月もの定期預金	2.67
スマホで解錠出来るから鍵不要	子供が無事に帰宅したか不安	2.67
都会の夜景を一望できる贅沢	住友不動産の《ラ・トゥール》	2.67
【ご来店キャンペーン実施中】	ご自宅でも保険相談が可能です	2.67
新規お申込はこちら	結婚式のお祝儀にも利用可能	2.67
家事の習慣化でキレイをキープ	便利なアイテムが大集合	2.67
≪毎日更新中≫	【横浜・川崎】オープンハウス	2.67
最短1時間/ビットコインデビュー	安心・安全のセキュリティ体制	2.67
2万円下取り+2万円値引き	標準設置費無料	2.67
現在の中古ハリアーの在庫838台	最低価格63万円から	2.67
セットで440円（税抜）お得	35周年の感謝を込めて	2.67
１日を楽しみ尽くすグルメ漫画	１日限定外出、最高の贅沢とは	2.67
映画『糸』U-NEXTで好評配信中	中島みゆき珠玉の名曲を映画化	2.67
学生にお得なクレジットカード	条件達成で5555ポイント	2.67
"動画配信サービスを""徹底比較"""	ウォーキング・デッドを観るなら	2.67
ジェラートピケのフェイスタオル	ジェラートピケのハンドタオル	2.67
お得な秋のポイント還元祭開催中	オーダーメイドのBTOパソコン	2.67
（今だけ特別）5,292円が100円	大切な成長期を全力サポート	2.67
親子のためのBaby Kumon	Web予約は5月31日17時まで	2.67
2021・春夏コレクション	2021年の新作アイテム続々入荷	2.67
先行申し込限定で3か月1980円～	手ぶら体験が0円	2.67
JR「浦和」駅徒歩7分	ガーデンハウス浦和仲町	2.67
まもなくグランドオープン。	4月15日より会員様募集開始。	2.67
送料無料キャンペーン中	自宅で染めてもキレイな仕上がり	2.67
介護業界特化の派遣サービス登場	週3日/時短/平日のみ 選べる条件	2.67
大人カワイイ下着が満載	Tシャツみたいな着心地	2.67
アプリで学習・オンラインで実践	最大5990円キャッシュバック	2.67
安心2大キャンペーン実施中	6月号のオススメ締切は5月30日	2.67
初回限定税込980円/送料無料	【iMUSE eye】KW乳酸菌	2.67
すべて最大40％ポイントバック	おすすめセットプランを比較	2.67
安心の無期限全額返金保証	驚きのリピート率95.3%	2.67
WEB完結。初めてでも安心	いざという時の出費をサポート	2.67
提携ATM入出金手数料0円	投信取扱数は300銘柄超	2.67
1万円だけちょっと借りたい	2021年最新《人気》ランキング	2.67
462Lサイズが159,800円	美容業界で話題／送料無料	2.67
買うならmattoco	eMAXIS Neo(ｲｰﾏｸｼｽ ﾈｵ)	2.67
「非認知能力」をはぐくむ	次回の無料お試しは1/21受付開始	2.67
最強コスパ1,680円（税別）/回	期間限定お試しプラン実施中	2.67
話題のアニメ最新話配信中	命をかけた脱獄計画が始まる	2.67
〈500円〉セール9／14まで	今年こそ、終わりのあるワキ脱毛	2.67
【公認】オフィシャルサイト	月間来院数2300人以上の審美歯科	2.67
2021年教材をリニューアル	8月号限定2大安心キャンペーン	2.67
資格の学校TAC/Wセミナー	秋得キャンペーン	2.67
2021年話題の血糖値ケア	高橋真麻さん推奨の食前習慣	2.67
週3日/時短/平日のみ 選べる条件	介護業界特化の派遣サービス登場	2.67
今なら金利 年0.5％（税引前）	冬の特別金利キャンペーン	2.67
2021 WINTER SALE開催中	韓国ファッションブランドモール	2.67
税金・諸費用はリース料に込み	【通販】ネット審査・ご自宅納車	2.67
ウォーターサーバーをお探しなら	お得な定額コースは2980円から	2.67
167年間愛され続けた素材と機能	父の日のプレゼントに	2.67
大人気のエスクァイアをご紹介	大人気のヴォクシーをご紹介	2.67
EASY AND COMFORT	7月12日まで実施中	2.67
新規お申込み専用ページ	全国の提携ATMで取引可能	2.67
【通販】ネット審査・ご自宅納車	税金・諸費用はリース料に込み	2.67
レディースポーチやハンドタオル	ジェラートピケのフェイスタオル	2.67
引越し料金が最大55%OFF	自社で一番安い引越業者を見積り	2.67
男磨き応援SALE：6／7まで	SUMMER SALE【今だけ限定】500円	2.67
サイドメニュー・ドリンクも充実	お得な冬休みセット販売中	2.67
冬得：1回無料＆入会金50%	1日6分で脂肪が燃える秘密を公開	2.67
講座を多数ご用意／資格別で検索	実務に即した技術が身に付く	2.67
変化する「美しさ」をサポート	花たちの持つ美しさをカタチに	2.67
ひさびさ旅は新幹線	開業30周年キャンペーン実施中	2.67
「考える力」をはぐくむ	無料お試しの受付開始は6/15	2.67
【スーパー脱毛】お試し1,000円	初回価格は10,880円引き／予約OK	2.67
ポイント大抽選会開催	おすすめPCをチェック	2.67
NMN１杯100mg配合	ストレス社会で生きる現代人に	2.67
都心を中心に43か所に展開	ゆとりと安心の社内会議の開催	2.67
最新のパソコン販売中	STOREにてPayPay払い開始	2.67
アンテナでも光回線でも	スカパー公式サイト／加入手続き	2.67
最大＜10,000円OFF＞実施中	【公式】ブレインスリープピロー	2.67
まずはブライダルフェアで相談	最寄りのデスクで無料相談	2.67
今だけ2万円OFFキャンペーン中	LIXILオンライン【公式】	2.67
母の日ギフトガイド	1933年創業の世界的ワニブランド	2.67
【締切間近】QUICPay決済5%還元	お買い物をもっと楽しく	2.67
組曲BABY COLLECTION／新作入荷	オンワード公式通販なら送料0円	2.67
【くまのプーさん】 鍋つかみ	300円で発売中	2.67
平均15,000円でプロに依頼できる	厳選したオススメ5社を比較	2.67
業界大手/幅広い業界に精通	開発者のテスト工数を大幅削減	2.67
新発売記念【10％OFF】	ハグのような安心感	2.67
抽選でノートPCをプレゼント	現役プロがマネージャーを養成	2.67
期間限定10%OFF キャンペーン	《7日間限定》全品送料無料	2.67
ブランド香水を毎月試せる	香水の定期購入	3.0
Web見積もりはコチラ	サカイの料金相場も簡単にわかる	3.0
脱毛で自分をアップデート／半額	要らないヒゲだけ無くせます	3.0
ヒゲ脱毛満足度ランキング	2022年／メンズヒゲ脱毛	3.0
続々値下げ／冬セール開催中	【アプリ限定】500円クーポン	3.0
HDDデータ復旧はお任せ	外付け・内蔵型どちらにも対応	3.0
1月号の特典付き締切は1/15(金)	W指導体制でサポート。	3.0
仕事帰りに通える《メンズTBC》	＜締切間近＞2／3まで500円	3.0
【有料会員一次募集・4/30締切】	締切迫る／数学無料キャンペーン	3.0
事前登録で実質月額4,480円に	忙しいビジネスパーソンの方へ	3.0
比べればだんぜんスマイルゼミ	"4月の進級に向けての準備は""今"""	3.0
特定の生活習慣病にも備えられる	医療保険ならアフラック	3.0
主要8社の見積りを徹底比較	バイク保険の比較はインズウェブ	3.0
世界が注目する15歳の科学者	STEMで未来は変えられる	3.0
今年中の融資をご検討の方	【人気】法人・個人事業主向け	3.0
免許証だけで借入OKな金融ローン	金融ローン審査が心配な方へ	3.0
小6の今から鍛える記述回答力	3月号のオススメ締切日は2/14	3.0
人材採用、成功までサポート	中途採用／掲載のご案内	3.0
【期間限定】ヒゲ脱毛500円/回	他のサロンと比較してください	3.0
脱毛未経験の方ならメンズTBC	＜締切間近＞2／3まで500円	3.0
今だけ どなたでも配送料￥0	マルイのネット通販はこちら	3.0
これは実際の口コミです。	由季先生の直接鑑定はカリスだけ	3.0
1月版消費者金融ランキング2021	12月版消費者金融ランキング2021	3.0
公式ユーグレナ	乳酸菌を活発にする	3.0
新規口座開設キャンペーン中	日米企業の株が同時購入可能。	3.0
ドラマアカデミー賞受賞の話題作	TSUTAYA TV 【公式】	3.0
2021年 脱毛の冬がやってきた	令和でバズったNo.1サロンはここ	3.0
米ドル1ヶ月もの年10%（税引前）	はじめての外貨取引をおトクに	3.0
名古屋駅より徒歩5分／持込可	公式デジタルデータリカバリー	3.0
定期購入で送料無料【公式】	神秘の健康力／公式通販サイト	3.0
血糖値や中性脂肪の上昇を抑える	初回限定で64％OFF	3.0
5000円以上で送料無料	プレゼントキャンペーン	3.0
内蔵脂肪/BMIを減らすのを助ける	神様みたいな成分があったなんて	3.0
【公式】東進オンライン学校	小学1年生から中学3年生対象	3.0
《 MORE SALE 開催中 》	春の新作コレクション	3.0
CMで話題のBaby Kumon	0・1・2歳にぴったりの絵本	3.0
いつ見られても怖くないワキへ	『はじめて割』ワキ脱毛96％OFF	3.0
No1自動車保険一括見積サイト	車両保険の見直しはインズウェブ	3.0
おなかスッキリ 2週間おためし	1日6分で脂肪が燃え続ける体に	3.0
4月号のオススメ締切は4/18	月あたり6,110円から	3.0
《大学受験・進学情報》も満載	どんな学校？資料請求コチラから	3.0
話題のコレステロール対策サプリ	小林製薬／公式通販サイト	3.0
無料鑑定でまずはその実力を体感	本人待望の新占術がついに登場	3.0
ミッシェルクランなど	マルイのネット通販でお買い物	3.0
郵便番号からお近くの教室を検索	自宅でできる、Baby Kumon	3.0
コンパクトカーで迷っているなら	特別仕様車や新型車が続々登場	3.0
寒くてもポカポカ発熱性能	楽すぎて手放したくなくなる	3.0
カードローンでお金を借りる	【最短1時間】即日融資も可能	3.0
大人カワイイ下着が満載	手放したくなくなる高品質下着	3.0
手術前のご相談 検査は無料	ジャスミンLC【渋谷 新宿 池袋】	3.0
5月無料体験学習受付中	KUMONで学習習慣を身につけよう	3.0
試乗の予約はこちらから	お近くのHonda Carsへ	3.0
手ごわいお腹の脂肪がｽｯｷﾘ	50歳からの代謝ｱｯﾌﾟおうちﾌｨｯﾄﾈｽ	3.0
業界最大級のIT転職エージェント	名古屋のエンジニア求人多数	3.0
2万円下取り+1万円値引き	大型テレビ+人気商品が大特価	3.0
17時退社可の求人を探す	再就職活動にも／様々な求人条件	3.0
ヒゲ剃り負けのストレス解放へ	公式：すぐに効果が実感できる	3.0
特約をプラスしてパワーアップ	選んで安心／新メディフィットＡ	3.0
結婚式場のお得な特典が充実	ハナユメウエディングデスク	3.0
腸内環境を整えるサプリ	健康が気になる方へ	3.0
MAX50%OFF サマーセール開催中	新作スニーカー コレクション	3.0
任せてください／復旧率95.2％	緊急のご相談はDDRにお任せ	3.0
未経験でも活躍できる	全国60校 2週間で仕事に活かせる	3.0
毛穴悩みからの卒業	2月14日まで初回限定980円	3.0
連続ドキュメンタリー番組	《Travis Japan》5か月密着取材	3.0
公式：ヒゲ脱毛体験1,000円	処理完了したヒゲ、もう生えない	3.0
4月から中2生のかたへ	4月号のオススメ締切日は4/11	3.0
初めてのヒゲ脱毛ならメンズTBC	【半額】50%OFF：5／26まで	3.0
最大10Gの超高速光回線プラン	エリア確認はこちら(Web24H受付)	3.0
オーダー品は安さだけではダメ	日本製原紙を使用したダンボール	3.0
《2021 新作コレクション登場》	《SALE実施中》MAX 70% OFF	3.0
新規お申込み窓口	総合サービス案内トップ	3.0
何着着ても【無料】で嬉しい	スタジオアリスお宮参り出張撮影	3.0
ビジネスで伝わる英語を学ぶなら	採用率1％以下の講師陣	3.0
からだにユーグレナ	GreenPowder乳酸菌入りが登場	3.0
レンタカー無人貸出サービス	安心してご利用いただくために	3.0
【価格満足度92%】おトクに依頼	無料で見積もり・料金比較	3.0
2021年合格目標コース	夏の早割キャンペーン	3.0
あなたとがんの治療に向き合う	がん保険ビリーブ／公式サイト	3.0
通室が難しい方も	KUMONのオンライン&教室学習	3.0
【サカイ】簡単引っ越し料金比較	リピート希望率95％の見積サイト	3.0
呪術廻戦など人気少年漫画も充実	【無料】おすすめ漫画10万話以上	3.0
映像音声技術/選べる会場	WEB/TV会議からライブ配信まで	3.0
夏ｷｬﾝﾍﾟｰﾝ:2週間完全無料体験	今だけ:お試し体験0円&入会金0円	3.0
資金調達・事業資金でお悩みの方	金利・審査時間の確認はこちら	3.0
年齢肌に悩み始めたら	シワ・シミ悩みの救世主	3.0
スキマ時間に受けられる通信教育	有料会員一次募集・4/30締切	3.0
キントはご契約時の頭金が不要	WEB申込完結、店頭でも申込可能	3.0
アニメも充実の配信サービスは？	お得に配信中の動画配信サービス	3.0
ギフトボックスとしてもおすすめ	梱包資材通販・ダンボールワン	3.0
1月号の最終締切日は12/27	塾よりも3年間で約81万円オトク	3.0
すぐ届く365日毎日最短当日出荷	国内生産の高品質	3.0
カーセンサーで一括査定申し込み	24時間、見積もり依頼OK	3.0
現在の中古ハリアーの在庫944台	最低価格68.2万円から	3.0
【半額】50%OFF：4／20まで	イメージ通りのヒゲを目指せる	3.0
（締切間近）6／15まで500円	初めての脇脱毛はTBCで決まり	3.0
家族や友人と過ごす年末年始の旅	東京ディズニーランドへの旅行	3.0
無料で現地調査、見積もりを実施	再発保証付きの安心作業	3.0
《ナイス介護》全国59ヶ所で登録	ネオキャリアの介護求人	3.0
美味しさに自信／リピート率97%	＋ヨーグルト10個分の乳酸菌	3.0
男の体臭に良い「柿渋石けん」	累計販売 ３５０万個突破。	3.0
【公式】ヒゲ脱毛が1,000円	(締切間近)12／27まで500円	3.0
特別号で効率的におさらいできる	【公式】進研ゼミ小学講座2年生	3.0
LOWYA家具／2021年トレンド	あの有名ブランド家具も勢揃い	3.0
【公式】ゼクシィBaby	つわりの時期の妊婦さんを応援	3.0
新作・準新作を豊富に取り揃え	dポイントで月額料金支払いOK	3.0
スキマ時間で書き方をマスター	大学受験のための小論文対策	3.0
【10/24まで】特典付きしめ切り	返却すればタブレット代0円	3.0
いつもの着こなしに自信を。	確かに違う１着	3.0
あなたの1票で優勝が決まる	話題の人気芸人たちが参戦	3.0
出演：イ・ヨンエ／dTV（公式）	全54話まとめてイッキ見／dTV	3.0
（TBC）初回限定キャンペーン	脱毛】予約はコチラから	3.0
母の日に最適なギフトアイテム	4日間限定キャンペーン	3.0
＼大至急／HDD復旧したい方	HDDの復旧率95.2%／最速15分復元	3.0
ファーストプラン【VIO・5脱毛】	VIO脱毛／いつも清潔＆快適に	3.0
DHA・EPAタイプ/10日分500円	DHA・EPA×ユーグレナ配合サプリ	3.0
国内初の完全ナンバーレスカード	年会費永久無料	3.0
長浜市の新築分譲マンション	14階建・全95邸の分譲マンション	3.0
新年初のワキ脱毛体験：500円	〈500円〉セール10／14まで	3.0
【剛毛・産毛・白い毛】脱毛OK	公式：すぐに効果を実感へ	3.0
採用成功実績多数のマイナビ転職	掲載お問い合わせ窓口	3.0
体験レッスンは手ぶらでOK＆無料	月々2970円～/3ヶ月通い放題	3.0
期間限定、初月0円キャンペーン	初月の天然水ボトルが2本無料	3.0
人気シリーズ作品を一挙配信中	初回登録31日間“無料”で視聴	3.0
日興でIPO（新規公開株）	口座開設はこちら	3.0
ふわふわカフェラテをご家庭で	手軽に自宅で本格コーヒー	3.0
24年卒の就活準備はこちら	インターンシップ開催企業を探す	3.0
人気ランキングから選べる	送料無料アイテム多数取り揃え	3.0
メルペイ／公式	全員最大10,000円分ポイント還元	3.0
常陽銀行でローン借り入れ	即日融資でお金を借りたいなら	3.0
乱れ気味の腸内環境を整える	体重を減らす…だけじゃない？	3.0
ハウスクリーニングをお探しなら	特急便で最短3日以内にご訪問	3.0
シティタワー品川パークフロント	JR京浜東北線で品川駅まで5分	3.0
公式／ヒゲ脱毛半額500円SALE	メンズTBC“ヒゲ150本脱毛”体験	3.0
「終わりのある」スーパー脱毛	（締切間近）5／12まで50％OFF	3.0
【群馬トヨタ オススメ中古車】	クルマデビュー応援プラン	3.0
グリーン車指定席プランもあり	東海道新幹線がお得に乗れる	3.0
GWこそ趣味に没頭するチャンス	韓国料理まで学べちゃう	3.0
お、ねだん以上。ニトリ生活用品	インテリア小物・収納・家具まで	3.0
機能性表示食品/糖&脂肪を抑制	「初回お届け限定／約64％OFF」	3.0
快適、過ごしやすい高い伸縮性	腰を支え日常動作をスムーズに	3.0
Da-iCE ファンミツアー2021	活動を応援しよう	3.0
研修制度が充実した施設も探せる	ー看護師の求人を多数掲載中ー	3.0
【22卒】今からでも十分間に合う	プログラミング経験者の就活支援	3.0
買うなら直販”マットコ”で	eMAXIS Slimシリーズがおすすめ	3.0
「日本イチ当たる」とTVで話題	「運景」が占えるのはココだけ	3.0
トヨタのプラドが月額66,220円～	【公式】KINTO／プラド サブスク	3.0
光回線が安い料金で使えるかも	フレッツ光なら費用の見積相談OK	3.0
当行口座があれば振込融資も可能	入会金&年会費0円のバンクイック	3.0
口座開設キャンペーン実施中	SBIグループの暗号資産取引所	3.0
会員登録なしでご利用可能	比較検討の詳しい情報はこちら	3.0
不動産担保ローンをお探しの方へ	2021/3/31までキャンペーン中	3.0
充実サポートのおうちダイレクト	おうちダイレクトのセルフ売却	3.0
Web完結で最短即日ご融資	ご希望の登録口座へ即時お振込み	3.0
大人のための糖脂サプリメント	高橋真麻さん絶賛の糖質サプリ	3.0
学習塾の半額以下で全教科学習OK	《幼児・小学生・中学生コース》	3.0
出会いも婚活もゼクシィ	まずはゼクシィ独自の価値観診断	3.0
婚期も結婚相手のこともわかる	涙のゴールインまであとX日	3.0
北上市の分譲マンション	3LDK月々返済6万円台～	3.0
夏の光熱費見直しニャンペーン	カテエネの電気とガスセット	3.0
シリーズ累計150万枚突破。	着るだけで360度姿勢美人に。	3.0
お仏壇に季節の花で彩りを	サブスクだから届くのを待つだけ	3.0
【10/23開催】マイナビWEB EXPO	九州・沖縄の優良企業が出展	3.0
雑誌を豊富に品揃え	雑誌お店受取りで送料０円	3.0
ワンピ、Tシャツ、グッズも充実	親子コーデにもぴったり	3.0
はたらく細胞ユーグレナ編公開	新キャラクターユーグレナさん	3.0
今だけの金利年0.19%〜1.45%	公式／楽天銀行のカードローン	3.0
【金利】年0.98%～	審査が不安な方はカンタン診断	3.0
毎週更新／最大90％オフ	SALE実施中。会場はコチラ	3.0
CMで話題の健康飲料が980円	飲みやすい錠剤/サプリメント	3.0
毎日の生活の中にSABONを	優しく広がるルームフレグランス	3.0
実車査定なし・買取料金がわかる	0円以上買取保証	3.0
アイフルは少額のご融資にも対応	原則、自宅・勤務先への連絡なし	3.0
世界で走るクルマづくりに携わる	週休２日・長期休暇あり	3.0
40代以上に人気の自動車保険は？	リアルタイム一括見積で比較可能	3.0
SPRING LOOKBOOK 春の新作登場	SUMMER WASHABLES	3.0
【ゼクシィ】結婚式場	東京エリアの結婚式場選び	3.0
より速く、深く脳が眠る枕	ブレインスリープピロー	3.0
48Hours Weekend Sale	人気ブランドレインブーツなら	3.0
2022初セールで脱毛スタート	【脱毛50%OFF】12/15まで	3.0
新作アイテム続々入荷中	メンズ・レディース商品が豊富に	3.0
estのベストセラー化粧品	送料無料のトライアル製品も	3.0
給付金がもらえるか知りたい	国からの給付金【B型肝炎】	3.0
【千葉県】介護の非公開求人	介護福祉士の転職サイト	3.0
最低19万円～／簡単リフォーム	キッチン／最短1日から完了	3.0
社員の育成計画と評価に、根拠を	【GLOBIS】のアセスメントテスト	3.0
つみたてNISAをはじめよう	将来のためにコツコツ積立	3.0
公文式を無料で体験しませんか？	やればできるを育むKUMON	3.0
公文書写の先生になりませんか	長く続けられるお仕事です	3.0
代アニ／オープンキャンパス予約	代アニの【資料請求】絶賛受付中	3.0
花の定期便 bloomee(ブルーミー)	サービス実績4年のお花の定期便	3.0
ソフトバンクならおトクに予約	ソフトバンク公式オンライン	3.0
50年の空気清浄技術を結集	【加湿機能】搭載モデルが新登場	3.0
iiyama PC【公式通販サイト】	ONLINE時の高負荷も安定して快適	3.0
メンズTBC：スーパー脱毛体験	ヒゲ脱毛で時間と手間削減	3.0
【1人1回限り】5日分お試し380円	【2021】年始からスッキリ	3.0
他社より高く買取った実績あり	廃車専門／どんな車もOK	3.0
美容サプリやドリンクなど	内側からも輝く美しさを	3.0
現在の中古クラウンの在庫956台	最低価格49.5万円から	3.0
【本日限り】東芝冷蔵庫が大特価	5万円下取値引／標準設置費無料	3.0
仮審査の結果は3ヵ月有効	さまざまな目的で使える	3.0
三大疾病、短期入院なども保障	医療保険ならアフラック	3.0
専門の技術者が対応/復旧率95.2%	【安心安全】データ復旧	3.0
4-6か月目の発毛実感率99.4％	カウンセリング予約の特典あり	3.0
66,000円で叶う【2人で結婚式】	梅田・なんば、アクセス抜群	3.0
【4/10まで】4月特大号の締切日	【2/6まで】おすすめ締切日	3.0
公式サイト／PayPay銀行	お借入可能額をシミュレーション	3.0
公式／ABEMA	LEGEND(レジェンド) 配信中	3.0
ビジネスローンの審査はこちら	【公式】アイフルビジネスローン	3.0
8月号の最終締切は8/12	新しい進研ゼミに喜びの声続々	3.0
ATMでスピーディにお引出しOK	最大300万円までお借入れ可能	3.0
現在の中古プリウスの在庫2026台	最低価格28万円から	3.0
＜15話無料＞キャンペーン実施中	女性向け人気タイトルを試し読み	3.0
2週間無料おためし/おうちﾌｨｯﾄﾈｽ	1日6分でみるみる脂肪が燃える	3.0
家の鍵に便利と安心を	最新スマートロック	3.0
教材を使っておうち時間を豊かに	0・1・2歳の親子にぴったり	3.0
お仕事でパソコンをお探しなら	ビジネスに役立つ特典が満載	3.0
カビ対策や省エネにも	LIXILグループの責任施工	3.0
大人コーデにきれいめリュック	【フェリシモ】おすすめリュック	3.0
相談は何度でも無料、だから安心	専属チームの弁護士が担当	3.0
《TBCの脱毛はこちら》	公式：TBCが選ばれる理由とは？	3.0
ゼクシイ公式サイト	ブライダル情報総合サイト	3.0
とにかく授業が楽しい通信教育	算数・数学の申込締切は4/30まで	3.0
本革仕様のマッサージチェア	自宅で気持ちのいいマッサージを	3.0
春割/公務員試験（警察・消防）	【春割】2021/22/23年合格コース	3.0
今なら1年間無料招待/算数	東進オンライン学校小学部／公式	3.0
メンズTBC公式／特別価格1,000円	2／3まで：メンズTBCのお得体験	3.0
取り組む時間は自由・英語／数学	発音重視・耳から学ぶ中学英語	3.0
日本最大級の進学情報サイト	【全国の大学探し】はコチラから	3.0
世界で通じる発音を最短2ヶ月で	日本人のための英語発音矯正	3.0
秋得：１ヶ月無料体験し放題	2週間無料おためしキャンペーン	3.0
リフォーム会社、比べて、選べる	工事完成保証付きの安心サービス	3.0
【公式】CHINTAI／お部屋探し	本日の新着物件を今すぐチェック	3.0
九州・沖縄の優良企業が出展	【10/23開催】マイナビWEB EXPO	3.0
【京都府限定】介護の施設求人	施設の内情や介護の流派もわかる	3.0
首都圏で今から始めるFCオーナー	経験豊富な本部の充実サポート	3.0
現在の中古ハリアーの在庫801台	最低価格72万円から	3.0
【公式】DIGITAL DATA EYES	DDEで社内不正、ゼロへ	3.0
高橋真麻さん推奨の脂質ケア	【最新版】内臓脂肪対策サプリ	3.0
約95％がクリエイティブ未経験者	月々5000円から学ぶ超実践型授業	3.0
カウンセリング予約の特典あり	日本最大級のプログラミング教室	3.0
神秘の健康力で元気チャージ	初回定期は30粒増量プレゼント	3.0
公式《全国各地に130店舗》	女性が望む「キレイ」の実現へ	3.0
2週間無料おためし/おうちｼﾞﾑ	1日6分でムリなく脂肪が燃える	3.0
3月からはじめる不動産投資	【公式】シノケンプロデュース	3.0
ご予算に応じて選べる結婚祝い	結婚祝い人気ランキング掲載中	3.0
TOEIC(R)パーソナルコーチプラン	【TOEIC】2021夏得キャンペーン	3.0
シミケアも、UVケアも。	澄んだ輝きに満ちた毎日へ	3.0
「ただいま」の後、すぐに手洗い	セカンド洗面初めてみませんか？	3.0
店頭受付が不要	新型コロナウイルス対策	3.0
《大学受験・進学情報》も満載	【無料】パンフレットを請求する	3.0
女性専用クリエイティブスクール	《最短2ヶ月》でWebデザイナーに	3.0
新規口座開設キャンペーン実施中	在宅のスキマ時間に1000円で投資	3.0
ガスとネット同時にお申込でお得	LPガスのりかえ特典実施中	3.0
質の高い授業の効果を最大化	各種講座申し込み受付中	3.0
アイリスオーヤマの防災士監修	経験したから、提案できる。	3.0
NEC LAVIE公式／限定セール中	プレミアム出張設定が90％OFF	3.0
美肌効果のある脱毛：1,000円	（初回限定キャンペーン）	3.0
大学情報【スタディサプリ】	【無料】パンフレットを請求する	3.0
不安解消できる無料雑誌をお届け	【公式】ゼクシィBabyの無料雑誌	3.0
3年連続満足度1位(2020年) WiMAX	最短即日発送、当日利用可能	3.0
家具・インテリア通販／2021新作	あの有名ブランド家具も勢揃い	3.0
大人気のアクアをご紹介	大人気のエスクァイアをご紹介	3.0
街乗りに最適な3時間レンタカー	レンタカーご当地キャンペーン	3.0
糖の吸収を抑えて成功	おなかの脂肪を減らすのを助ける	3.0
独自麻酔技術で痛くない	包茎手術45,000円。【貸切対応】	3.0
ユーグレナが乳酸菌を活性化	選べる２タイプ（粒／パウダー）	3.0
イオン銀行の金銭信託	金銭信託「利回りの賢人」	3.0
ビジネス用レーザー複合機	満足度高いレーザー複合機	3.0
日本初のNiziU XRコンテンツ配信	限定XRコンテンツを配信中	3.0
子供向けのマウスピース	マウスピースで歯並び改善	3.0
一人ひとりにあわせた学習を	教室での学習も安心	3.0
公式：今がはじめどき	《締切間近》2／2まで500円	3.0
未公開シーン含む特別版独占配信	全話見逃し配信中／Huluで見放題	3.0
【公式】ロート製薬のリグロEX5	今なら頭皮ケアグッズプレゼント	3.0
尿素水フリーでメンテ負担を軽減	前進誤発進抑制機能を標準装備	3.0
公式／ブルーミー、TVCM放映中	体験プランなら500円から試せる	3.0
最低2万円～／簡単リフォーム	最短1時間からリフォームが完了	3.0
20代から戸建てが買える	2021年最新版／新着物件情報公開	3.0
自宅がわかりやすい教室に変わる	個別プランで無理なく成績アップ	3.0
SALE、価格見直し商品も多数	ネット限定、お得な商品	3.0
60,000人の鑑定実績を誇る占い師	＜個人鑑定が当たるチャンス＞	3.0
指名、集客を増やしたいなら	登録スタイリスト募集中	3.0
電気料金の比較ならエネチェンジ	切り替え手続きを徹底サポート	3.0
"女性におすすめ￥０""連載まんが"""	人気コミックを10万話以上配信	3.0
スーパー脱毛は年間24万人が利用	【公式】カラダ脱毛が半額500円	3.0
好条件のバイト求人多数掲載中	バイト選びならバイトル	3.0
U25男子応援／お試し脱毛1,000円	（締切間近）1／13まで500円	3.0
いつでもどこでも即時振込可能	アイフル／審査時間が短くて便利	3.0
原則来店不要・ネットでご契約	誰にもバレずに即日融資も可能	3.0
【バレない】アイフルの申込み	アイフルなら急な出費に対応可能	3.0
スキマ時間15分から学習できる	女性専用クリエイティブスクール	3.0
9教科+リスニングが月7,480円～	タブレット1台で全教科の学習OK	3.0
細かいデザインや毛量の調整可	今だけ半額500円＜1／13締切＞	3.0
人にも猫にも寄り添う壁を。	LIXIL公式 猫壁	3.0
公式ホームページ【エピレ】	あなたに合った脱毛が見つかる	3.0
皮膚科医監修のもと肌テスト済み	大切な肌を優しく包み込む	3.0
少ない資金で始めるアパート経営	アパート経営のシノケン【公式】	3.0
派遣会社の求人情報はこちら	現在、バイト・学生の方も応募OK	3.0
特選タイムセール	5月中全品送料無料	3.0
【公式】すまいるぜみ／通信教育	スマイルゼミと他社を徹底比較	3.0
選ぶなら安い自動車保険	ネットで申込みで保険料がオトク	3.0
おうち時間はdTVでアニメ鑑賞	ブラッククローバーを見る	3.0
選考なしのインターンシップ多数	24年卒の就活準備はこちら	3.0
最低価格43万円から	現在の中古ハリアーの在庫974台	3.0
「オンライン＆教室学習」が登場	この秋、公文式を始めませんか？	3.0
ＳＮＳで話題のメンズＴＢＣ	男磨き応援SALE：6／7まで	3.0
1回30分の受講でOK	WEBコース ￥39,800(税込)	3.0
59種類の栄養補給で安心生活	まもり続ける乳酸菌／タブレット	3.0
宿・ホテル予約なら【じゃらん】	パークチケット確約プラン	3.0
【ヒゲ脱毛】人気のメンズTBC	男性専門サロンで脱毛	3.0
革新的で時代を超える名品	【名品限定】ご試着キャンペーン	3.0
月額3,180円税込み～	わかりやすい動画レッスンが好評	3.0
料理にかけるだけの簡単野菜	野菜不足でお悩みの方におすすめ	3.0
最短5分で初期診断｜24時間受付	【超速復旧】HDDのトラブルなら	3.0
将来のためにコツコツ積立	つみたてNISAをはじめよう	3.0
ハイクオリティ動画を誰でも制作	AI で定額作り放題／Video BRAIN	3.0
大人気シリーズを一気見するなら	アジアドラマが配信中のサービス	3.0
コスモウォーター／公式サイト	天然水のウォーターサーバー	3.0
がん保険はアフラックがおすすめ	あなたに合った保険をご提案	3.0
FW21カプセルコレクション	《AIGLE 大人気レインブーツ》	3.0
【メンズTBC】公式ホームページ	メンズTBCでモテ肌をGETしよう	3.0
JR和歌山駅徒歩5分	地上14階建／総戸数39戸	3.0
今だからこそ、自学自習の習慣を	無料体験学習の予約は1/21から	3.0
【22卒・23卒】ITエンジニア就活	エンジニア完全特化就職サイト	3.0
【公式サイト】	医師専門の求人・転職情報	3.0
プロのデザイナーに頼もう	ロゴ制作を見積もり依頼	3.0
美少年飼ってみませんか	【胸キュン】ひとりと一匹ぐらし	3.0
24時間看護体制あり	千葉県屈指の理想的な住環境	3.0
カードローン専用ページ	【WEB完結申込】郵送・来店不要	3.0
TVCMで話題	美白化粧品売上NO1	3.0
コラーゲンサプリをお探しの方へ	30～40代が選ぶサプリを徹底比較	3.0
公式/スティーブンノル	期間限定キャンペーン実施中	3.0
人気アニメ原作漫画もイッキ読み	【遂に決着】電子書籍はdブック	3.0
プログラミング不要のアプリ開発	費用や料金体系はこちらから	3.0
全国対応。LINEで簡単予約	低価格・高品質なサービス	3.0
パーソナルジムなのに格安	20分の時短トレーニング	3.0
24時間WEBでお申込みOK	人気のビジネスローンで借入れ	3.0
「夏に向けて」ワキ脱毛スタート	ずっと通い続けなくていい脱毛	3.0
【公式】オーディオブック.jp	聴く本ですきま時間にインプット	3.0
ツーリングセレクション登場	免許返納時の途中解約は無料	3.0
サービスの顧客体験向上に	【公式】KARTE/カルテ	3.0
Baby Kumonで親子の時間を豊かに	ウェブ予約は11/30 17時まで	3.0
脱毛の効果でもう後悔しない	公式：夏から始める美肌脱毛	3.0
即日融資も可能／最短30分審査	【キャッシング】バレない	3.0
静岡でコンタクトをお探しなら	Menicon Miru 静岡店	3.0
フレキシ―/フリーランス	新しい働き方を	3.0
効果実感＆満足度の高いヒゲ脱毛	今だけ半額500円＜8／3締切＞	3.0
給湯器が最大80％OFFで無料保証	コスト・労務削減の給湯器プラン	3.0
公式：進研ゼミ小学講座1年生	2021年9月最新版	3.0
現在の中古クラウンの在庫791台	最低価格29.8万円から	3.0
今年中の融資をご検討の方	（最短）翌日融資も可能	3.0
願書請求もスタディサプリ進路	今すぐ簡単パンフレット申し込み	3.0
8月24日まで。ウェブ予約受付中	お近くの教室を検索／KUMON	3.0
条件達成で5555ポイント	学生にお得なクレジットカード	3.0
月収30.6万 メーカーより手当有	直接雇用の実績あり	3.0
低価格で上質な英会話コーチング	バイリンガル日本人講師で安心	3.0
6月の最新コレクション	LUXE Journal Vol.7 大草直子	3.0
5教科教材で基礎力アップ	今なら1ヶ月から受講OK	3.0
刀剣ファンのためのブログも必見	あの名刀の解説付き動画・写真	3.0
まずは無料でかんたん資料請求	進路のお悩みを全力サポート中	3.0
真冬にも快眠のヒートコットン	羽毛布団でもイマイチ寒い。	3.0
おしゃれを楽しみたい女の子に	【公式】エピレ/epiler	3.0
人気モデルも愛飲のサプリ	1日約98円／30日の返品保証付き	3.0
【パソコン工房】公式通販サイト	お手頃価格で高スペック	3.0
estベストセラー商品／化粧水	お得なトライアル商品	3.0
24時間、見積もり依頼OK	カーセンサー買取【公式サイト】	3.0
韓国で大流行のマシンピラティス	30歳からの本気ボディメイク	3.0
エステティックTBCプロデュース	サロン選びに迷ったらエピレ	3.0
停電時でも安心の1500Ｗ利用可能	HV含め多くの車種に対応	3.0
最新レッスンでスコア改善	【公式】GDO - ゴルフテック	3.0
ダイキン「リソラ」／公式	快適な空気と自分らしい空間	3.0
【公式】バイトル	掲載ご検討の企業様へ	3.0
ネットで申込みで保険料がオトク	選ぶなら安い自動車保険	3.0
無担保無保証のビジネスローン	個人事業主・経営者の方必見	3.0
dTVでシリーズを全話視聴	【昭和・平成・令和】全103作品	3.0
安心の保障をお手頃価格でご提供	あなたにフィットする保険なら	3.0
月額3300円で永久脱毛	最短5ヶ月で全身脱毛完了	3.0
3月30日まで対象コース1万円割引	最短の筆記対策と充実の面接対策	3.0
転職者数No.1の3,200名以上	転職保証のエンジニアスクール	3.0
肌本来の力を引き出す基礎化粧品	シワシミにはドモホルンリンクル	3.0
絶品グルメをお取り寄せ	グルメ通販オンワード・マルシェ	3.0
1回20分で圧倒的成果	1回3,300円（税込）で通える	3.0
キャッシュバックキャンペーン	安心の高速インターネット通信	3.0
信頼のソニーグループ	自宅にいながらWEBで無料査定	3.0
Wのローヤルゼリーエキス配合	約5日分のお試しセットはこちら	3.0
初診料なし。治療薬を最短お届け	来院なし。受診を知られない	3.0
少人数制の新しい旅の形を提案	三密対策を徹底したプランあり	3.0
お子さまの学びの芽を育てよう	くもんのドリルでひらがなの練習	3.0
ユニクロの服を、ユニフォームに	法人・団体のお客様へ	3.0
11月のセール車をご用意	安心の認定中古車プログラム	3.0
フリーランスの悩みをサポート	週2、3日で約50万/月の案件	3.0
テイクアウトメニューはこちら	美味しさ抜群のフライドチキン	3.0
サラシノール配合のサプリメント	【富士フイルム】メタバリアEX	3.0
ネットで自動車保険のお見積り	一括見積りが無料/最短3分	3.0
自社に合った製品を比較・検討	気になる製品にまとめて資料請求	3.0
キントはご契約時の頭金0円	【公式】KINTO／キント サブスク	3.0
最短翌日からご融資	9月30日16:59まで金利半額	3.0
ミネラル豊富／コスモウォーター	コスモウォーターを検討の方へ	3.0
月々7,200円でわきが治療が可能	ミラドライで切らない治療	3.0
往復JR＋ホテル／お得な大阪旅行	大阪ツアーのご予約はこちら	3.0
メンズTBC：4／4まで	（U25男子必見）特価1,000円	3.0
【最短】即日融資も可能	【2021】人気のビジネスローン	3.0
枕で最高の睡眠を	ブレインスリープピロー／公式	3.0
期間限定/今なら無料でお試し	次回の無料お試しは2月開催	3.0
更新料ゼロ・可変間取りの賃貸	賃貸住宅はブランドで選ぶ時代へ	3.0
最低価格31万円から	現在の中古プリウスの在庫2324台	3.0
新電力の電気料金比較サイト	500kW以上で平均1,200万円削減	3.0
店頭にない本もお取り寄せ可能	書籍の予約 通販	3.0
選考なしのインターンシップ多数	インターンシップエントリー予約	3.0
WEB予約は5月24日17時まで	新学年に始めてみませんか？	3.0
治療薬を用いたAGA治療	公式／AGAオンラインクリニック	3.0
JTB／国内旅行のご予約はコチラ	安心・安全のJTBで快適な旅を	3.0
23卒インターンシップ情報満載	《リクナビ2023》公式サイト	3.0
全話見放題／初回2週間無料	第2期 血のハロウィン編配信中	3.0
早期入会特典付4月号は3/28まで	新学習指導要領対応	3.0
【公式】シノケン/不動産投資	3月からはじめる不動産投資	3.0
現在の中古ハリアーの在庫748台	最低価格53万円から	3.0
オダギリジョーが着るTheory	Theory×FORZA STYLE	3.0
現代人のためのマットレス	究極のリラックス姿勢を	3.0
バンタンデザイン研究所/専門部	バンタンの人脈が就職をサポート	3.0
さわらずキレイ、かんたんキレイ	おうちで過ごす毎日を快適に	3.0
クッション封筒11円～激安販売	梱包材通販No.1	3.0
DMMブックス(DMM.com)公式サイト	約1,000冊無料／青年コミック	3.0
大阪駅徒歩2分/持込可能	データ復旧専門【DDR】	3.0
人気の新作コートを続々入荷	《TIME SALE》MAX 50% OFF	3.0
洗えるニットも豊富に取扱い	かわいいもキレイめも／anySIS	3.0
少人数ウエディングならゼクシィ	結婚式場・披露宴会場を探す	3.0
〈500円〉セール11／16まで	脱毛でずっと触っていたい肌に	3.0
もう一度ヨリを戻せる可能性は？	【ゲッターズ飯田】復縁占い	3.0
【公式】スタディサプリ	リクルートのビジネス英語学習	3.0
Baby Kumonタイムをおうちでも	0・1・2歳、この機会に始めよう	3.0
980円キャンペーン／スカパー	全試合放送／スカパー	3.0
乳幼児期に知的好奇心を育む教材	自宅でできる、ベビークモン	3.0
中学生向け通信教材／チャレンジ	1月号のオススメ締切日は12/26	3.0
その場で毛がなくなるメンズTBC	芸人サンドウィッチマンで話題	3.0
5教科教材で基礎力アップ	6/24まで豪華賞品が抽選で当たる	3.0
節約額を簡単シミュレーション	おすすめセットプランを比較	3.0
未体験のエイジングケア*を	リピート率93%以上のスキンケア	3.0
【冬の特別号】1か月から受講OK	【9/19まで】9月号最終締切延長	3.0
人気のケルヒャー／ジャパネット	8,000円値引きの18,800円	3.0
【愛知】復旧実績多数	【公式ホームページDDR】	3.0
転勤なし/46都道府県で展開	最長6か月研修/サポートが充実	3.0
日テレ ポシュレ紹介商品はココ	ポシュレ商品がお得に買える	3.0
【公式】BR／ベスト＠リフォーム	大手優良のリフォーム会社に	3.0
祝着無料レンタルサービスも	赤ちゃんのはじめての外出行事	3.0
メンズTBC公式：特別価格1,000円	ヒゲ脱毛：WEB予約はこちらから	3.0
WEBからカンタンに資料請求可能	がん・医療保険ならアフラック	3.0
【横浜・川崎】オープンハウス	人気エリアからカンタン検索	3.0
約1,000冊無料／青年コミック	DMMブックス(DMM.com)公式サイト	3.0
公式サイト限定の特典多数	eクーポンで更にお得	3.0
【西日本】フレッツ光エリア確認	最大1Gの光インターネット回線	3.0
ETVOSのプレエイジング保湿ケア	肌の専門家が本気で考えたコスメ	3.0
『大丈夫。半年後には彼が―』	一緒になれたのはコレのおかげ	3.0
長期の就業不能状態に備える	auユーザー限定でお得な生活保険	3.0
ゴリラクリニックのニキビ治療	もう悩まない肌へ	3.0
サントリーの脚専用サプリ	旅行も買い物も楽しめる脚	3.0
米ドル為替手数料が4銭	USD1ヶ月もの年5%（税引前）	3.0
JTB公式サイト	新幹線・JR利用プラン	3.0
ドコモユーザー必見	新規工事料無料	3.0
【TBC】公式ホームページ	脱毛】ムダ毛のないキレイな肌へ	3.0
ダンボールワン公式サイト	送料無料の激安通販サイト	3.0
すっぽんと黒酢で元気まで一度に	何を試しても満足出来ない女性に	3.0
保険金額・保険期間を選ぶだけ	定期死亡保険が月々659円	3.0
慰労金最大90万円+寮費無料	メーカーから入社祝い金15万円	3.0
ユニクロ感謝祭 開催中	新作アイテム続々登場	3.0
≪事業者ローンの申込み≫	アイフルビジネスファイナンス	3.0
個人指導Winのパソコン資格講座	初心者でも確実に資格合格	3.0
カンタン式場見学／予約	八芳園フェア【見学予約】	3.0
福武線・足羽山公園口駅徒歩3分	福井市の新築分譲マンション	3.0
脱毛してヒゲ剃りから肌を守ろう	CMで話題の【メンズTBC】脱毛	3.0
日用品を買うならロハコ	暮らしになじむLOHACO展2022	3.0
【企業向け】最短1営業日で融資	事業者ローンのお申込みはコチラ	3.0
シワシミにはドモホルンリンクル	無料お試しセットでまずは実感	3.0
受講料0円の日本和装	日本和装ホールディングス／公式	3.0
パーソナルジムでキレイな身体に	結婚式までに1ヶ月で痩せる	3.0
ムダ毛に悩む女性のための脱毛	自分史上イチバンの素肌に	3.0
審査が早い借入れ先はどこ？	即日対応／法人向け事業者ローン	3.0
KUMONの「オンライン&教室学習」	無料体験学習の予約開始は6/15	3.0
公式／ブルーミー、TVCM放映中	10万世帯が選んでるNo1の定期便	3.0
着心地／機能性／お手頃価格	ラクきれいを叶える大人服	3.0
【公式】レンズダイレクト	SEED(シード)をお使いのあなたへ	3.0
最大200万円の支援金がもらえる	ふくしま12市町村への移住	3.0
【公式】キレイラインKIDS	総額15万円の小児用マウスピース	3.0
iiyamaPCが超お得。最大3万円OFF	品揃えが豊富な中古PC・PCパーツ	3.0
月額1,980円が今なら2カ月分無料	今なら朝デジをお得に試せる	3.0
今の時期にお勧めのビタミンＤ	丈夫な身体づくりをサポート	3.0
スキマ時間に受けられる通信教育	明日が最終日。4月入会申し込み	3.0
TBCの脱毛なら効果をすぐに実感	【脱毛半額セール】4／14まで	3.0
ゴリラクリニック/多汗症治療	ワキガの臭いがピタッと	3.0
休日限定で送料無料	秋冬物MAX80%OFF／ニットワンピ	3.0
至高画質のディスプレイ	ニューイヤーセール開催中	3.0
老人ホームならLIFULL介護／公式	入居一時金「0円」特集あり	3.0
最低価格58万円から	現在の中古ハリアーの在庫802台	3.0
３６５日営業／まずはお電話	外付け・内蔵型どちらも対応	3.0
メンズTBC：3／3まで	（U25男子必見）特価1,000円	3.0
女性の転職ならマイナビ転職	ここだけの限定求人が80％	3.0
月額2,420円～無料でエリア確認	NTTフレッツ光回線/詳細はこちら	3.0
まもなく終了：半額セール	【自己処理は肌にNG】TBC脱毛へ	3.0
気になる製品を比較・資料請求	2021年上半期、第1位の製品は？	3.0
添削指導やライブ授業も受講費内	教材がすぐ届く、すぐ始める	3.0
子どもの好奇心を刺激する	0歳～2歳の親子が楽しめる教材	3.0
自分のお肌諦めていませんか？	年齢とともに固くなった肌に	3.0
法人カード／入会特典あり	申し込み時登記簿・決算書不要	3.0
有給・社会保険完備の派遣サイト	週1日勤務/自由に選べるシフト制	3.0
強い吸引力でゴミを残さない	本日限りの税込46,800円	3.0
【特別入会特典付き】11/14まで	自信いっぱいの新1年生に	3.0
【無料コミック10万話以上】	呪術廻戦など話題作や新作が充実	3.0
漫画読むならコミックシーモア	少女・女性漫画を一気読み	3.0
ソフトバンク公式・独占販売中	Google Pixel 史上最強スペック	3.0
人気の日立冷蔵庫が安い	対象商品の標準設置費無料	3.0
転職保証プログラミングスクール	受講者数No.1の60,000名以上	3.0
DHA・EPA×ユーグレナ配合サプリ	DHA・EPAタイプ/10日分500円	3.0
全国47都道府県対応	ご依頼の約8割 48時間以内に復旧	3.0
2021年4月おすすめローン一覧	2021年1月最新版	3.0
＼葉酸サプリクチコミ人気No.1／	『mamanic』購入はこちらから	3.0
副業や転職で使えるスキルを習得	1から学べるオンラインスクール	3.0
しじみ習慣-公式サイト	日本１売れているしじみサプリ	3.0
話題のクレンジング	W洗顔不要でコスパ	3.0
(経験者限定)ゲーム業界の転職	優良企業の採用強化中	3.0
1万名にマルチバッグ等も当たる	全員プレゼントの出生届も	3.0
最新のプランをショップで確認	専門クルーが丁寧にご説明	3.0
ハーバーで美肌活をはじめよう。	初回限定お得なセット/ハーバー	3.0
今なら月額料金が実質6カ月0円	5GB月額1,639円	3.0
＜締切間近＞10／5まで500円	【公式】ヒゲ脱毛が1,000円	3.0
美容と医療の“かかりつけ医”	きれいになる楽しさをサポート	3.0
子供のための脱毛サロン	おしゃれを楽しみたい女の子に	3.0
継続率84%／中高年から注文殺到	【公式】あじかん焙煎ごぼう茶	3.0
Kis My Ft2（キスマイ）主演	AI婚活に翻弄される男たちの物語	3.0
現在の中古プリウスの在庫2120台	最低価格22万円から	3.0
ゴリラクリニックのニキビ跡治療	男性治療専門のゴリラクリニック	3.0
公式：肌に優しい脱毛ならエピレ	ワキ・Vラインなど選べるプラン	3.0
1週間で2回、公文式を無料で体験	5月無料体験学習受付中	3.0
公務員を目指すなら今	TAC生だけのオリジナル教材	3.0
【公式通販】トップページ	5日分お試し380円はこちら	3.0
LOHACO by ASKUL	初開催エシカルデイズ	3.0
未来の自分を高めるクレンジング	とろけるクレンジングでお肌ケア	3.0
【22卒】5月から間に合う就活	レバテックルーキー（公式）	3.0
クリニックの換気、大丈夫？	病院の換気の悩みを解決	3.0
タブレット1台で全教科3,278円～	満足度No.1の小学生タブレット	3.0
今なら《￥500》でヒゲ脱毛	顧客満足度NO.1／メンズTBC	3.0
オンライン診察／薬が自宅に届く	オンラインでバレずにAGA治療	3.0
新規入会で4月分の月額費無料	宅配レンタルも／TSUTAYA DISCAS	3.0
【公式】明治安田生命	お金を貯める新しい選択肢	3.0
在学中はお利息のみ返済OK。	WEB契約で金利がおトク	3.0
新しくなった進研ゼミの効率学習	もう一回始めてよかった進研ゼミ	3.0
最短当日で株取引スタート	米国株式は取引手数料0円	3.0
《締切間近》4／14まで500円	快適な空間と高品質のサービス	3.0
20万人の卒業実績	受講料0円のワケを説明	3.0
公式：夏から始める美肌脱毛	どこから見られても安心の素肌へ	3.0
【wi fi】オンラインゲームにも	コンセントに繋げて置くだけ簡単	3.0
料金・予約情報-じゃらんゴルフ	ポイントアッププランあり	3.0
お年玉セール開催中	スタートダッシュ大抽選会実施中	3.0
紙カタログ、電子化しませんか？	21年版働き方改革をアプリで実現	3.0
タブレット教材を今すぐお届け	お家で勉強できて受講費もお得	3.0
WEBなら最短25分で借入れ可能	新規申込みはコチラ	3.0
ヒゲ脱毛体験》半額500円SALE	【お一人様１回限りのご案内】	3.0
アプリダウンロードですぐ使える	【店舗用BGM／業界シェアNo.1】	3.0
【最新版】内臓脂肪対策サプリ	【脂肪と糖の吸収を抑える】	3.0
月々2970円から／3ヶ月通い放題	ホットヨガで健康的にダイエット	3.0
選べる２タイプ（粒／パウダー）	ユーグレナが乳酸菌を活性化	3.0
【公式】KUMON/夏の無料体験学習	おうちでの学習を先生がサポート	3.0
4月からはじめる不動産投資	不動産投資ならシノケン【公式】	3.0
《ナイス介護》全国60ヶ所で登録	登録完了～求人紹介まで最短当日	3.0
2021年最新版 新着物件を紹介	3,000万円台で戸建てが買える⁉	3.0
JR総武線 平井駅徒歩8分	3LDK70平米・５９００万円	3.0
『復縁時期まで当たっていた』	※実際の口コミです。	3.0
【2021】法人・個人向けローン	24時間365日WEBで申込みOK	3.0
入会金や無理な勧誘は一切なし	エピレで脱毛と同時にお肌もケア	3.0
公式／美肌脱毛サロン	"エピレ 】両ワキ脱毛6回""500円"""	3.0
資料請求でコラボグッズもらえる	まずは【資料請求】から	3.0
ワニがトレードマーク	《MAX50%OFF MORE SALE 開催中》	3.0
話題沸騰中の人気アニメイッキ見	最新話配信〈土曜日・2時更新〉	3.0
返済もWEBで出来るからラクラク	【バレない】WEB審査はコチラ	3.0
【最短1ヶ月】英会話コーチング	コーチング満足度96％	3.0
第16話まで独占見放題	【公式】TSUTAYA TV	3.0
夏休みの宿題が楽しめる特別授業	今なら算数・数学の授業が無料	3.0
プログラミングで業務効率化	7日間でプログラミングを習得	3.0
《全国130店舗》駅チカも多数	〈500円〉セール6／15まで	3.0
この夏、公文式を始めませんか？	KUMONで毎日の学習習慣を	3.0
あなた好みのカスタマイズPCに	パソコンを買い替えるならNEC	3.0
【ゼクシィ】結婚式準備	【エリア検索】式場見学	3.0
ネットで申込み／お手頃な保険料	安心保障の保険選びなら	3.0
ラインナップや素材はこちら	松風カラーフラットエクステ商材	3.0
細田守監督作品を一挙配信中	家族で楽しめるアニメが満載	3.0
人気のカタログギフト2808円から	お祝い・お歳暮・香典返しなら	3.0
転職成功者数3,200名以上	人生を変えるエンジニアスクール	3.0
0～2歳が興味をもちやすい	無料お試しの受付開始は1/21	3.0
審査申込み・本人確認もWEB完結	【最短融資速度】カードローン	3.0
観光特急しまかぜツアー特集	日帰り・宿泊プランなど多数	3.0
今なら金利 年0.5％（税引前）	さらに最大3万円の現金特典も	3.0
新規入会特典プレゼント	最大7,000円相当プレゼント	3.0
派遣会社をお探しの方へ	求人件数50,000件以上	3.0
auじぶん銀行カードローン／公式	【期間限定キャンペーン実施中】	3.0
【締切せまる】4／20まで500円	＜1／13まで＞半額キャンペーン	3.0
ママの髪の毛トラブルに寄り添う	産後の敏感な頭皮環境を整える	3.0
新規ご登録で30日間無料お試し	ネットで動画視聴／宅配レンタル	3.0
夏の口座開設キャンペーン実施中	日本初のスマホ証券サービス	3.0
現代人のためのマットレス	ブレインスリープ／マットレス	3.0
1933年創業の世界的ワニブランド	《期間限定》全品送料無料	3.0
マイホームに賃貸併用住宅を選ぶ	敷地を最大限に生かした賃貸住宅	3.0
最短当日で株取引スタート	米国株なら1株から取引が可能	3.0
Wi-Fiルーター契約を検討中の方	欲しい機種で契約可：全端末0円	3.0
公式/オーディオブック.jp	14日間お試し無料聴き放題	3.0
２万円から、もっと笑顔になろう	【格安】しっかり矯正するなら	3.0
《TIME SALE》MAX 70% OFF	人気の新作コートを続々入荷	3.0
バンタンデザイン研究所専門部	2021年4月新設第一期生募集	3.0
大人のための名品Tシャツ	窪塚洋介、セオリーを着る。	3.0
【2021年】毎朝のヒゲ剃りを楽に	脱毛効果の高いサロン 半額500円	3.0
月々5,000円から貯蓄可能	"明治安田生命 ""じぶんの積立"""	3.0
アパート経営ならシノケン/公式	少ない資金で始める不動産投資	3.0
みずまわりのサービス2000円引き	新春除菌キャンペーン実施中	3.0
【スニーカーダンク】／公式	最大5000円クーポン貰える/公式	3.0
あじかんのごぼう茶	愛飲者100万人突破	3.0
【SUUMO】東京都の新築戸建	【2021年最新版】戸建て情報	3.0
インテリア小物・収納・家具まで	一定額以上家具 配送組立 引取も	3.0
【お申込み後すぐに受講が可能】	今なら1年間無料招待/数学	3.0
ピザーラエビマヨが入って2180円	お得なABCセット販売中	3.0
ドクターシーラボ／センシティブ	ピンクの薬用ゲル／センシティブ	3.0
ブライダルフェア予約	ゼクシィ公式サイト	3.0
ゴルフの上達スピードがアップ	累計1000万回以上のレッスン実績	3.0
9月号の最終締切日は9/30	大学受験講座 4月号 受付中	3.0
最短翌日からご融資	12／3迄金利半額キャンペーン	3.0
【公式】スカパー加入ページ	あの名試合がスカパーで蘇る	3.0
あなたの理想の式場が見つかる	Hanayume（ハナユメ）公式	3.0
新学年、KUMONを始めよう	毎日の学習習慣と基礎学力を育む	3.0
【公式】ドモホルンリンクル	無料お試しセットでハリツヤ体験	3.0
形成外科×泌尿器科の包茎専門院	包茎手術45,000円。スタッフ男性	3.0
U25限定年会費無料	20代のあなたにおすすめ	3.0
【公式】小林製薬	おすすめの成分とは？	3.0
ご加入から最大2ヵ月視聴料0円	日本統一41【独占先行】配信中	3.0
社員のエンゲージメントを高める	【無料トライアル実施中】	3.0
エピレ】初回限定490円	お子様と一緒にエピレで脱毛	3.0
スクール開始47年の信頼と実績	お得な入学金無料は4月28日まで	3.0
その場でヒゲがなくなる《公式》	（本日最終日）500円は今だけ	3.0
おすすめのインターンシップなら	締切間近のインターンシップ一覧	3.0
1日6分省スペース 2週間おためし	1日6分で楽しく脂肪が燃える	3.0
地上10階建／全81邸	秦野駅へ徒歩2分	3.0
お店のIP電話 / USEN	初期費用・電話本体代が０円	3.0
通信教育はやっぱり進研ゼミ	圧倒的にお得なタブレット学習	3.0
実用的なクラフト教室多数	自作アイテムで日々を彩ろう	3.0
安い価格で税理士に全てお任せ	最短即日返信でご対応	3.0
買替え応援キャンペーン実施中	大型テレビが超特価	3.0
自動温度調節機で室温をキープ	最新の省エネ暖房器具	3.0
公式：お試し両ワキ脱毛500円	webから24時間カンタン予約	3.0
日本一当たるとTVで紹介された	本人待望の新占術がついに登場	3.0
1月号のオススメ締切日は12/19	8月号限定キャンペーン実施中	3.0
中学基礎がムリなく固まる	小6の今身につけたい力を養う	3.0
【透明】目立たないマウスピース	【初回2万円から】しっかり矯正	3.0
春ｷｬﾝ：今だけ2週間おためし体験	史上初:入会金０円キャンペーン	3.0
あなたの商品を日本中へ届けよう	【出店】ネットショップ開業	3.0
毎日無料の人気漫画もおすすめ	おすすめ漫画10万話以上を配信	3.0
＜資料請求＞終身保険ライズ	【ライズ】生命保険・死亡保険	3.0
15万口座以上の契約実績	事業資金をご融資	3.0
換気扇の油汚れが気になったら	全国対応のハウスクリーニング	3.0
公式：初めて脱毛するなら、TBC	美肌効果のある脱毛：1,000円	3.0
借入れを知られたくない方	はじめての不安はここで解消	3.0
【公式】Hamic POCKET(はみっく)	ご利用時の書面契約は一切不要	3.0
ダイキン史上最高品湿	ルームエアコン／公式	3.0
医療保険をご検討中の方へ	初めての医療保険ならアフラック	3.0
英語・中国語での不動産売買なら	住友不動産販売の専門スタッフへ	3.0
投資が初めての方にオススメ	あの有名企業の株も購入できる	3.0
春はおしゃれをとことん楽しもう	冬服コーデを揃えるならNBB	3.0
専門店ならではの充実の品揃え	割引商品多数/最大40%off	3.0
お預入れ為替手数料が0銭	USD1ヶ月もの年7%（税引前）	3.0
女性専門の美容クリニック	美容と医療の“かかりつけ医”	3.0
【公式】メンズキレイライン矯正	ホワイトニングも同時に可能	3.0
スマホセットプランが新登場	格安スマホ y.u mobile【公式】	3.0
ビジネスに役立つ特典が満載	入会するだけでパソコンがお得に	3.0
3月号の最終しめ切り日は3/3	2カ月集中指導で中学好成績へ	3.0
人気企業インターンシップを厳選	業界研究ならマイナビ2024	3.0
ボロボロの私が復縁できた訳とは	復縁できたの声多数	3.0
信頼と安心の一括査定依頼	32秒簡単入力で一括査定依頼	3.0
高級感あるハイスペック会場	コンファレンスセンター法人様用	3.0
感謝祭 開催中 11/29(月)まで	ユニクロ年末祭 開催中	3.0
1ヶ月でダイエットするなら247	月々4,000円～/完全個室ジム	3.0
アクアが3年契約月額43,450円～	ツーリングセレクション登場	3.0
未経験でも月収例33万円以上可	正社員登用 安定した収入可	3.0
エンジニア業界最大級就職サイト	新卒エンジニア就職エージェント	3.0
お宮参り撮影はプロにおまかせ	お子さまの健康を願って記念写真	3.0
キレイな素肌を目指しませんか？	《TBC》初回限定キャンペーン	3.0
【公式HP】メンズTBC半額セール	男磨き応援SALE：今なら500円	3.0
【W主演】小栗旬・石原さとみ	地味なリケジョ×天才IT社長	3.0
料理人掲載数No.1グルメメディア	贅沢な食事を楽しめる	3.0
DMMチャットブースト	LINEを使ってリピートを3倍に	3.0
《全国の進学情報》今スグ検索	【高校生限定】嬉しいプレゼント	3.0
理系学生のための合説開催決定	予約リスト利用開始	3.0
最大3,000円キャッシュバック	新規入会者だけの特典	3.0
IPO（新規公開株）なら日興	低コスト＆充実のネットサービス	3.0
集客力を高める知識を習得	現場で即戦力として活躍できる	3.0
公式：両ワキ脱毛500円	webから24時間カンタン予約	3.0
【公式】第一三共ヘルスケア開発	公式/初回限定約53%オフ	3.0
ゴルフのマンツーマン指導なら	かんたん予約で対象店舗へ	3.0
無料マタニティ雑誌に今すぐ応募	プレママ全員に無料プレゼント	3.0
0円以上買取保証	実車査定なし・買取料金がわかる	3.0
最大20社見積もり無料(最短3分)	自動車保険の見積もり比較サイト	3.0
楽しく学べる雑誌を無料でお届け	出産準備本を全員無料プレゼント	3.0
お試し980円は公式サイトだけ	からだにユーグレナ/健康飲料	3.0
受講者数60,000名以上	最大70%の給付金制度有り	3.0
お近くの教室を検索／KUMON	2021夏の無料体験学習は8/31まで	3.0
寒い冬こそ免疫対策	初回限定税込500円/送料無料	3.0
約5日分のお試しセットはこちら	Wのローヤルゼリーエキス配合	3.0
お見舞金1万円受け取れます	つわりの時期の妊婦さんを応援	3.0
大人気のラインアップをご紹介	トヨタ公式サイト	3.0
【大学情報】スタディサプリ	【簡単】パンフレット申し込み	3.0
予約・来店でおトクな特典	対象店舗で機種代金を値引き	3.0
脱毛体験予約ならコチラから	エステティックTBCプロデュース	3.0
TSUTAYAの宅配レンタルサービス	新規ご登録で30日間無料/TSUTAYA	3.0
SUMMER SALE【今だけ限定】500円	男のヒゲ脱毛《5／9まで》	3.0
CMで話題／お得に漫画を読むなら	電子コミックが3000作品以上	3.0
併用可能なこだわりクーポン	福春セール開催中	3.0
【無料】通いたい着付け教室No1	着付けだけでなく、着物のTPOも	3.0
ブライダルフェア検索／予約	式場探しなら【ゼクシィ】	3.0
【日本和装】の超・着付け教室	感染対策に配慮した少人数クラス	3.0
《エリア・日時》カンタン検索	【見学予約】Web24H予約	3.0
経験豊富な税理士をご紹介	最短即日、無料で税理士をご紹介	3.0
ディオールの香水をミニサイズで	お手頃価格／月額1,980円～	3.0
入会金・年会費不要／24H申込OK	審査最短60分／最短即日借り入れ	3.0
経験者も驚きの好条件･高給与	今月限定の人気求人をご紹介	3.0
業界最安専属コーチングプラン	7/31まで1万円キャッシュバック	3.0
赤ちゃんのはじめての外出行事	お宮参り撮影ならスタジオアリス	3.0
小中学生向け通信教育／東進	まもなく終了。4月入会申し込み	3.0
2月号の最終しめ切りは2/14	学び残し解消で、内申点アップ	3.0
その場でヒゲがなくなる／1000円	（締切間近）3／3まで￥500	3.0
無料で開設できるカートasp	11月版消費者金融ランキング2021	3.0
《すかいらーく》宅配専用ページ	ラーメンもお届け	3.0
自宅学習をAIがサポート	今必要なテスト対策をご提案	3.0
月あたり5,980円から	塾＋進研ゼミでニガテ克服	3.0
スマホからも楽々お手続き	4月26日12:59まで金利半額	3.0
2021年9月実施中キャンペーン	ドコモ光／ドコモユーザー必見	3.0
雑誌お店受取りで送料０円	雑誌を豊富に品揃え	3.0
【手元にお金が必要になった方】	アイフル／新規申込み専用	3.0
抽選でお買い物が実質0円	草なぎ剛さん出演CMで話題	3.0
まずはお電話で無料相談ください	シロアリ駆除ならシロアリ110番	3.0
アメリカ発/AI×パーソナルジム‎	無料体験のお申し込はこちらから	3.0
キャンペーン金利登場	安心のマイカーローンなら	3.0
アイリスオーヤマの「防災用品」	これさえ持ち出せば大丈夫	3.0
全品送料無料 は2/14まで	【15周年アニバーサリー】	3.0
公式／AGAオンラインクリニック	治療薬を用いたAGA治療	3.0
引越しの移設／相談無料	電話サポート／web受付	3.0
シリーズ初の機能性表示食品	初回限定の豪華特典付き	3.0
家財保険／お手軽な保険料	公式／明治安田生命おまもり家財	3.0
フォトウェディング＋会食プラン	ご家族・ゲストとのフォト撮影も	3.0
美・皇潤BEAUTE／公式通販	50代のクッションコンパクト	3.0
【顧客満足度No.1ダブル受賞】	ニガテを残さない学習プログラム	3.0
新しい仲間とチャレンジする復興	あなたのスキルを復興に生かせる	3.0
投資信託のインターネット直販	（マットコ）ってご存じですか	3.0
天然の「飲む健康酢」	最近やる気が出ないという人へ	3.0
比較＆手続まで無料電話サポート	【東京】電力のご利用はこちら	3.0
結婚式までに1ヶ月で痩せる	パーソナルジムでキレイな身体に	3.0
新規ご購入で翌月まで20％還元	"ｄブックなら""まるごと1冊購入"""	3.0
初めてのマンション売却でも安心	充実サポートのおうちダイレクト	3.0
CMで話題の【メンズTBC】脱毛	年間24万人が利用：半額￥500	3.0
進化型カメラで写真も動画も綺麗	Galaxy史上最高スペックスマホも	3.0
おしゃれな春の新作続々入荷	2020秋コーデを今すぐチェック。	3.0
個人指導。Winのマクロ講座	【フェリシモ】おすすめアイテム	3.0
24h限定セールやお得クーポンも	au Wowmaからリニューアル	3.0
LIXIL公式 猫壁	人にも猫にも寄り添う壁を。	3.0
大学情報【スタディサプリ進路】	【公式】スタディサプリ進路	3.0
【消費者金融】申込トップページ	審査スピードが強みの消費者金融	3.0
【公式】0・1・2歳のためのKUMON	今ならオリジナル教材プレゼント	3.0
冬やせｷｬﾝﾍﾟｰﾝ:無料体験会実施中	史上初:お試し体験0円&入会金0円	3.0
auじぶん銀行デビュー特別金利	年0.46％（税引前）金利が上乗せ	3.0
安い・早い・安心のキンライサー	サービス充実エコキュート専門店	3.0
ビデオカメラのデータ復旧お任せ	相談・見積無料	3.0
【公式】DMM株/米国株式	取引手数料が1カ月間無料	3.0
趣味・娯楽などの資金に使える	家族に内緒で融資をお考えの方	3.0
簡単なのにきちんと染まる	ヘアカラートリートメント	3.0
0・1・2歳から始めるBaby Kumon	絵本や歌で子どもの感性を豊かに	3.0
月額550円(税込)初回31日間無料	初回無料お試しで動画が見れる	3.0
お見舞金で1万円受け取れます	赤ちゃんができた	3.0
最短5分で診断完了/即日対応可能	【デジタルデータリカバリー】	3.0
ドコモ光(どこも)のご契約なら	安心の高速インターネット通信	3.0
HDD修理のご相談はお任せ	他社復旧不可｜復旧実績有り	3.0
夏得:1回無料体験＆入会金半額	女性ジム:今だけ2週間お試し体験	3.0
【公式】KARTE/カルテ	サービスの顧客体験向上に	3.0
クラウド人材管理システム	顧客満足度No.1	3.0
【WEB完結申込】郵送・来店不要	カードローン専用ページ	3.0
夏前から始める脱毛体験	ヒゲ脱毛体験半額500円：1／13迄	3.0
理屈抜きの即効鑑定	『復縁時期まで当たっていた』	3.0
不足しがちな栄養をサポート	パパニック/公式	3.0
廃車専門／どんな車もOK	他社より高く買取った実績あり	3.0
ムダ毛で悩まない肌を目指そう	公式：肌にやさしいワキ脱毛	3.0
KINTOはトヨタの新車が頭金0円	車検時に契約車と同等の車を用意	3.0
男らしいヒゲデザインへ	公式／ヒゲ脱毛半額500円SALE	3.0
年2.175％～／最大年0.7％お得	在学中はお利息のみ返済OK。	3.0
【公式】東進オンライン学校	算数・数学の申込受付は4/30まで	3.0
【遺品整理】まずはご相談下さい	着物、切手、古銭など／遺品買取	3.0
リクルート運営の転職サービス	2021年最新／転職・求人情報満載	3.0
MileagePlusセゾンカード/公式	貯めたマイルを特典航空券に交換	3.0
2021年最新版 新着物件を紹介	≪毎週更新中≫	3.0
すりへり世代の歩みをサポート	グルコサミンを超える新発想	3.0
無料で見積もり・料金比較	【価格満足度92%】おトクに依頼	3.0
事前審査のお申込みはこちら	8大疾病保障付き住宅ローンなら	3.0
男の自分磨きを応援／メンズTBC	【50%OFF】12／3まで500円	3.0
バーミヤンの宅配限定メニューも	お得なクーポンあり	3.0
小学生・中学生向け	タブレット学習を検討中の方へ	3.0
1週間限定 全品送料無料	(TIME SALE開催中)MAX70％OFF	3.0
私は払わなければいけないの？	請求された慰謝料は減額可能？	3.0
カテエネの電気とガスセット	(今だけ)ガス基本料金3ヶ月無料	3.0
CX（顧客体験）プラットフォーム	一人ひとりに合わせたCXを実現	3.0
未経験・無資格でも	【介護職特化】人材派遣サービス	3.0
1袋約1ヵ月分特別価格980円	中山雅史さんご愛用の肝油サプリ	3.0
2021年AIGLEの春コレクション	《サマーセール》MAX 50% OFF	3.0
マタニティ撮影はスタジオアリス	【先着限定】撮影料が毎日無料	3.0
【マルイウェブチャネル】	ラクチンきれいシューズはコチラ	3.0
アリナミン製薬公式/緑の習慣	ユーグレナと青汁野菜3種	3.0
月曜日だけの彼女（２巻完結）	曜日ごとに違う彼女というルール	3.0
自宅でオンライン受講が可能に	東大京大など難関大への実績多数	3.0
【アート引越】1番安い見積もり	引っ越し料金が最大50％安くなる	3.0
エグゼクティブ・スクール	社内リーダー育成	3.0
オンラインゲームのための光回線	どの時間帯も快適なプレイが可能	3.0
内側からシミに効く「医薬品」	【初回限定】約54%OFF	3.0
【まもなく終了】半額セール	6／15まで：もうすぐ締切	3.0
日本トップクラスの豊富な品揃え	サンワサプライ直営店	3.0
（締切間近）2／3まで500円	メンズTBC公式：ヒゲ脱毛半額	3.0
受講料は【無料】	週1回・6回で着付けが身につく	3.0
【主婦・女性大歓迎】しゅふJOB	しゅふJOB／求人多数掲載中	3.0
お得なオフィスホワイトニング	ついに新宿にも新店オープン	3.0
5日分お試しセット1,000円＋税	新発売ホワイトジェリーも試せる	3.0
費用シミュレーション	100万円以上お得になることも	3.0
大人の女性に向けた 新ブランド	送料無料多数／最短即日発送	3.0
スクールに通わず自宅で学習可能	リクルートの英会話学習アプリ	3.0
【公式】ゲッタース飯田の占い	あの芸能人の結婚を予言し的中？	3.0
4色セットのアイシャドウ	エスト ALL ITEMS／アイシャドウ	3.0
【今だけ全品送料無料】	【2021秋冬コレクション】	3.0
お試し価格で予約するならコチラ	ワキ脱毛】91％オフ1,000円	3.0
DMMビットコイン/ネム取引	現物3種、レバレッジ11種で取引	3.0
中学3年間の学習範囲を完全網羅	中学9教科＋リスニングを1台に	3.0
愛犬と一緒に泊まれるホテル	ワンちゃんと思い出作りませんか	3.0
自宅や外出中でも振込融資可能	原則、在籍確認なしネットローン	3.0
（締切間近）7／13まで50％OFF	《12／15まで》今がお得	3.0
最低価格48.8万円から	現在の中古クラウンの在庫932台	3.0
2021 SUMMER COLLECTION	2021年新作続々入荷。	3.0
月々分割4,000円～	パーソナルジム/完全個室	3.0
《本日最終日》ヒゲ脱毛￥500	肌がキレイになって自信が持てた	3.0
外注するより簡単/Video BRAIN	AIサポートで作る簡単動画作成	3.0
今だけ半額キャンペーン中	〈500円〉セール11／16まで	3.0
担保、保証人不要でお借入れ可能	最大500万円、最長10年。	3.0
ワキのムダ毛はもう気にしない	（締切間近）3／2まで500円	3.0
対象コースが最大3万円割引	春の早割キャンペーン第2弾	3.0
3LDK／2,900万円台～	3LDK中心の全57邸	3.0
個人指導。WinのExcel講座	MOSスペシャリスト対策	3.0
無料招待申込受付／まもなく終了	14日間お試し入会／本日が最終日	3.0
借金返済の取立てストップも可能	自己破産で支払い義務が免除	3.0
英語・数学を楽しく学ぶ通信教育	東進オンライン学校中学部／公式	3.0
24時間ATM入出金手数料0円	他行宛振込手数料最大月5回0円	3.0
3LDK月々返済6万円台～	北上市の新築分譲マンション	3.0
おうち時間で自動車保険の見直し	保険料は走った分だけ	3.0
ビットコイン/bitcoinはLiquid	安心の暗号資産(仮想通貨)取引所	3.0
今だけ10秒ｱﾝｹｰﾄ回答で5回も無料	今だけ2週間無料お試し体験	3.0
TBCの脱毛なら効果をすぐに実感	間違ったケアは肌荒れの原因に	3.0
業界大手、圧倒的な実績社数	【50％OFF】期間限定3／2まで	3.0
100000話以上の人気漫画が読める	"女性におすすめ""￥０""連載まんが"	3.0
レア度の高い病院求人を紹介	年収550万／定時17時・残業なし	3.0
現在の中古プリウスの在庫2115台	最低価格33.8万円から	3.0
石鹸ひとつで美しい髪と頭皮へ	未来の髪を作るスカルプケア	3.0
最短当日出荷のPC通販／ドスパラ	100％国内生産&24h365日サポート	3.0
国内最大級の転職サイト	総合転職サイト／マイナビ転職	3.0
気になる部位から始められる脱毛	エピレなら490円で脱毛できる	3.0
気力が1日持たない方へ	女性におすすめすっぽんサプリ	3.0
【10/24開催】マイナビWEB EXPO	全国の優良企業が多数出展の合説	3.0
今なら【お試し体験】500円	毎日のケア、もっとラクしよう	3.0
【加湿機能】搭載モデルが新登場	３つの技術でスピード除菌	3.0
冬キャン：1回無料＆入会金半額	今なら1ヶ月無料体験し放題	3.0
アパート経営のシノケン【公式】	少ない頭金で始めるアパート経営	3.0
今だけ半額キャンペーン開催中	《全国130店舗》駅チカも多数	3.0
あなたの暮らしをお得に・便利に	安心のネットショップはアイリス	3.0
バランスよく栄養補給できる青汁	毎日ゴクゴク飲めるはちみつ青汁	3.0
3ヶ月通い放題が月々2970円	女性専用ホットヨガ／公式ロイブ	3.0
公式：要らないヒゲだけなくせる	ヒゲ脱毛半額】￥500セール	3.0
【公式】FODプレミアム	僕のいた時間／初回2週間無料	3.0
【ワキ脱毛】冬から始めよう	91％オフ《初回》1,000円	3.0
人気の製品に今すぐ資料請求	複数企業の製品をまとめて比較	3.0
快眠を超える、脳眠。	【公式】ブレインスリープ／布団	3.0
【SEASONAL SALE】Max 50%OFF	公式 AIGLEオンラインストア	3.0
どこから見られても安心の素肌へ	脱毛始めるなら、今年中に	3.0
2月無料体験学習受付中	「今」こそ自学自習の習慣を	3.0
東海道新幹線がお得に乗れる	のぞみ号の指定席をカンタン予約	3.0
ヒゲ脱毛体験《500円》1／13迄	ある男が第一印象UPできた秘密	3.0
SNSでも話題のトライアルセット	スキンケア感覚のミネラルコスメ	3.0
かんたん検索でプロを一覧比較	浴室のヌメリ,水垢を徹底洗浄	3.0
1週間分700mlが500円で試せる	通販生活の乳酸菌飲料・毎日千億	3.0
きれいな水が定額飲み放題	水道直結だからボトル交換不要	3.0
来院なし。診察料0。お薬代のみ	来院不要で最短配送。24時間予約	3.0
サクッと簡単【無料お見積もり】	イーデザイン損保【公式】	3.0
今なら2週間の無料お試し受付中	子どもの知的好奇心を育む教材	3.0
くもん出版のおもちゃで遊ぼう	【公式】知育玩具	3.0
3STEPで動画制作／カスタム自由	外注不要で動画作り放題	3.0
イオン銀行のNISA（ニーサ）	ネットでかんたん口座開設	3.0
大手ゲーム会社の求人多数	(経験者限定)ゲーム業界の転職	3.0
30日間限定「はじメル祭」開催中	招待すると必ず1,000ポイント	3.0
Fire TV StickでdTV動画を視聴OK	動画作品まとめてイッキ見	3.0
進研ゼミ 中二講座／ベネッセ	6月号のおすすめ締切日は6/5	3.0
おトクな来店特典もお見逃しなく	スマホの料金プランご相談受付中	3.0
24時間WEB受付	銀行ローンだから安心	3.0
カネボウの通販／全品送料無料	KANEBOサンプルプレゼント	3.0
(締切間近)12／27まで500円	ヒゲ剃り・荒れた肌にさよならへ	3.0
新規申込み窓口	来店不要で申込み	3.0
【公式】DMM株/米国株式	取引手数料が初月無料	3.0
1日6分でみるみる脂肪が燃える	50歳からの代謝ｱｯﾌﾟおうちﾌｨｯﾄﾈｽ	3.0
ハリアー 月々定額13100円から	現在の中古ハリアーの在庫969台	3.0
資格取得ならTACのオンライン	行政書士試験の最新傾向を反映	3.0
dTVで動画作品をイッキ見しよう	1話無料で視聴できる動画も配信	3.0
（2022年）お得に脱毛するなら今	【2021年】おすすめのワキ脱毛	3.0
式場探しなら【ゼクシィ】	無料試食会や試着会の情報充実	3.0
【締切迫る】7／5まで500円	ヒゲ脱毛体験コース《500円》	3.0
プラン変更時の中途解約金0円	キントならWEBで一括契約が可能	3.0
【公式サイト】キント／レクサス	トヨタのレクサスが頭金なし	3.0
最短1か月でリリース可能	継続率99％／導入実績450社以上	3.0
法人向けの電力で一番安いのは？	安定の供給量で安心の電力を紹介	3.0
会議・授業・動画もサクサク	自宅でネットが繋がらない	3.0
トリートメント級の白髪ケア	ルプルプを購入	3.0
小学校入学前のタブレット学習は	比べればだんぜんスマイルゼミ	3.0
ゴリラクリニック【公式】	初めてでも安心、痛みがない施術	3.0
「ヒゲ、いらない」を叶える	【スーパー脱毛】メンズTBC	3.0
中国・四国の優良企業が出展	【10/30開催】マイナビWEB EXPO	3.0
埼玉でお手頃な中古車を買うなら	あんしん信頼のトヨタ品質	3.0
全国26万人の小中学生が受講	PC・スマホ・タブレットで学ぼう	3.0
プロ向け商材を卸価格で提供	松風／まつげエクステ商材	3.0
【公式】レベルアップ／LeveL Up	運動も勉強も頑張る子どもに	3.0
環境にも優しい	暖房の電気代が気になるあなたに	3.0
TBCプロデュースの脱毛サロン	4/8までのお得なセール実施中	3.0
渡部篤郎・飯豊まりえW主演作	野島伸司脚本の話題作	3.0
【新学年】生徒募集中	まずはお近くのKUMONの教室へ	3.0
【本日最終日】半額：500円	今だけ限定：冬のスペシャルSALE	3.0
公式特典:入会金大幅割引ｷｬﾝﾍﾟｰﾝ	2大特典:無料体験&筋肉量ﾁｪｯｸ	3.0
公式特典:無料体験＆入会金半額	秋ｷｬﾝ:今だけ1ｹ月も無料通い放題	3.0
HV含め20以上の車種に対応	停電時も約4.5日分電気を使える	3.0
女性の片付け専門家が訪問	片付けが苦手には理由があります	3.0
これからローンをご検討の方へ	2022 オリコン顧客満足度(R)No.1	3.0
Baby Kumonで親子の時間を豊かに	お近くの教室はこちら	3.0
産直だより限定/送料無料	沖縄マンゴーたっぷりお届け	3.0
Baby Kumon／お近くの教室を検索	「自分で考える力」を育もう	3.0
夏前から始めるヒゲ脱毛体験	新春SALE：1／31まで500円	3.0
受賞スキンケア商品はこちら	バリア機能を高めるセラミド保湿	3.0
【給付金の請求期限を確認】	B型肝炎訴訟 相談は何度でも無料	3.0
【公式】富士フイルム化粧品	期間限定／UV下地増量プレゼント	3.0
静岡の求人情報が見つかる	リクナビNEXT	3.0
【今だけ期間限定】12／27まで	ヒゲや肌の悩みとサヨナラへ	3.0
《公式》TBCの終わりのある脱毛	脱毛、迷ったらTBCへ	3.0
おうち・スキマ時間に韓ドラ視聴	超人気歴史ドラマ／全54話配信中	3.0
【公式】ビザスク	調査時間やコストを大幅に削減	3.0
新幹線チケットの予約はこちら	お申し込みサイト	3.0
災害時に備えるマイホーム	東京電力グループ系列だから安心	3.0
脱毛人気ランキング／1位はワキ	【1回8分】エピレのワキ脱毛	3.0
生年月日で分かる「復縁占い」	もう一度ヨリを戻せる可能性は？	3.0
22卒おすすめの企業特集	エンジニア学生限定の就職支援	3.0
2022初SALE：ワキ脱毛50％OFF	〈500円〉セール12／15まで	3.0
(公式)AGAオンラインクリニック	1500円/月ではじめられるAGA治療	3.0
12月号の特典つき締切日は11/14	中2で成績が伸び悩む原因とは	3.0
小児用マウスピースで歯並び改善	子供向けの新しい治療法	3.0
【公式サイト】ポケットマルシェ	農家や漁師から直接購入	3.0
月々4,000円～のパーソナルジム	パーソナルジムで健康改善	3.0
ハリ肌高機能ゲル／ベスコス受賞	それマスクゆるみ肌かも	3.0
【2022年】500円は1／31まで	ヒゲ脱毛、迷ったらメンズTBCへ	3.0
苦手分野だけ集中対策できる締切	10月号のオススメ締切は10/3	3.0
メンズTBCのスーパー脱毛	ヒゲ脱毛：WEB予約はコチラから	3.0
お部屋のニオイを速攻消臭	ファブリーズミストラル	3.0
4月15日まで最大2万円割引	春割キャンペーン開催中	3.0
生活費・趣味など利用用途は自由	職場に連絡なしでお金を借りたい	3.0
とろけるクレンジングでお肌ケア	スパ感覚の高保湿クレンジング	3.0
うるさらX／ダイキン	換気+加湿と暖房ができる／公式	3.0
サンプルつき情報誌をプレゼント	妊娠9週の全員に無料プレゼント	3.0
2つのチキンがジョナサンに誕生	テイクアウトメニューはこちら	3.0
話題のドラマ化作品を読むなら	＜10話無料＞毎日無料連載実施中	3.0
新規申し込みでＷ特典プレゼント	ドコモのWiFi／新規申し込み	3.0
24時間365日お申込み可能	急な出費でお困りの方へ	3.0
厳選したオススメ5社を比較	平均15,000円でプロに依頼できる	3.0
女性のキャリアチェンジを応援	簡単応募／今すぐ無料体験可能	3.0
最大90％OFF 夏フェスタ	口コミで人気の商品が勢ぞろい	3.0
新作アニメ～名作まで視聴しよう	全話イッキ見／初回無料お試し	3.0
家族で運転について話し合う前に	高齢者講習を控えている方へ	3.0
圧倒的低価格と高品質な個別指導	価格に自信あり／入会費用0円	3.0
おうちでできる、Baby Kumon	月1回の面談/親子で楽しめる教材	3.0
1回で満足。本格ホワイトニング	お得なオフィスホワイトニング	3.0
TBCは全国に130店舗：駅チカ多数	脱毛】ムダ毛のないキレイな肌へ	3.0
お子さまから大人まで幅広く撮影	ご予約・店舗検索はこちらから	3.0
月間来院数2300人以上の審美歯科	本格的ホワイトニングをお得に	3.0
最高のコンテンツをつくろう	Cygamesに直応募可能	3.0
家族や友人だけの感動的な結婚式	挙式とフォトWがセットでお得	3.0
シャープの大型テレビが大特価	憧れの大型テレビを厳選紹介	3.0
残業なしの求人も掲載中	リクナビNEXT限定求人が約85%	3.0
auユーザー限定でお得ながん保険	ニーズに合わせてタイプが選べる	3.0
全室スイート＆オーシャンビュー	ヴィラージュ伊豆高原／公式	3.0
女優かとうかず子さん(６３)愛用	熊本の質の高いヒノヒカリを使用	3.0
今年最初のヒゲ脱毛50％オフSALE	「男性もケアする時代」	3.0
自宅学習で2学期先取り準備	6月号のオススメ締切は5/23	3.0
おしゃれなアイテムいろいろ	収納から調理器具、食器まで	3.0
【今日中】にお金を借りるなら	〈土日祝〉キャッシングはこちら	3.0
４日前後でスピード配送	8月号のオススメ締切は7/16	3.0
欲しいタイプの靴がすぐ見つかる	主にレディース靴の専門店です	3.0
【公式】ハミングバード	まずは無料体験	3.0
BODならテレ東経済番組が見放題	【おうち時間応援キャンペーン】	3.0
《5日間限定》LAST SUMMER SALE	《FW20 SALE 開催中 》	3.0
当日ご注文で最短当日お届け	ネットスーパー	3.0
乳酸菌が仲間に入って新登場	スーパーフードをまるごと濃縮	3.0
公式／脱毛するなら今がお得	490円から気軽に脱毛できる	3.0
短期でも長期でも入会費無料	圧倒的低価格と高品質な個別指導	3.0
セカンド洗面始めてみませんか？	どこでも、ふれずに手洗い習慣	3.0
あなたに最適な保険をご提案	がん、医療保険を一括で資料請求	3.0
時給1,500円～/評価で更に時給UP	最高水準の高時給／選べる給料日	3.0
浄水器のカートリッジ販売サイト	カートリッジの定期購入がお得	3.0
小林製薬の男のためのW成分	生涯現役でいたい…	3.0
全9チャンネルが楽しめる	4Kでしか味わえない感動を	3.0
ムダ毛に悩む女性のための脱毛	うっとり美肌へ【エピレ】	3.0
社会人になり車が必要になった方	自動車ローンの特徴を徹底比較	3.0
自宅でサロン品質のヘアカラー	カスタマイズ処方で傷みにくい	3.0
室内ドア／最短1日から完了	最低7万円～／簡単リフォーム	3.0
《2022初SALE》脱毛50％OFF	【12／15まで】脱毛半額500円	3.0
【無料試し読み】漫画10万話以上	めちゃコミ【公式】	3.0
小林製薬のこだわり活力サプリ	小林製薬自慢のエディケアEX	3.0
無料で本格ECサイトを作成／BASE	簡単にオンラインショップ開設	3.0
シンプルでわかりやすい保険	"もっと""フィット""できるがん保険"	3.0
他社違約金全額還元で安心	10ギガメニューで超高速	3.0
導入企業・事例はこちらから	【公式】KARTE for App／カルテ	3.0
女性のためのキャリアスクール	抽選で受講料最大＜16万円OFF＞	3.0
【2021年最新版】戸建て情報	【SUUMO】東京都の新築戸建	3.0
レベルアップ／LeveL Up	94%の医師がお勧めしたい	3.0
キッチン／最短1日から完了	最低19万円～／簡単リフォーム	3.0
お手頃で安心のがん保険はこちら	メディケア生命のがん保険／公式	3.0
冬のスペシャルセール開催中	《50％OFF》期間限定1／18まで	3.0
高時給.土日休み.保険完備	希望条件にあったお仕事をご提案	3.0
夏の共通テスト対策教材は7/25迄	先輩の合格体験記を公開	3.0
＜1／13まで＞半額キャンペーン	ヒゲや肌の悩みとサヨナラへ	3.0
【最大90％オフ】毎週更新	SALE商品多数/ファッション通販	3.0
(Kastane)が最大70%OFF	リニューアル記念	3.0
イーデザイン損保の自動車保険	更新手続きはこちらから	3.0
ネットで簡単テイクアウト	美味しさ抜群のフライドチキン	3.0
経験や資格は必要ありません	公文書写の先生になりませんか	3.0
追加受講費0円で入学準備	入会特典をフルセットでお届け	3.0
専門家が忠告／自己復旧の危険性	その症状復旧できます	3.0
正しい情報を無料で自宅にお届け	つわりの方全員に無料プレゼント	3.0
PEO正社員募集 月収例39万円可	月収例39万円可 社宅費実質無料	3.0
所属スタイリストの宣伝にも	【公式】ヤフービューティー	3.0
ファミュのベストセラーオイル	【100％天然由来の優雅な香り】	3.0
Omiaiで素敵な恋をしよう/R18	毎日、素敵なカップルが誕生/R18	3.0
薬剤師のための転職・求人サイト	転職時期が未定の方も歓迎	3.0
安心料金の税理士をご紹介	アナタに最適な税理士とは？	3.0
14日間お試し入会／本日が最終日	受講生・父母の皆さまから大好評	3.0
ご相談件数29万件超	どんなhddの症状もまずは相談を	3.0
10/1(金)19時オンラインセミナー	無料オンラインセミナー開催中	3.0
ビジネスローンの審査はこちら	来店不要でお借入れ・ご返済	3.0
今なら数学無料／英語が新登場	【お申込み後すぐに受講が可能】	3.0
トヨタ公式サイト	大人気のラインアップをご紹介	3.0
価格満足度＆ご利用シェア第1位	シロアリ駆除費用／相場の約半額	3.0
不動産AIによる正確な査定が可能	【安心感】お客様満足度92.8％	3.0
《2022年春の新作コレクション》	ワニのマークで有名なブランド	3.0
「100切り」が目標のあなたに	全米No.1 『ゴルフテック』	3.0
メンズTBC：3／3まで	男も脱毛する時代	3.0
WINTER MUST BUY	6月の最新コレクション	3.0
完全個室ジムで密を回避	【公式HP】24/7ワークアウト	3.0
全国４７都道府県対応可能	３６５日営業／まずはお電話を	3.0
サッとひと塗り瞬間シミ隠し	１品７役多機能ファンデーション	3.0
セットアップ-レディース	DHOLICのセットアップ	3.0
初めての株式投資ならPayPay証券	日米企業の株が同時購入可能。	3.0
セカンド洗面満足度98％	ふれずに手洗い	3.0
60秒登録で最新求人をチェック	【1～4月新着】介護職の求人	3.0
見られてます、その青ヒゲ	男の自分磨きを応援／メンズTBC	3.0
2020年最新人気ランキング	最もお得なシニア保険はどれ？	3.0
ネット通販ならauPAYマーケット	約4,000万点取り扱い	3.0
スッキリしたい方へ	継続率93%／中高年から注文殺到	3.0
動画を観るならTSUTAYA DISCAS	店舗に行く必要なし	3.0
仮面ライダー 100作品以上配信中	dTVで仮面ライダーを楽しもう	3.0
ヒゲにお悩みの方必見	モテる男になる秘訣	3.0
８月号のオススメ締切日は7/18	特別授業つき6月号締切は5/30	3.0
特別な購入キャンペーン実施中	ＴＶをご覧の方の専用購入ページ	3.0
届いたら電源を入れるだけでOK	シェアNo1／万全のサポート体制	3.0
KUMON(くもん)／5月無料体験学習	「自ら学ぶ力」を身につけよう	3.0
社内リーダー育成	GESオンライン校	3.0
最新ローンランキング2021年8月	誰にもバレずに借りるならコチラ	3.0
30日間お試し無料聴き放題	公式/オーディオブック.jp	3.0
4月から中3生のかたへ	ニガテ解消で受験生好スタート	3.0
30代以上の女性が初恋を思い出す	笑いあり涙あり、ザ・少女まんが	3.0
転勤なし／高率歩合給／高年収	大手ディベロッパーの営業職	3.0
カートリッジの定期購入がお得	カートリッジ交換をお考えの方	3.0
ホイールの購入はこちらから	AUTOWAY【公式】	3.0
決算セールファイナル開催中	高速起動・ホームモバイルPC	3.0
ベネッセのオンライン習い事	【4/20まで】5月生の最終締切	3.0
《締切間近》2／2まで500円	【2021年】おすすめのワキ脱毛	3.0
自宅でできる、ベビークモン	0-2歳、「学びの土台」づくりを	3.0
公式／明治安田生命じぶんの積立	月々5,000円から積み立て可能	3.0
EFFORTLESS SUMMER	人気コーディネートプレゼント	3.0
長期滞在するツアーもご紹介	担当者いちおしツアーを掲載	3.0
1日約99円から／3ヶ月通い放題	60分ホットヨガ体験0円	3.0
選べるBaby Kumonタイム	次回の無料お試しをご案内	3.0
【今すぐ】WEBで申込みOK	ご融資をお急ぎの方にもすぐ対応	3.0
(公式)デジタルデータリカバリー	11年連続データ復旧国内売上No.1	3.0
公式：お早めのご予約がおすすめ	女性編集者が脱毛の感想を公開	3.0
脱毛始めるなら【メンズTBC】	男磨きの夏へ：ヒゲ脱毛1,000円	3.0
冬インターンシップに参加しよう	12月の就活準備ならリクナビ2023	3.0
ご紹介の商品はこちら	≪おしゃれなドレッサー≫2021冬	3.0
≪無料≫資料請求はコチラから	介護の実態に合わせて保障	3.0
【全国】大学・専門学校を探す	進学情報【スタディサプリ進路】	3.0
緊急時や夜間でも24ｈ電話 受付	【緊急】データ復旧をお求めの方	3.0
前職の年収を超える、転職求人	リクルート運営の安心転職サイト	3.0
おすすめは0円のWi-Fiルーター	月間容量無制限がおすすめ/WiMAX	3.0
お得なクーポンあり	バーミヤンの宅配限定メニューも	3.0
公式ファンクラブa-i会員限定	来場、配信チケット申込受付中	3.0
今ならワンピース15％OFF	新規会員 配送料 0円	3.0
新作トレンドアイテム続々入荷中	期間限定の送料無料実施中	3.0
水にサッと溶かして飲むだけ	美味しさに自信／リピート率97%	3.0
すぐに効果を実感したい女性必見	間違ったケアは肌荒れの原因に	3.0
2日以内に無料見積もりをお届け	写真を撮るだけでかんたん依頼	3.0
【無料コミック】10万話以上配信	胸キュン少女コミックが充実	3.0
価格そのまま【洗顔料1.5倍に】	3ステップでニキビを根本ケア	3.0
ブレインスリープピロー	より速く、深く脳が眠る枕	3.0
日曜日も診療/新宿駅徒歩3分	手術のご相談 検査は無料です	3.0
無料体験レッスン受付中	ビジネス経験のあるトレーナー陣	3.0
両ワキ1回 約8分	"自信が持てる""美ワキに"""	3.0
特典付きアンケート／今すぐ回答	6日間お試し540円	3.0
2022年 New Collection	メンズ／レディース商品続々入荷	3.0
即日面接可 月収30万円以上も	20代から50代の男女活躍中	3.0
現在の中古クラウンの在庫784台	最低価格41.8万円から	3.0
店舗向けのLINE自動化ツール	店舗の来店率を3倍に	3.0
補助金対象になるのは3月末まで	定期的な掃除もコスト削減できる	3.0
ご利用時の書面契約は一切不要	【公式】Hamic POCKET(はみっく)	3.0
最短即日発送で当日利用可能	お得な初期費用割引キャンペーン	3.0
未経験からIT業界へ転職する方法	年収を上げる方法	3.0
【12/27で最後】実力診断テスト	【1/16まで】最終締切日迫る	3.0
無料レンタルサービスも	《お宮参りナビ》をチェック	3.0
パパニック/公式	NEW 男性用妊活サプリ	3.0
48時間以内に見積もりが届く	ブランド品も無料で見積もり	3.0
体験受講（全3回）は予約不要	公務員を目指すならTAC	3.0
【男性必見】やっぱりメンズTBC	【今だけ半額】50%OFF：10／5迄	3.0
波瑠月9初主演/【公式】FOD	夜の病院で戦う5人の医師	3.0
シューッとひと吹き、喉しっとり	超音波振動子による超微細ミスト	3.0
【22卒】6月に内定を獲得できる	【公式】レバテックルーキー	3.0
従業員エクスペリエンスクラウド	エンゲージメント向上	3.0
資料請求は《スタディサプリ》で	今すぐ簡単パンフレット申し込み	3.0
清潔な衣装をご用意	衣装は何着来ても無料	3.0
「ガス基本料金が3か月間無料」	カテエネ×引越し＝簡単一括手続	3.0
クレカ・電子マネー決済対応端末	業界最安水準の手数料＋故障保証	3.0
アンテナ工事ならアンテナ110番	テレビが映らない受信トラブルに	3.0
スカイプでオンライン英会話	初めても安心、ビジネスに強い	3.0
〈締切間近〉3／23まで500円	脱毛するなら今／秋から始めよう	3.0
【駐車場付き／一戸建て】	【最新】おすすめ新着物件多数	3.0
オススメ度98%／高評価のワケ	バイオポリリン酸はやっぱり凄い	3.0
男も脱毛する時代	メンズTBC：1／13まで	3.0
【トヨタ公式】中古車おすすめ	大阪で中古車をお探しならこちら	3.0
ビジネスファイナンス【公式】	公式サイト／原則無担保・無保証	3.0
Wi-Fiで迷っている方必見	自宅でWiFiが使い放題	3.0
初回無料おためし／誰でも登録OK	docomoが提供する動画サービス	3.0
ワキの処理、油断してない？	1回両ワキ約8分	3.0
夏前から始めるヒゲ脱毛体験	ヒゲにお悩みの方必見	3.0
早期の高値売却をサポート	6000社超の業者から紹介先を選定	3.0
呪術廻戦など人気コミックも充実	【無料コミック】10万話以上	3.0
高性能潤滑剤 LPS1(公式)	高性能潤滑剤 LPS1／ミスミ	3.0
お中元特集2022	お世話になった方へ感謝を込めて	3.0
初めての脇脱毛はTBCで決まり	【ワキ脱毛】半額500円／TBC公式	3.0
6月号のおすすめ締切日は5/29	4月から中3生のかたへ	3.0
お客様の声から生まれたサプリ	ミツバチ産品の専門家がお届け	3.0
人気の女性漫画を全話イッキ読み	めちゃコミで独占先行配信中	3.0
選ばれて保有契約100万件突破	安心の保障内容なら	3.0
多くの学生がリクナビを使用	はじめての新卒採用でも安心	3.0
目覚めろ、Cのツヤ肌	ドクターシーラボ公式	3.0
じっくり試せる/5回無料チケット	秋得:入会金無料キャンペーン	3.0
カード1枚でスマートな生活を	イオンでのお買い物がおトク	3.0
ハーバーのスクワランオイル	初回限定で特別価格1,430円	3.0
ライブ配信で簡単オンライン販売	【初期費用０円】ライブコマース	3.0
今なら無料で体験できます	この機に新しいスキルを	3.0
法人向け動画編集ツール	素材入稿だけで動画が完成	3.0
保険料は月々511円から/30歳女性	シンプルでわかりやすい保障内容	3.0
現在の中古プリウスの在庫2840台	最低価格38万円から	3.0
国内株・米国株対応の取引ツール	口座開設はこちらから	3.0
【先着限定】撮影料いつでも無料	マタニティ撮影はスタジオアリス	3.0
呪術廻戦など人気コミックも充実	おうち時間にコミックイッキ読み	3.0
アイフルなら急な出費に対応可能	アイフル／趣味の軍資金の足しに	3.0
最適なローンをお探しの方に	第三銀行でローン借り入れ	3.0
申込みトップページ	金利・融資可能額の確認はこちら	3.0
お試し体験：2/28(日)まで	MEN´S KIREIMO【公式HP】	3.0
全商品共通で安心のフル装備	ローコストハウスメーカーNo.1	3.0
内臓脂肪/BMIを減らすのを助ける	【2022年】コスパ最強のサプリ	3.0
【住みたい駅やエリア】から探す	スマホでCHINTAI	3.0
低価格高品質のマンツーマン指導	全学年・全教科対応のニガテ対策	3.0
両ワキ1回 約8分	ワキだけ脱毛：公式エピレ	3.0
第一志望合格を目指すなら	高品質な授業とテキスト	3.0
ヒゲ脱毛体験500円：1／13まで	ヒゲ脱毛で好感度アップ	3.0
WEBで完結／ネット完結ローン	2022 オリコン顧客満足度(R)No.1	3.0
全自動コーヒーマシン	マグニフィカS スマート 新登場	3.0
がん保険ビリーブ／公式サイト	あなたとがんの治療に向き合う	3.0
通い続けなくていい脱毛とは？	【公式】脱毛が初回限定価格	3.0
「はずかしい」が「うれしい」に	たまには親子一緒にお勉強	3.0
1日6分でお腹ｽｯｷﾘ 2週間おためし	1日6分で脂肪が燃える秘密を公開	3.0
現在の中古プリウスの在庫2411台	最低価格34.8万円から	3.0
ジュエリー-レディース	DHOLICのジュエリー	3.0
ゴールデンウィークは送料無料	人気の秋アイテム多数取り揃え	3.0
月間300万人が利用	掲載施設数No.1	3.0
データ復旧サービスなら/公式DDR	全国４７都道府県対応	3.0
サラッと快適な寝心地	徹底的に良いものだけを厳選	3.0
最低価格53.8万円から	中古アルファードの在庫829台	3.0
シャドウバースPC版	PCカードゲームの王道	3.0
大人気の丸メガネも豊富な品揃え	送料無料／レンズダイレクト	3.0
税負担の軽減は税の専門家に相談	税理士ドットコム公式サイト	3.0
TVで紹介された、疲労対策法	【公式】第一三共ヘルスケア開発	3.0
U-NEXTとスマホ代をまとめてお得	U-NEXTご利用中の方にお得な特典	3.0
【初回限定】約54%OFF	第一三共開発シミに効く医薬品	3.0
様々な方法で人材にアプローチ可	求める人材に出会える	3.0
本格スピリチュアル鑑定師	生年月日不要の本格鑑定	3.0
EFFORTLESS SUMMER	一枚で着映えするトップス	3.0
【公式通販】お試しはコチラから	初めての方にもお得な定期コース	3.0
松風／まつげエクステ商材	プロ向け商材を卸価格で提供	3.0
税理士に決算のみ依頼したい	好評で安い税理士を無料でご紹介	3.0
金利・融資可能額の確認はこちら	累計15万口座以上の契約実績	3.0
大手町駅近のゴルフレッスンなら	最新のレッスンでスコア改善	3.0
【クッション封筒】最安11円から	ダンボールワン公式通販	3.0
新規申込みはコチラ	アイフル／最適な融資をご案内	3.0
自宅で安心、完全オンライン授業	全国26万人の小中学生が受講	3.0
今すぐオンライン相談	来店予約はこちら	3.0
スマホケースをお探しなら	スマホのアクセサリーの通信販売	3.0
ムダ毛で悩まない肌を目指そう	45年の実績を持つTBCでワキ脱毛	3.0
早く届けて、500円お得	お母さんに贈りたい特別なギフト	3.0
モバイルTカードスタート	導入記念キャンペーン	3.0
生涯現役でいたい…	製薬会社の本気の結晶	3.0
男らしいヒゲデザインへ	今すぐ始めよう【ヒゲ脱毛】	3.0
年会費永年無料	最短5分で発行完了	3.0
作業内容の提案・お見積りが無料	お家をそのままスマートホーム化	3.0
【求人】地域・駅／路線から探す	【急募】主婦向けパート・バイト	3.0
Lacoste × MINECRAFT	期間限定。10％OFFキャンペーン	3.0
公式／美肌脱毛サロン	TBCプロデュース【エピレ】	3.0
LPガスのりかえ特典実施中	鳥取ガス enetopia	3.0
【元祖もろみ酢】元気なカラダに	必須アミノ酸全９種が摂れる	3.0
無料診断実施中／ご相談ください	各種メーカー・型番に対応	3.0
プチプラ優秀シートマスク充実	韓国のシートマスクならこちら	3.0
複合機リース費でお悩みの方必見	テレワーク中の印刷でお困りなら	3.0
お得な割引商品は最大40％OFF	ご予算に合わせて贈り物を検索	3.0
夏の無料体験学習受付中	一人ひとりにあわせた学習を	3.0
365日来店不要オンライン相談	24時間ATM入出金手数料0円	3.0
電気代もガス代もポイントたまる	ｄカードでお得なキャンペーン	3.0
稲垣吾郎CM放映中	運用から分析までご提供	3.0
ニガテを点に変えて90点突破	2月号のオススメ締切日は2/13	3.0
企業向けSNS分析ツール	公式／Insight BRAIN	3.0
安心2大キャンペーンは4/26まで	12月号のオススメ締切日は12/12	3.0
ジムより燃えるホットヨガ	ホットヨガまずは0円体験ﾚｯｽﾝ	3.0
公式：進研ゼミ高1講座	春から高1生の方へ	3.0
いつでもどこでも安心／防犯対策	MANOMA／お試し防犯セット登場	3.0
債務整理の相談はアディーレ	弁護士が借金の減額交渉	3.0
リクルートのビジネス英語学習	公式／スタディサプリENGLISH	3.0
カルシウムを効率良く摂りたい方	あなたの毎日をアクティブに	3.0
【公式】KINTO／キント サブスク	キントはご契約時の頭金が０円	3.0
今なら1ヶ月無料体験し放題	お腹の脂肪ｽｯｷﾘ 2週間おためし	3.0
無料お試しの受付開始は4/15	絵本選びに困ったらBaby Kumon	3.0
妊娠22週までの妊婦さん限定	お見舞金1万円受け取れます	3.0
【公式】秀光ビルド	税込み900万円からの家づくり	3.0
まずは返済シミュレーション	8大疾病保障付き住宅ローンなら	3.0
2021秋冬コレクションが入荷中	《 MORE SALE 開催中 》	3.0
分譲住宅も、注文住宅も。	人気エリアの分譲実績多数。	3.0
最大7,000円相当プレゼント	ヤフーカード / 年会費永年無料	3.0
春から始める脱毛体験	500円SALE 求められるのは清潔感	3.0
SPOOX EXの厳選作品	お好きなチャンネルが選べます	3.0
100万円以上お得になることも	費用シミュレーション	3.0
1月号のオススメ締切日は11/4	進研ゼミ高1講座 4月号受付中	3.0
10月の転職は今から準備	ここだけの限定求人が約 80％	3.0
2022年／結婚式会場の空き状況	式場費用のご確認はコチラ	3.0
気軽におためし見守り防犯カメラ	いつでもどこでもスマホで見守り	3.0
ストレス社会で生きる現代人に	NMN１杯100mg配合	3.0
返却すればタブレット0円	他のタブレット学習との違いは？	3.0
15万口座以上の契約実績	【2021】法人・個人向けローン	3.0
からだにユーグレナ	スーパーフードをまるごと濃縮	3.0
BEST STRETCH PANT	Theory WOMEN(レディース)	3.0
周囲にバレずに給付金請求	給付金請求の【無料相談窓口】	3.0
トヨタの新車が月々定額で	キントはご契約時の頭金が不要	3.0
アイフルのキャッシングローン	プライバシー厳守／利用用途自由	3.0
面接対策までお任せください	圧倒的合格実績で選ぶならTAC	3.0
毎月最大5万円が当たる	キャンペーン実施中	3.0
NISAの売買手数料が無料	最短当日でNISAが始められる	3.0
【公式】税理士ドットコム	利用者実績No1の税理士紹介	3.0
いつでもどこでもすぐ始められる	おうちでくもん出版のドリルを	3.0
料金や費用を比べて選べる	プロ仕様の道具で根こそぎキレイ	3.0
人気ノートパソコン	期間限定SALE開催中	3.0
新規お申込み専用ページ	審査が早い借入れ先はどこ？	3.0
活動を応援しよう	Da-iCE ファンミツアーお土産付	3.0
肌は美しく、心は上向きに。	【天然由来100％のUVクリーム】	3.0
《TBC》初回限定キャンペーン	【公式】TBCの脱毛が1,000円	3.0
全米No.1 『ゴルフテック』	「100切り」が目標のあなたに	3.0
東進オンライン学校【公式】	無料招待申込受付／本日が最終日	3.0
焙煎ごぼう茶でお通じ改善	初回限定600円（送料無料）	3.0
がんこな脂肪がみるみる燃える	春ｷｬﾝﾍﾟｰﾝ：今だけ5回体験が0円	3.0
濃厚だけどまろやかな味わい	カニじゃがが入って税込2,180円	3.0
ターミナリアファースト	高橋真麻さん推奨の糖脂ケア	3.0
医療保険はアフラックがおすすめ	資料請求《無料》はコチラ	3.0
梅田駅近くのゴルフスクールなら	レッスン受講者の96%が上達実感	3.0
個別学習計画もゼミにお任せ	どの通信教育を選ぶかお悩みの方	3.0
4月号の最終締切は5/2	通塾時間ゼロで2学期先取り準備	3.0
ポストにお花が届く定期便	お花で作る私だけのくつろぎ空間	3.0
投資信託。口座開設料無料	（マットコ）ってご存じですか	3.0
価格満足度が高い[出張買取NO1]	今だけ買取金額120％にアップ中	3.0
夏ライブ授業が追加受講費0円	大学受験講座 4月号 受付中	3.0
【カラーは選べる4色】週1回でOK	《人気》使って納得の白髪ケア	3.0
Wi-Fiで迷っている方必見	ドコモ光ならおトクで安心	3.0
CALLAWAY APPAREL | 2021 SUMMER	2021・SPRINGコレクション	3.0
定期購入でお買い得	飲むはちみつ酢《りんご味》	3.0
カラダ脱毛で清潔感アップ	スーパー脱毛体験：7／21まで	3.0
今季の新作トップス続々登場	24時間以内限定【新作10％OFF】	3.0
年齢とともに低下する睡眠の質に	【初回限定 お試し価格980円】	3.0
一括見積りで料金比較が可能	決算が面倒で丸投げしたい方に	3.0
ニーズに応じた利用限度額設定	永年無料カード4枚まで発行可能	3.0
ライフステージに合った間取りに	古い家も完全定価制でリフォーム	3.0
100％国内生産の高品質	最短2日でお届け	3.0
最大3万円分のギフト券があたる	半期決算セール開催中	3.0
海外インテリア風おしゃれな本棚	省スペースでも圧巻の収納力	3.0
様々な人を幸せへと導きました	年内で願望成就を願うなら	3.0
安心の成功報酬制のアディーレ	交通事故被害で損をしないために	3.0
妊娠中に必要な栄養素を厳選配合	先輩ママもオススメの葉酸サプリ	3.0
6／15まで：もうすぐ締切	【まもなく終了】半額セール	3.0
公式 ブルーミー/お花の定期便	今ならムーミン箱でお花を宅配	3.0
エピレ 】美肌脱毛サロン	まずは気軽にカウンセリングから	3.0
【相談・見積もり依頼】はこちら	大阪給湯器から同等機種に交換可	3.0
トリートメント級の白髪ケア	限定特別価格はここだけ	3.0
紹介会場全国2500以上	利用者数No.1	3.0
WiFi月間容量制限なし月2999円～	《モバイルサイズのWi-Fi》WiMAX	3.0
一人ひとりに合わせたCXを実現	CX（顧客体験）プラットフォーム	3.0
出演：上戸彩・斎藤工など	4月17日(土)TV初放送／スカパー	3.0
2021夏休み限定特別授業／東進	今なら1年間無料招待/算数	3.0
レディースファッション通販	今ならワンピース15％OFF	3.0
毎日楽しく続けられる	おもてなし英語から旅行英語まで	3.0
５０歳から必見。ツアーがお得に	添乗員同行で安心のプラン	3.0
【予約販売受付中】	1日90円で最高の睡眠を	3.0
【無料トライアル実施中】	社員のエンゲージメントを高める	3.0
【脱毛半額セール】4／14まで	すぐに効果を実感したい女性必見	3.0
AI で定額作り放題／Video BRAIN	ハイクオリティ動画作り放題	3.0
《CHINTAI》公式サイト	本日の新着物件を今すぐチェック	3.0
韓国の人気コスメ一覧	人気ブランドの下地・ベース充実	3.0
登録台数10万台突破	WATER STAND	3.0
まずはお近くの教室を検索/KUMON	【新学年】生徒募集中	3.0
女性専用／パーソナルジムなら	リボーンマイセルフ【公式】	3.0
ノーコードでアプリを開発	ラクにアプリ化。要件定義も支援	3.0
アンテナ110番にお任せください	【業界最速級】即日対応可能	3.0
ブラッククローバーを一気見	原作：田畠裕基／dTV（公式）	3.0
お子さまが飽きずに楽しく学習を	幼児のドリルならくもん出版	3.0
身も心もリラックスするアロマ	世界中で愛されるこだわりの香り	3.0
野菜不足に悩む毎日に1粒サラダ	いつも、ポケットにサラダを	3.0
エンジニア向けの新入社員研修	エンジニア向け／Winスクール	3.0
オンラインライブ授業で対策を	1月号のオススメ締切日は11/30	3.0
からだにユーグレナ/健康飲料	話題の健康成分がお試し980円	3.0
最短翌日からご融資可能	12／3迄金利半額キャンペーン	3.0
製薬会社エーザイが開発	約30日分が定期初回価格半額	3.0
きれいめセレモニー服は組曲KIDS	【組曲KIDS】予約商品も多数入荷	3.0
TIMELESS WARDROBE	累計販売枚数30万枚以上の逸品	3.0
「今」こそ自学自習の習慣を	【公式】KUMON/夏の無料体験学習	3.0
ユニクロ新年祭 開催中	全品、消費税込み価格	3.0
買取分野に特化した専門店	経験豊富な鑑定士による高額査定	3.0
6日間お試し500円（税込540円）	オンラインショップはこちら	3.0
完全無料の査定依頼で高額買取を	カーセンサー買取【公式サイト】	3.0
【公式】LIMNE の最新まくら	最高峰の気持ちよさを追求	3.0
本人確認はスマホでも可能	原則、勤務先への電話連絡なし	3.0
TBCプロデュース【エピレ】	【公式】美肌脱毛サロン	3.0
両面同時スキャンにも対応	マイクロSDに直接保存可能	3.0
再発も無料保証でクレームゼロ件	無料の現地調査・見積もり	3.0
即日融資も可能なカードローン	原則来店不要・ネットでご契約	3.0
公式サイト／MOLTON BROWN	公式オンラインストア	3.0
不倫による離婚 慰謝料請求なら	夜22時まで電話受付／不倫慰謝料	3.0
理想の仕事探し／24時間申込みOK	スキルアップを目指したい方へ	3.0
4-6か月目の発毛実感率99.4％	女性向けオンライン診療950円	3.0
韓流・華流のトンイ	トンイを視聴する	3.0
6月講座が無料なのは6/17まで	TVCMで話題のタブレット通信教育	3.0
50名様にプレゼント	3日間限定キャンペーン	3.0
新宿駅近のマンツーマン指導なら	上手くなるゴルフレッスン	3.0
【エニカ】ディーラーカーシェア	憧れの高級車に乗車体験	3.0
親子で一緒にBaby Kumon／公式	0歳～2歳の親子が楽しめる教材	3.0
【急募】未経験OKのバイト求人	サクッと稼げるアルバイトを選ぶ	3.0
国内外の有名ブランド家具も多数	LOWYA本店サイトはこちらから	3.0
キャッシングローンならアイフル	来店不要／ネット申込みOK	3.0
直接鑑定でアナタに運命の鑑定を	凄腕占い師多数所属の電話占い	3.0
新発売の乳酸菌サプリ	乳酸菌だけで足りてる？	3.0
【公式】AIGLEオンラインストア	期間限定の送料無料実施中	3.0
TBCのスーパー脱毛	今なら500円：2／2まで	3.0
全国の研修施設・宿泊研修の予約	コロナ対策の全館貸切プランも	3.0
LINEを使って顧客対応を自動化	DMMチャットブースト	3.0
18時までなら即日作業が可能	(LIXIL公式)浴室換気乾燥暖房機	3.0
スキー/スノボウェアも保管可能	衣服を送るだけ最短5日後に届く	3.0
Lacoste × MINECRAFT	オンライン限定キャンペーン	3.0
保険を探すならインズウェブ	サイト利用者数《900万人》突破	3.0
毎月数量限定 早いもの勝ち	【WEB限定】初回約71％OFF	3.0
ニーズに合わせてタイプが選べる	auユーザー限定でお得ながん保険	3.0
申込～アフターフォローまで	問合せ窓口／移設・新規サポート	3.0
無料期間でフル視聴もできる？	10年間、愛され続けた名作アニメ	3.0
一級も二級もTACで	本試験と同様の形式の公開模試	3.0
【公式】Liquid by Quoine	旧QUOINEX/コインエクスチェンジ	3.0
進研ゼミ中学講座【公式】	通塾時間ゼロの双方向ライブ授業	3.0
平均3万、最大5万円も安くなる	自動車保険は比較で変わる	3.0
2021年クリスマス特集	クリスマスケーキの通販はこちら	3.0
自分の肌がもっと好きになる脱毛	490円から気軽に脱毛できる	3.0
郵便番号からお近くの教室を検索	多くのお子さまが0歳～スタート	3.0
脱毛未経験の方にオススメのTBC	ローラの新CMが綺麗すぎると話題	3.0
最大10,000ptを当てよう	ENEOSスロットくじ	3.0
1月号のオススメ締切日は10/24	中学基礎がムリなく固まる	3.0
50％OFFセール【今だけ500円】	スーパー脱毛は年間24万人が利用	3.0
【100％天然由来の優雅な香り】	ファミュが考える理想的な逸品を	3.0
公式：男も脱毛する時代	【締切せまる】4／20まで500円	3.0
U-NEXTつきでスマホ代 月2,970円	スマホセットプランが新登場	3.0
小林製薬【紅麹コレステヘルプ】	紅麹で史上初の機能性表示食品	3.0
【消費者金融】人気カードローン	WEBなら最短25分でローン申込み	3.0
今なら全額返金キャンペーン中	九州アスリート食品	3.0
自宅で春期講習	4月号締切日を5/2まで延長	3.0
お試し5日間980円・送料無料	女性のキレイと健康をサポート	3.0
公式エピレ／美肌脱毛サロン	【脱毛】まだ自己処理してるの？	3.0
4月限定/買取金額＋最大10万円	【10万円があたる】バイセルくじ	3.0
BOSCH/公式	MAX70％OFF	3.0
その採用手法で本当に大丈夫？	初回人材紹介料0円	3.0
最大5000円クーポン貰える/公式	【スニーカーダンク】／公式	3.0
10,000円でまずはトライアル	男性専門のフェイシャルエステ	3.0
生年月日で占う「恋の行方」	このまま付き合い続けていい？	3.0
紹介商品好評につき売切れ間近	日テレポシュレ紹介商品はこちら	3.0
私らしい働き方を叶えるスクール	抽選で受講料最大＜16万円OFF＞	3.0
フジテレビ60周年特別企画	木村拓哉主演ドラマ	3.0
50万円から開業可能	全国平均年商約1330万円	3.0
（最短）翌日融資も可能	事業資金をご融資	3.0
軽量コンパクトなマッサージガン	振動で筋肉にアタック	3.0
6/30まで【公式】おそうじ本舗	プロの技でエアコン徹底洗浄	3.0
24時間いつでもネット予約OK	美容を一気に検索	3.0
公式：すぐに効果が実感できる	メンズTBCスーパー脱毛	3.0
コロナ対策の全館貸切プランも	全国の研修施設・宿泊研修の予約	3.0
満足度No.1の小学生タブレット	タブレット1台で全教科3,278円～	3.0
美容を一気に検索	24時間いつでもネット予約OK	3.0
【光はじめ割】お得なスタートを	NTTフレッツ光公式特典が充実	3.0
日本１売れているしじみサプリ	(初回限定)約10日分を無料で	3.0
ドコモの家計応援サイト	公共料金各社手続き方法はコチラ	3.0
コスパ抜群の美容お試しセット	ハーバーオンラインショップ	3.0
10月号の最終締切は10/12	夏休みに苦手解消するなら7/25迄	3.0
13時からオンラインセミナー開催	5万人参加 アパート経営セミナー	3.0
乳酸菌だけで足りてる？	新発売／1週間お試し初回500円	3.0
国語・英語を加えて受付スタート	全国26万人の小・中学生が受講	3.0
ウォシュレット付き便座に	他メーカーの便器にも取付け可能	3.0
将来を見据えた真面目な婚活/R18	毎日、素敵なカップルが誕生中	3.0
サイズ指定でオーダーメイド	激安オーダー段ボール	3.0
メッセージを適切なタイミングで	アプリでも個人に合わせた体験を	3.0
メンズTBC公式：特別価格1,000円	【今だけ半額】50%OFF：9／7まで	3.0
撮影枚数無制限のプロ多数登録	出張撮影／最安5,000円～	3.0
キーレスでストレスフリーな生活	スマホが玄関の鍵に。遠隔操作可	3.0
ドコモ光をおトクにはじめよう	ネットをお探しの方必見	3.0
快眠を超える、脳眠。	ハグのような安心感	3.0
女性ジム:今だけ2週間お試し体験	今だけ10秒ｱﾝｹｰﾄ回答で5回も無料	3.0
初めてでも手軽に花のある暮らし	500円で始められる人気サブスク	3.0
新春SALE開催中：1／31まで500円	ヒゲ脱毛で、肌荒れ改善へ	3.0
エピレ 】初回限定価格	1回両ワキ約8分	3.0
昭和から令和までライダー大集合	仮面ライダー見るなら／dTV公式	3.0
無料お見積りはこちらから	おそうじ本舗／3日以内にご訪問	3.0
お得割引最大 50,000円	首から足裏まで全身マッサージ	3.0
定額読み放題／コミックシーモア	初回7日間無料/漫画読み放題	3.0
初回人材紹介料0円	その採用手法で本当に大丈夫？	3.0
（公文式）11月無料体験学習	やっててよかった、公文式	3.0
効果満足度No1を体験へ	ヒゲ脱毛で、肌荒れ改善へ	3.0
現在の中古プリウスの在庫2932台	最低価格23万円から	3.0
4月から中1生のかたへ	6月号のオススメ締切日は5/22	3.0
#出前館からのバレンタイン	初めての注文が1000円オフ	3.0
【期間限定配信】初回2週間無料	シーズン1～7配信／見放題	3.0
肌の専門家が本気で考えたコスメ	ETVOSのプレエイジング保湿ケア	3.0
エピレ 】公式HP	【1回8分】エピレのワキ脱毛	3.0
借入れを知られたくない方	新規お申込はこちら	3.0
ライバー募集中	無料ライブ配信アプリ	3.0
パークチケット確約プラン	宿・ホテル予約なら【じゃらん】	3.0
話題のアニメも最新話まで一気見	声優:榎木淳弥／dTV＜公式＞	3.0
今年こそは彼と絶対復縁したい	実際の口コミです。	3.0
脱毛】91％OFFのお試し価格	（TBC）初回限定キャンペーン	3.0
簡単2分で一括見積もり依頼	費用・口コミから行政書士を選ぶ	3.0
お客様満足度97%のサービス品質	オンラインで顔見ながら保険相談	3.0
最短即日発送のコンタクト通販	激安コンタクトレンズ通販	3.0
WEBなら24時間お申込み受付中	NTT西日本フレッツ光／申込窓口	3.0
累計4,000万個突破／公式	今大注目のスーパーフード配合	3.0
4Kでしか味わえない感動を	全9チャンネルが楽しめる	3.0
まずは無料体験	日本人のための英語発音矯正	3.0
ビジネスファイナンス【公式】	事業者向けローン	3.0
4月号入会で専用タブレット0円	締切特別延長。8/22まで	3.0
つるんとなめらかなまぶしい肌へ	＼FEMMUEのベストセラー美容液／	3.0
ダイキンの換気で冬を快適に	エアコンで換気と暖房を両立	3.0
便利アイテムいろいろ	付箋やスタンプ、ファイルなど	3.0
対象コースが40,000円割引	公式/資格の学校TAC/Wセミナー	3.0
凄腕占い師多数所属の電話占い	慶思先生の鑑定はカリスだけ	3.0
おうちで公文式を始めませんか	教室での学習も安心	3.0
ネオキャリアの介護求人	登録完了～求人紹介まで最短当日	3.0
今なら買取金額【10万円上乗せ】	眠っているお品を高価買取	3.0
女性におすすめすっぽんサプリ	気力が1日持たない方へ	3.0
【2022年脱毛】人気のメンズTBC	LAST SUMMER SALE：今なら500円	3.0
個人・企業の大切な情報資産復旧	【安心】8つの無料サービスあり	3.0
審査が不安な方はカンタン診断	【金利】年0.98%～	3.0
番組「I-LAND」を視聴	日本で観れるのはABEMAだけ	3.0
こだわりテーマから探せる	お部屋をお探しならスマホで賃貸	3.0
KUMONで毎日の学習習慣を	通室が難しい方も安心して学べる	3.0
ヴィーナスアカデミー/高等部	大好きな美容を学べる高校	3.0
アディーレは何度でも相談無料	土日祝日も22時まで電話受付	3.0
2月中に叶えたい想いがあるなら	様々な人を幸せへと導きました	3.0
現在の中古クラウンの在庫931台	最低価格59万円から	3.0
【フジテレビ公式】FOD	ライアーゲーム全話をFODで	3.0
平均エントリー数6.5社	【22卒】ITエンジニア就活に特化	3.0
10/22まで1万円キャッシュバック	12/1まで1万円キャッシュバック	3.0
月々2,000円からご返済可能	返済プランの見直しは楽天銀行で	3.0
アルティモイストライン	新保湿スキンケアセット誕生	3.0
夏の新作コレクション	一部アイテム更にプライスダウン	3.0
おうちで一緒にBaby Kumon	絵本でお子さまの感性を豊かに	3.0
あなただけのスムージー	一人暮らしの野菜不足に	3.0
メンズTBC：ヒゲ脱毛半額セール	期間限定【500円】半額セール中	3.0
NiziU(ニジュー)の新番組/見放題	U-NEXTならMCU過去作も観れる	3.0
転職保証のエンジニアスクール	転職者数No.1の3,200名以上	3.0
2021年最新版／OPEN HOUSE	一戸建て オープンハウス／公式	3.0
今だけ半額500円＜2／3締切＞	効果が高いメンズTBC	3.0
入居一時金「0円」特集あり	老人ホームならLIFULL介護／公式	3.0
初心者でも確実に身につく	個人指導。WinのVBA講座	3.0
お得なキャンペーン情報はこちら	ドコモ光／インターネットなら	3.0
ソフトウェアテスト	テスト実行の生産性が2～3倍向上	3.0
ビズメイツ【オンライン完結型】	1/10まで1万円キャッシュバック	3.0
要らない部分だけヒゲ脱毛しよう	初めての方は特別価格1,000円	3.0
人気ブライダルフェア／ゼクシィ	簡単予約／ブライダルフェア	3.0
資料請求は《スタディサプリ》で	複数の大学まとめて資料請求もOK	3.33
本編+オリジナル配信／2週間無料	本編+オリジナル配信／見放題	3.33
《50％OFF》期間限定12／15まで	〈500円〉セール8／17まで	3.33
キンプる／初回2週間無料見放題	初回31日間は無料で映画を視聴	3.33
7日間限定のスペシャルセール	スペシャルセール開催中	3.33
Game of Future／U-NEXT独占配信	U-NEXT独占で配信決定	3.33
対象コースが2万円割引	4月9日まで20,000円割引	3.33
サラシノールで糖質抑制	サプリで手軽に始める糖質ケア	3.33
シミを医療用レーザーで破壊	男のシミ、そばかす治療なら	3.33
看護師人材紹介満足度No.1	"日本最大級""看護師""転職サービス"	3.33
おうちﾌｨｯﾄﾈｽ 2週間おためし/ｼﾞﾑ	1日6分手ごわいお腹の脂肪がｽｯｷﾘ	3.33
【公式サイト】リクナビ2022	リクナビ診断/公式サイト	3.33
動画で採用マーケ／Video BRAIN	人事に選ばれるVideo BRAIN	3.33
ヒゲ脱毛半額】￥500セール	（締切間近）12／2まで半額500円	3.33
31日間無料で全話見放題	U-NEXTで独占見放題（31日間）	3.33
新社会人必見のおすすめカード	今年 社会人になる方必見	3.33
11/6- スカパーにて全試合生中継	ファンフェスティバル【生中継】	3.33
公式/ゴリラクリニック	ゴリラクリニックダーマペン治療	3.33
締切せまる。5／27まで半額500円	【公式】カラダ脱毛が半額500円	3.33
ゲームプランナー	ゲームプランナー採用サイト	3.33
ジョナサンの宅配限定メニューも	すかいらーくグループの宅配	3.33
チクチク肌はもう嫌だ	全身から選べる脱毛で愛され肌へ	3.33
無料お試し/Web申込は2/26まで	無料お試しの受付開始をご案内	3.33
緊急のご相談は【DDR】にお任せ	USB・SD復旧はお任せ	3.33
安全安心に配慮した懇親会	PayPayグルメで懇親会	3.33
そのhdd復旧できます	どんなhddの症状もまずは相談を	3.33
安い費用で税理士に丸投げ	最短即日、無料で税理士をご紹介	3.33
FOD/WEB決済のみ1ヶ月無料見放題	公式FOD/見放題独占	3.33
フリーランスエンジニア向け	ハイスキルな人材サイト	3.33
まずは今すぐ審査／即申込み	即日融資も可能なキャッシング	3.33
なる大逆転】イッキ見	なる大逆転】2週間お試し無料	3.33
新しい趣味を見つけよう	趣味を通して彩り豊かな日常を	3.33
機能性表示食品	ルテイン配合の機能性表示食品	3.33
新型NXの情報はこちら	最新モデルはこちら	3.33
【無料】通いたい着付け教室No1	受講料は【無料】	3.33
アクセサリー-レディース	DHOLICのアクセサリー	3.33
授業の学び残しはゼミで克服	定期テスト対策はゼミにお任せ。	3.33
DHOLICのパンツ	パンツ-レディース	3.33
利用者多数のカードローン	最新のおすすめカードローン	3.33
忙しい方におすすめ／24時間受付	24時間即時振込・審査／WEB完結	3.33
ついに登場。送料無料	美容業界で話題／送料無料	3.33
夏物新作続々・会員特典（無料）	秋物新作続々入荷。	3.33
WEBからカンタンに資料請求可能	無料の資料請求はコチラから	3.33
お勧めプランをシミュレーション	節約額を簡単シミュレーション	3.33
LEXUS SUV	《レクサス公式サイト》	3.33
学生におすすめなクレカはこちら	初めての1枚を選ぶあなたへ	3.33
見積もり依頼ページ	無料／引越し見積もり比較サイト	3.33
レクサス公式サイト	レクサス初のPHEV誕生。	3.33
すぐに効果実感できる、TBC脱毛	【CMで話題】人気のTBC脱毛	3.33
KUMONの【5月無料体験学習】	【5月無料体験学習受付中】	3.33
お困りごとを無料で相談	ダイキンの購入相談窓口	3.33
シーズン1～9配信／イッキ見	シーズン1～9配信／2週間無料	3.33
ゲーム感覚の英会話学習アプリ	毎日楽しく続けられる	3.33
アイフルは原則、電話連絡なし	誰にもバレたくない方	3.33
コラーゲンサプリ比較しました	30～40代の美容マニアが徹底比較	3.33
気になるサービスに簡単資料請求	今、人気の製品を一括で資料請求	3.33
無料で1万名にプレゼント	3122円相当のアルバムを無料で	3.33
【脱毛50%OFF】12/15まで	〈締切間近〉3／23まで500円	3.33
2020年で最も選ばれたサービスは	自社に合うサービスを比較・検討	3.33
テレビでもスマホでも／スカパー	12球団を全試合放送／スカパー	3.33
全自動コーヒーメーカー	おうちでおトクなコーヒーを	3.33
印象映えする上質素材の春ニット	23区で彩る春の上品大人コーデ	3.33
世界の有名家具ブランドが大集合	高品質家具をお楽しみください	3.33
初めての注文が1000円オフ	出前館 期間限定最大1,600円オフ	3.33
手芸・ハンドメイドキット通販	おしゃれな手芸・ハンドメイド	3.33
《TBC公式》半額セール脱毛500円	Vライン脱毛体験コース【500円】	3.33
期間限定【増量】キャンペーン中	価格そのまま【洗顔料1.5倍に】	3.33
【今月限定】買取金額大幅上乗せ	今なら買取金額【10万円上乗せ】	3.33
年明けまでにお金を借りる	資金繰りにお困りなら／法人向け	3.33
理想肌を引き寄せる酵母化粧落し	やさしく洗い上げるメイク落とし	3.33
初回限定の豪華特典付き	初回限定78%OFF	3.33
新しい趣味を見つけよう	おうち時間を楽しもう	3.33
【公式】すまいるぜみ年少冬講座	【公式】すまいるぜみ／通信教育	3.33
脱毛するなら今／秋から始めよう	脱毛体験予約はコチラから	3.33
軽くて薄くて暖かい	厳寒の晩も安眠が得られる	3.33
クリエイター応援キャンペーン	11月4日までキャンペーン中	3.33
気になる売却相場を調べる	不動産売却の最新情報なら	3.33
（締切間近）12／2まで半額500円	夏デビューSALE：今なら500円	3.33
初回980円で血糖値ケアサポート	高橋真麻さん推奨の血糖値ケア	3.33
中途採用の募集/充実のサポート	中途採用の募集/無料見積もり	3.33
無料お試しキャンペーン受付中	Baby Kumonの無料お試しって？	3.33
公式：今なら脱毛500円	今なら500円：2／2まで	3.33
LINEポイント2ポイントゲット	LINEポイントプレゼント	3.33
三浦知良選手も［エアー］を愛用	憧れのあの[エアー]シリーズ	3.33
折りたたみスマホGalaxy Z Flip3	Galaxy Z Flold3 動画公開中	3.33
eMAXIS Slim（ｲｰﾏｸｼｽ ｽﾘﾑ）	購入時手数料0円	3.33
春のモテ服ならプロポをチェック	冬に着るプロポの通勤カジュアル	3.33
少人数制授業で学力アップ	将来の志望校合格を見据えた指導	3.33
2022年、男もヒゲ脱毛する時代	男の脱毛はスキンケアのひとつ	3.33
桜木町駅近のマンツーマン指導	桜木町駅のゴルフスクールなら	3.33
月々4000円から／完全個室	月々4000円から/フィットネス	3.33
福春セール開催中	JTBならではの新春キャンペーン	3.33
全54話イッキ見・初回無料お試し	全54話イッキ見／dTV（公式）	3.33
＜医師求人＞希望エリアで探す	医師専門の求人・転職情報	3.33
キャンペーン実施中、詳細こちら	キャッシュバックキャンペーン中	3.33
イスラエル発コスメブランド	世界中で愛されるコスメブランド	3.33
モアコン公式／クリアコンタクト	クリアコンタクトのお得な定期便	3.33
男性専門サロンで脱毛	【スーパー脱毛】メンズTBC	3.33
Ｖラインのお悩み解決へ	人気のVライン脱毛をお試し体験	3.33
最短3分。無料一括見積り	最大20社の見積もり比較が可能	3.33
国内・海外ドラマが見放題	韓流・華流作品多数取り揃え	3.33
資料請求はコチラから／公式	代アニ／資料請求絶賛受付中	3.33
印刷費用を削減したい方、必見	年間20万以上の節約も	3.33
熱転写ラベルプリンター	ブラザーのラベルプリンター	3.33
低コストで高耐久・高速印刷	高速印刷のラベルプリンター	3.33
PC・TVなどマルチデバイス対応	移動時間や待ち時間に動画を視聴	3.33
dTVで呪術廻戦をイッキ見しよう	最新アニメの見逃し配信なら	3.33
【最新版】血糖値対策サプリ	血糖値が高めの方に	3.33
高速印刷のラベルプリンター	低コストで高耐久・高速印刷	3.33
ワキ脱毛】91％オフ1,000円	《初回限定価格》スーパー脱毛	3.33
自宅でコーヒータイムを	手軽に自宅で本格コーヒー	3.33
"春の""5回無料体験キャンペーン"""	今月で最後:1か月無料体験し放題	3.33
YouTubeで話題のビジネス英語	1回25分から始めるビジネス英語	3.33
23区で彩る春の上品大人コーデ	サラッと決まる大人のONスタイル	3.33
おうちでの時間をもっと豊かに	豊かな感性をはぐくむ	3.33
脱毛サロン MEN'S KIREIMO	【公式】MEN'S KIREIMO	3.33
ブライダルローン(三菱UFJ銀行)	ブライダルでのご資金に	3.33
生年月日不要の本格鑑定	復縁成就に強い本格鑑定師	3.33
IH、オール電化の販売・施工	エコキュート営業や施工スタッフ	3.33
様々な情報をお届けします	製薬会社から詳しい情報をお届け	3.33
本格スピリチュアル鑑定師	戦慄的中の超人気プレミア鑑定師	3.33
持病のある70歳以上の方も	80歳以上の方も申込める医療保険	3.33
人気の動画配信サービス鉄板15選	映画を観るならどれがおすすめ？	3.33
マッサージチェアが大特価	ご自宅で全身マッサージ	3.33
オンワード樫山で季節を先取り	レディに品よく着こなす冬ニット	3.33
ローンのお借換えにも使える	担保、保証人不要でお借入れ可能	3.33
来店特典もらっておトクに見直し	来店予約で料金相談	3.33
公式：TBCが選ばれる理由とは？	脱毛選びに、迷ったらTBCへ	3.33
女性漫画ならdブック／公式	オトナ女子向け漫画もイッキ読み	3.33
胸キュン少女漫画も読み放題	人気漫画10万話以上【読み放題】	3.33
公式ホームページ【エピレ】	【TBCプロデュース】エピレ	3.33
井上尚哉も納得：公式メンズTBC	効果で選ぶなら公式／メンズTBC	3.33
COLORIS(カラリス)	サロン品質のヘアカラー	3.33
新発売の高保湿オールインワン	オールインワン化粧品／オプミー	3.33
主婦に人気のクレジットカード	審査が不安な主婦の方必見	3.33
あなたの保険料はどれくらい？	あなたに合う保険を探すなら	3.33
転編入歓迎/高卒資格も取得	高卒＆専門資格どっちも手に入る	3.33
今なら買取金額【2倍】アップ	【今月限定】買取金額大幅上乗せ	3.33
ウェディングフェア【無料】	【フェア見学予約】ゼクシイ公式	3.33
土日の借入れもスマホで完結	（最短）25分で契約／スマホ完結	3.33
紺青の拳などが観れる	ドラマも映画もアニメもイッキ見	3.33
瞬間シミ隠しクッションファンデ	時短高機能クッションコンパクト	3.33
出前館クーポンを従業員に	出前館の好きなお店で使用可能	3.33
血糖値のお悩みの改善に	お茶で気軽に血糖値対策	3.33
同世代に一歩リードできる脚	エネルギーが切れない脚	3.33
Galaxy Z Flip3 動画公開中	折りたたみスマホGalaxy Z Fold3	3.33
【無料漫画】100000話以上配信中	国内最大級の品揃え／電子マンガ	3.33
費用15万円の新しい治療法	15万円で子どもの歯並び改善	3.33
安心保障の保険選びなら	あなたに合う保険を探すなら	3.33
おすすめプロバイダ込み光回線	So-netプロバイダー込み	3.33
庭クリーニングをお探しなら	庭の根深いコケが気になったら	3.33
ユニクロ店舗で受取ると送料無料	ユニクロ感謝祭 開催中	3.33
Theory luxe×Rita Takahashi	luxe journal_Vol.4	3.33
新保湿スキンケアセット誕生	美白美容液が試せる 特別セット	3.33
自らが成長できるお仕事です	長く続けられるお仕事です	3.33
衝撃価格の人気PC／NEC公式	アウトレットも保証充実／NEC	3.33
バイクの保険比較はこちらから	バイク保険払いすぎかも？	3.33
パーティにも出かけられる。	肩こり対策とおしゃれを両立	3.33
全話イッキ見・初回無料お試し	TWDシリーズをまとめて視聴／dTV	3.33
満足度高いプリンター・複合機	ビジネスで高い満足度・シェア	3.33
的中王3連覇の人気実力派鑑定師	戦慄的中の超人気プレミア鑑定師	3.33
estベストセラー商品／ファンデ	美容成分配合のファンデーション	3.33
刀剣ワールド／戦国武将の愛刀	戦国武将たちの愛刀に迫る一冊	3.33
シミ・くすみケアで悩む女性に	最高峰。美白もできるジェリー	3.33
おうち時間にコミックイッキ読み	無料コミック10万話以上が読める	3.33
心躍る、豊富なラインアップ	プレミアムブランド、続々入荷	3.33
名古屋駅近のマンツーマン指導	名古屋駅近のゴルフスクールなら	3.33
5月13日まで母の日セール開催中	プレミアムウィーク開催中	3.33
現金感覚で使えるカード	カード１枚でスマートな生活を	3.33
LIFULL介護に名前が変わりました	HOME'S介護（ほーむずかいご）	3.33
《50％OFF》期間限定12／15まで	今だけ半額キャンペーン中	3.33
3STEPで動画制作／カスタム自由	素材を入れるだけで動画作成完了	3.33
空室時対策も完備の収益物件投資	投資物件の無料ご提案サービス有	3.33
おすすめのインターンシップなら	インターンシップの申し込みなら	3.33
スペシャル キャンペーン開催中	《セール開催中 》	3.33
【初期費用0円】	《最大22%値下げ》初期費用0円	3.33
いじめの恨みは終わらない復讐へ	少女の恨みは教室を恐怖に変える	3.33
WEB決済のみ1ヶ月無料で見放題	2週間無料で見放題	3.33
会社設立に大事な税理士選び	税理士選びのお悩みを解決	3.33
【決定版】注目のすっぽんサプリ	すっぽんサプリ人気ランキング	3.33
東進オンライン学校の数学と英語	東進オンライン学校中学部／公式	3.33
ンウムの恋愛日誌】2週間無料	ンウムの恋愛日誌】イッキ見	3.33
2022年こそヒゲ脱毛で男を磨こう	男磨きの夏へ：ヒゲ脱毛1,000円	3.33
キッズ脱毛なら、エピレ	みんなもう始めてる？子ども脱毛	3.33
【バイトル】優遇措置あり求人	企業を特集（優遇措置求人あり）	3.33
主婦の理想を叶えるバイト求人も	しゅふJOBでパート・バイト探し	3.33
《ナイス介護》全国59ヶ所で登録	ナイス介護/介護の求人	3.33
お家でご当地グルメを楽しむ	全国の美味しい逸品をお届け	3.33
プライバシーには十分配慮します	誰にも知られずWEBで取引き可能	3.33
モリリン羽毛布団	モリリンの洗えるダウンケット	3.33
プロゲーマー御用達ゲーミングPC	「ゲーミングPCをお探しなら？」	3.33
30万円台からの中古車探し	トヨタアウトレット中古車	3.33
4月号入会でタブレット代金0円	新1年生用タブレット登場	3.33
カーセンサーで一括査定申し込み	愛車の買取・査定依頼なら	3.33
焙煎ごぼう茶でお通じ改善	南雲氏監修/TVで話題のごぼう茶	3.33
／ラジオ放送中限定	ラジオで放送中のホワイトニング	3.33
実写原作の女性コミックも充実	RISKYなど原作コミックも充実	3.33
スマホで気軽に無料相談／LIXIL	お家の困ったはLIXILにすぐ相談	3.33
税込9,800円-／ニキビ肌を治す	ニキビを繰り返さない肌へ	3.33
スマホから無料で結婚式相談	オンライン無料相談	3.33
【公式】セブンイレブンのギフト	大切な人へ贈る、セブンの贈り物	3.33
スマホ月額が割引になるプラン有	毎月ドコモ携帯の料金が安くなる	3.33
ネット回線申込み	（お申込みはこちら）	3.33
＜簡単予約＞ウェディングフェア	エリア別／人気フェアランキング	3.33
ソフトバンク独占／最新機種	8/18予約開始 ソフトバンク独占	3.33
自然な仕上がりの包茎手術	包茎手術。他の患者様と会わない	3.33
免許証以外の本人確認書類でもOK	周囲を気にせずネット申し込みOK	3.33
【公式】ヒフミド／小林製薬	【小林製薬】／乾燥肌の方へ	3.33
【フルカラー】全7巻イッキ読み	最新7巻読めるのはシーモアだけ	3.33
アナタの夢をカタチにする／公式	資料請求はコチラから／公式	3.33
口コミで高評価／ポリピュアEX	育毛剤口コミランキングで人気	3.33
費用は全て込みで7万8千円	【中絶手術】お急ぎの方へ	3.33
免許更新が近い高齢者の方へ	高齢ドライバーのご家族の方へ	3.33
アイフル／今日中に借入れも可能	ネット申込みなら最短25分で融資	3.33
人気映画の原作漫画もイッキ読み	人気少女漫画も無料で試し読み	3.33
薬剤師登録者数No.1求人サイト	薬剤師の転職なら薬キャリAGENT	3.33
1時間で収集できる「ビザスク」	【公式】ビザスク	3.33
韓国コスメなど販売なら	コスメ・スキンケアの販売	3.33
今すぐお金を借りたいお客様へ	【人気】消費者金融はコチラ	3.33
無料の新連載・独占漫画も充実	RISKY他女性漫画を無料試し読み	3.33
無料で提供エリアを調べる	光回線／対象エリア簡単検索	3.33
〈締切間近〉12／3まで500円	【今だけ期間限定】12／27まで	3.33
社員登用制度有。5年実績1,620名	特別手当最大40万円支給	3.33
【介護求人】希望の環境で働こう	自分にピッタリの介護求人を探す	3.33
驚き価格のAndroid端末	神コスパ／ソフトバンク独占	3.33
事業者ローンのお申込みはコチラ	法人・個人専用 ビジネスローン	3.33
安い費用で税理士に相談	無料でご紹介／税理士ドットコム	3.33
在宅・物販ビジネスで稼ぐなら	在宅ワーク・副業でショップ開設	3.33
すっきり小顔を目指す方へ	小顔や将来のブルドック顔に	3.33
誰にも知られず契約までWEB完結	プライバシー厳守／利用用途自由	3.33
ヤフージャパン連携サービス	ヤフーBEAUTY	3.33
併用可能なこだわりクーポン	先取り福春限定こだわりクーポン	3.33
どこまでも歩きたくなる脚へ	素早く思い通りに動ける脚	3.33
「新配合でパワーUP」美容液	60代ハリを諦めない方の美容液	3.33
次世代リーダー育成の課題を解消	戦略的な人材育成を実現	3.33
今なら査定額 +【10万円】	今だけ10万円が当たるチャンス	3.33
【両ワキ脱毛】6回500円	(初回限定)6回500円	3.33
新シーズン始動／スカパー	11/6開幕 スカパーにて徹底中継	3.33
8月号の特典つき締切日は8/9	6月号のおすすめ締切日は5/29	3.33
家具・インテリア・収納	【コスパ抜群】インテリア家具	3.33
世界遺産 白川郷・五箇山ツアー	秋色に染まる白川郷ツアー	3.33
【リクルート】クレジットカード	還元率1.2%のリクルートカード	3.33
男のヒゲ脱毛《3／3まで》	＜締切間近＞3／3まで500円	3.33
おしゃれなLOWYA家具／2021	家具・インテリア通販のLOWYA	3.33
ドラ恋の動画を見る	ドラ恋配信・オリジナル作品満載	3.33
レディースバッグを探す	スカートなどレディースアイテム	3.33
男のヒゲ脱毛《2／3まで》	ヒゲ脱毛体験》500円SALE	3.33
最適プランお教えします。	スマホの料金プランご相談受付中	3.33
カンタン式場見学／予約	【無料見学】ブライダルフェア	3.33
【すぐに借入れ】バレない	すぐにお金を借りるならアイフル	3.33
店舗売却の相場のご相談なら	店舗売却ならUSEN	3.33
中込農園で味覚狩り	味覚狩りに便利なホテル予約	3.33
GWセール実施中	ユニクロ感謝祭 開催中 6/24まで	3.33
パーソナルジムで健康改善	月々4,000円～のパーソナルジム	3.33
人に合わせられる余裕のある脚	歩くペースを気にしない脚	3.33
元気力をつけたい方へ	天然の元気飲料	3.33
1日3粒目安の認知機能対策サプリ	小林製薬の認知機能対策サプリ	3.33
おすすめの格安プロバイダーは？	人気光プロバイダーランキング	3.33
予約不要・回数無制限で使える	回数無制限のオンライン英会話	3.33
ものすごい収納力 スピード圧縮	あっという間にスッキリ収納	3.33
来院不要で即日スマホ診療OK	オンライン診療で	3.33
池袋駅近のマンツーマン指導なら	大手町駅近のゴルフレッスンなら	3.33
ハリ・うるおいケアに	美白もできるジェリーをお試し	3.33
最短2週間でMOS資格取得	個人指導。WinのMOS対策講座	3.33
製薬会社エーザイが開発	エーザイ厳選の美容成分配合	3.33
育児・仕事・ロードバイク、全力	多忙な空回り男とロードバイク	3.33
4月号のオススメ締切日は11/15	入試攻略ガイド付締切日は10/17	3.33
【今なら2話無料】全7話一気読み	【フルカラー】全8巻イッキ読み	3.33
気になりだしたシワ・シミ悩みに	ハリツヤ溢れる素肌へ	3.33
3月30日まで対象コース1万円割引	教員採用試験/早割キャンペーン	3.33
企業を特集（優遇措置求人あり）	【バイトル】優遇措置あり求人	3.33
おすすめの人気アニメ漫画も充実	おすすめ漫画100000話以上が無料	3.33
カタログ・TVで紹介人気商品多数	カタログ商品の購入はこちらから	3.33
1月号の特典付き締切日は11/24	進研ゼミ高1講座 4月号受付中	3.33
エピレで理想のつるスベ脇へ	ワキの自己処理から卒業しよう	3.33
取引手数料が業界最安水準	取引手数料が初月無料	3.33
ご利用は全国のコンビニで可能	24時間・365日ご利用可能	3.33
気になるVラインの脱毛体験	TBCのVライン脱毛が今だけ500円	3.33
MAX 50%OFF サマーセール開催中	Christmas Campaign開催中	3.33
春ｷｬﾝ:5回無料チケットﾌﾟﾚｾﾞﾝﾄ	夏ｷｬﾝﾍﾟｰﾝ:今だけ2週間無料体験	3.33
《MAX50%OFF MORE SALE 開催中》	2022 Summer Collection	3.33
インターネット契約	WEBでも電話でもカンタン申込み	3.33
会員費初年度無料。ETC永年無料	ETC永年無料。最短3営業日発行	3.33
8月号のオススメ締切日は7/4	特別授業つき6月号締切は6/22	3.33
無料No1自動車保険20社一括見積‎	格安自動車保険を探すならコチラ	3.33
【22卒】内定がない理系学生へ	【2023版】23卒新卒ITエンジニア	3.33
４月２２日よりグランドオープン	連日朝９時オープン	3.33
カートリッジ交換をお考えの方	浄水カートリッジ販売サイト	3.33
中部電力ミライズの会員サイト	中部電力ミライズのWebサービス	3.33
公式/初回限定約71%オフ	初回限定70%オフ	3.33
約100種類のテーマから物件探し	【住みたい駅やエリア】から探す	3.33
【公式】クッションコンパクト	美・皇潤BEAUTE／公式通販	3.33
4月からはじめるアパート経営	少ない資金で始めるアパート経営	3.33
《5日間限定》LAST SUMMER SALE	会員限定10%OFF キャンペーン	3.33
企業向けアプリ開発	プログラミング不要のアプリ開発	3.33
3週間分が49%OFFの1,980円でお得	21日間スターターセットが49%OFF	3.33
キャッシュバックキャンペーン	【格安】月4,400円～の光回線	3.33
見放題作品数No1／U-NEXT	31日間無料トライアル/U-NEXT	3.33
溢れる色気に悩む女性のラブコメ	コンプレックスは、あり余る色気	3.33
3月からはじめるアパート経営	シノケン／アパート経営《公式》	3.33
保険相談お申込ページ	保険の比較や相談予約ができる	3.33
女性人気ランキング第1位は？	女性に人気のクレジットカード	3.33
ビジネス用インクジェット複合機	満足度高いインクジェット複合機	3.33
六本木のマンツーマン指導なら	恵比寿駅近のゴルフスクールなら	3.33
ETC永年無料。最短3営業日発行	会員費初年度無料。ETC永年無料	3.33
3分で分かる一番安い自動車保険	No1自動車保険一括見積りサイト	3.33
完全無料の査定依頼で高額買取を	愛車を【最高額】で買取依頼	3.33
低コストで好評の税理士	最適な税理士を無料でご紹介	3.33
妊娠中に不安な妊婦さんを応援	妊娠初期の妊婦さん限定	3.33
12月号の特典つき締切日は11/14	8月号のオススメ締切は7/2	3.33
【今だけ半額】50%OFF：8／3まで	《10／5締切：500円セール中》	3.33
保険相談ショップランキング	サービス満足度No.1はどこ？	3.33
仮面ライダー見るなら／dTV	仮面ライダーシリーズ／イッキ見	3.33
UVストリーマ空気清浄機	ダイキンの新モデルが登場	3.33
全国の腕利きの職人に依頼できる	写真を撮るだけでかんたん依頼	3.33
6月号の最終締切日は6/5	限定セット付4月号締切は3/28	3.33
賢くお得な買い物を	買い物をするなら事前にチェック	3.33
公式：カラダ脱毛今だけ半額	締切せまる。3／17まで半額500円	3.33
限定版：春の総復習号は3/14まで	4月特大号の最終締切日は4/26	3.33
土日も店舗で相談できる	最適な保険選びが可能。相談無料	3.33
相談しやすい税理士を探す	保険・投資による対策も相談可能	3.33
会員限定特製CDプレゼント	公式ファンクラブa-i会員限定CD	3.33
スマホが玄関の鍵に。遠隔操作可	キーレスでストレスフリーな生活	3.33
この機会に、ぜひ始めよう	始めませんか？字がきれいな日常	3.33
読み放題漫画が100000話以上	読み放題のオトナ女子漫画も充実	3.33
2021初夏の新作続々入荷。	2021 SPRING COLLECTION	3.33
人気の月収30万円台の求人多数	670万人が利用／人気求人を探す	3.33
コミックシーモアで無料立読み	コミックシーモアで一気読み	3.33
大阪ツアーのご予約はこちら	往復JR＋ホテル／お得な大阪旅行	3.33
第一三共ヘルスケアの技術力	製薬会社【第一三共ヘルスケア】	3.33
【マイナビ転職】正社員求人多数	マイナビ転職【公式】	3.33
先行特典付4月特大号は2/14まで	4月特大号の最終締切日は4/26	3.33
11月無料体験学習受付中	入会金は不要／お近くの教室へ	3.33
リクルートのTOEIC(R)TEST対策	TOEIC【2021夏得キャンペーン】	3.33
春得キャンペーン	春得/公務員試験国家総合職	3.33
誰にも会わずWEBでお取引き可能	ネットキャッシングをお考えの方	3.33
ブライダルフェア予約	式場費用のご確認はコチラ	3.33
EOS Rシリーズのモデル比較	フルサイズ一眼の「EOS R」	3.33
【最終締切迫る】夏の特別号	【11/14まで】11月号最終締切	3.33
セゾンストアでのお買い物がお得	クレジットカードはセゾンカード	3.33
【50%OFF】11／5まで500円	今だけ半額500円＜7／5締切＞	3.33
＜簡単予約＞ブライダルフェア	ブライダルフェア【ゼクシィ】	3.33
細田守監督作品をdTVでイッキ見	日本アカデミー賞／監督：細田守	3.33
大人気のヤリス クロスをご紹介	YARIS CROSS debut	3.33
オトナ女子漫画無料も試し読み	オトナ女子漫画もイッキ読み	3.33
【auじぶん銀行史上、最低金利】	【固定10年でもこの金利】	3.33
オリックス生命／収入保障保険	お手頃な保険料／収入保障保険	3.33
Galaxyの最新折りたたみスマホ	【公式】Galaxy ５G最新スマホ	3.33
月収30万以上可 入社支度金支給	未経験でも月収例30万円以上可	3.33
シードワンデーピュア 激安通販	SEED(シード)ユーザーにオススメ	3.33
ネット限定、お得な商品	SALE、アウトレット商品も多数	3.33
ヤフーJAPAN連携サービス	ヤフージャパンから集客ができる	3.33
スタジオアリスの赤ちゃん撮影	赤ちゃん撮影の予約はこちら	3.33
新発想のスカルプケア／頭皮ケア	髪と頭皮の未来を変える。	3.33
リクナビ2022／公式	ただいま開催中／リクナビ2022	3.33
各種手当や福利厚生が充実	特別手当最大20万円支給	3.33
来院不要の睡眠専門クリニック	オンライン診療で	3.33
いつでもどこでもスマホで見守り	気軽におためし見守り防犯カメラ	3.33
ナス)と呼ばれた男】見放題	ナス)と呼ばれた男】2週間無料	3.33
「ネットでお店を開くならBASE」	副業でネットショップ始めるなら	3.33
New ROOMY	大人気のルーミーをご紹介	3.33
今だけ限定：ローズスクワラン	美容オイル／ローズスクワラン	3.33
通信教育を検討中の方へ	どの通信教育を選ぶかお悩みの方	3.33
キントでトヨタの新車に月々定額	KINTOはトヨタの新車が頭金不要	3.33
オトナ女子胸キュン漫画読み放題	【無料】オトナ女子漫画読み放題	3.33
借り換えで金利を見直し	お借入可能額・返済額を簡単試算	3.33
50歳からの1日6分おうちﾌｨｯﾄﾈｽ	1日6分おうちﾌｨｯﾄﾈｽ/2週間お試し	3.33
車両保険をスマホで簡単見積	(2022最新)自動車保険一括比較	3.33
無料連載のオトナコミックも充実	女性向け胸キュンコミック充実	3.33
MAX50%OFF サマーセール開催中	《 TIME SALE 開催中 》	3.33
自社復旧ラボ完備／復旧率95.2％	【復旧率95.2％】スピード復旧	3.33
清潔感のある男前肌に:メンズTBC	【2021年脱毛】人気のメンズTBC	3.33
この冬バズったNo.1サロンはここ	京都の人気脱毛ランキング	3.33
安心料金の税理士をご紹介	最適な税理士を無料でご紹介	3.33
自慢したくなるおしゃれな本棚	≪スッキリ片付く本棚≫2021夏	3.33
お肌の調子を整えるうるおい補給	お肌に合う化粧水をお探しの方へ	3.33
在宅ワーク・副業でショップ開設	在宅・物販ビジネスで稼ぐなら	3.33
海外のクリエーターも愛用	眠りの質を枕で上げる	3.33
初めての方でも安心【WiMAX】	《モバイルサイズWiFi》オススメ	3.33
折りたたみスマホGalaxy Z Flip3	Galaxy Z Flip3 動画公開中	3.33
男性専門抜け毛治療	続けられる男のAGA治療	3.33
ガストの宅配サービス【公式】	すかいらーくの公式宅配サイト	3.33
＼秋冬セール開催中／	Winterセール開催中	3.33
実はお得？新築の駅近戸建て	コスパの良さで選ぶ戸建て	3.33
米国公認会計士講座	米国公認会計士を目指すならTAC	3.33
【1人1回限り】噂の出るお茶	SNSであの人も使ってる噂のお茶	3.33
将来を見据えた真面目な婚活/R18	毎日、素敵なカップルが誕生/R18	3.33
営業+年収などの条件から探せる	営業職の正社員求人あつめました	3.33
フルサイズミラーレスのカメラ	小型軽量のミラーレスカメラ	3.33
4月号の最終締切日は4/25	限定セット付4月号締切は3/21	3.33
夏得:2週間完全無料通い放題	カーブス公式/2週間お試し体験	3.33
対象店舗でのりかえ	対象店舗で料金相談	3.33
融資を受けるならビジネスローン	ビジネスローンの金利を確認する	3.33
はLIXIL／最短1時間からで完了	最短1時間で完了	3.33
【聴く日経】耳で聴く読書	日経電子版がaudiobookで聴ける	3.33
SUMMER SALE：今なら半額500円	【公式HP】メンズTBC半額セール	3.33
ブライダル情報【ゼクシィ】	ブライダルフェアに行こう	3.33
シーズン1～14配信／見放題	第1～2期全話配信／2週間無料	3.33
みなぎる活力。男の男の活力源	男性の元気と活力をサポート	3.33
疲れが取れないママへ	「明日起きられるかな…」	3.33
2月無料お試しは2月1日から	次回の無料お試しは6/15受付開始	3.33
ユーグレナの効果	公式ユーグレナ	3.33
頑張る現代人の乳酸菌サプリ	プラズマ乳酸菌で毎日イキイキと	3.33
【公式】バイトル	【公式】バイトルご掲載窓口	3.33
オトナ女子胸キュン無料漫画充実	【人気漫画を無料試し読み】	3.33
便利なリュックが勢ぞろい	2WAYやきれいめリュックなど	3.33
しじみ習慣がすごい	本当に使って欲しいしじみサプリ	3.33
スリムで大容量／しかも省エネ	幅60cmで置ける大容量モデル	3.33
無料でカンタン運転能力診断	運転能力を診断しませんか？	3.33
新規事業の相談を経験者に	新規事業 / 組織開発を伴走支援	3.33
ヒゲ脱毛体験》500円SALE	2022年こそヒゲ脱毛【50％OFF】	3.33
賢くお得な買い物を	お得な情報満載	3.33
23区で彩る夏の上品大人コーデ	印象映えする上質素材の春ニット	3.33
無料まんが＆先行配信が豊富	話題の漫画10万話以上が無料	3.33
マグネット対応アクセントボード	アクセントボード	3.33
小林製薬の折れない開発力	製薬会社の本気の結晶	3.33
三菱UFJ銀行の家計簿アプリ	【公式】Mable（メイブル）	3.33
WEB申込限定日帰りツアー	現地集合で楽しむ日帰り旅	3.33
引越しプランシミュレーション	1番安い引越しシミュレーション	3.33
どんな学校？資料請求コチラから	願書請求もスタディサプリ進路	3.33
大感謝祭開催中	PREMIUM SALE開催中	3.33
由季先生の直接鑑定はカリスだけ	直接鑑定でアナタに運命の鑑定を	3.33
新規入会＆利用で10,000ポイント	楽天市場でポイント最大5倍	3.33
料理にダンスと様々な趣味クラス	韓国料理まで学べちゃう	3.33
問合せ窓口／移設・新規サポート	申込～アフターフォローまで	3.33
ドラマ原作漫画・年の差婚も配信	オトナ女子コミック／10万話以上	3.33
高校生の塾ならZ会東大進学教室	高校生の受験をサポートする塾	3.33
話題作を無料で試し読み	デジタル版限定の掲載あり	3.33
八芳園ウエディングフェア	東京の結婚式場なら八芳園	3.33
（締切間近）9／7まで半額500円	【11／5締切：50％OFF】	3.33
歯の矯正費用などにもご利用可能	高額な治療費でお悩みのあなたに	3.33
観月ありさ出演中	TVCMで話題	3.33
2020年秋物新作続々入荷。	2022年 初夏アイテム 続々入荷中	3.33
冬の換気と暖房でお困りの方に	換気も除湿もできるエアコン	3.33
期間限定 防水アウター10％OFF	《PRE SALE》MAX 50% OFF	3.33
NiziUと5G LABが遂にコラボ	NiziUを最新の映像アプリで	3.33
8月号のオススメ締切日は8/1	4月号の締切日を5/2まで特別延長	3.33
日本製原紙を使用したダンボール	オーダー品は安さだけではダメ	3.33
【公式】Liquid by Quoine	【仮想通貨】Liquid by Quoine	3.33
下取りと買取どちらが高額？	下取り前なら無料の買取査定依頼	3.33
全170話イッキ見／声優:梶原岳人	人気アニメイッキ見するなら/dTV	3.33
夏のモテ服ならプロポをチェック	夏に着るプロポの通勤カジュアル	3.33
インターンシップエントリーなら	自己分析ならマイナビ2024	3.33
アウター-レディース	DHOLICのアウター	3.33
ゲーム業界に特化した人材紹介	【ゲーム求人】シリコンスタジオ	3.33
絆を感じる手書き文字	親子できれいな文字を	3.33
500円なのに充実した脱毛体験	公式【夏直前SALE】半額500円	3.33
コストにこだわるeMAXIS Slim	eMAXIS Slimシリーズがおすすめ	3.33
スマートロックでもっと自由に。	手動ドアロックをオートロック化	3.33
脂肪が燃える 2週間おためし/ｼﾞﾑ	2週間無料おためし/自宅ﾌｨｯﾄﾈｽ	3.33
高卒資格と美容師資格を取得可能	バンタンデザイン研究所高等部	3.33
美白もできるジェリーが増量中	ついに9/21からジェリー増量開始	3.33
ハードディスク認識しない時は	HDDのトラブルはお任せください	3.33
香水の定期購入	ブランド香水を毎月試せる	3.33
女性マンガならdブック【公式】	オトナ女子向けマンガも充実	3.33
NP後払いOK／auPAYマーケット	NP後払いOK／今期新作入荷中	3.33
8月号の特典付き締切は7/10(日)	11月号の締切日は11/15	3.33
今なら1ヶ月無料で見放題	WATCHAなら全作品見放題	3.33
2月中に叶えたい想いがあるなら	※本気で願いをかなえたい人限定	3.33
知ればきれいに書ける	始めませんか？字のきれいな日常	3.33
自分のお肌諦めていませんか？	シワシミ悩みに本気で向き合う	3.33
DHOLICのビーチウェア	ビーチウェア-レディース	3.33
助成金が利用可能／Winスクール	マナー研修付き／Winスクール	3.33
クラブツーリズムで樹氷を見よう	クラブツーリズム公式ツアー	3.33
身近な法律事務所はアディーレ	過払い金の無料相談はアディーレ	3.33
毎日無料の人気漫画も充実	人気の無料漫画10万話以上を配信	3.33
ワキだけ脱毛：公式エピレ	脱毛人気ランキング／1位はワキ	3.33
24時間365日受付中	24時間お借入・ご返済が可能です	3.33
オールインワン化粧品／opme	富士フイルムから新登場のopme	3.33
週1回・6回で着付けが身につく	着付けだけでなく、着物のTPOも	3.33
【シノケン】アパート経営	8月からはじめるアパート経営	3.33
電気の引越しまるごとサポート	電気手続きのお問い合わせ窓口	3.33
新規口座開設はこちら	IPO（新規公開株）なら日興	3.33
【休日限定】送料無料	人気の売れ筋春アイテム公開中	3.33
総合フィットネスクラブ	ワンランク上のフィットネス	3.33
投資物件の無料ご提案サービス有	投資物件経営を税理士がサポート	3.33
お家の困ったはLIXILにすぐ相談	スマホで気軽に無料相談／LIXIL	3.33
再入会された方から喜びの声続々	87.7％がもう一度始めてよかった	3.33
JILL by、NBB等の公式ECモール	JILLなど人気ブランド多数取扱い	3.33
満足度1位の看護師求人サイト	希望の条件で探す【看護師】求人	3.33
締切間近のインターンシップ一覧	インターンシップを探す	3.33
U-NEXTで独占見放題（31日間）	31日間無料で全話見放題	3.33
とっさの一歩がすぐに出る	やり遂げられる脚	3.33
マルハン平塚店グランドオープン	グランドオープン後、初のＧＷ	3.33
CM放映中／東進オンライン学校	自宅で東進の授業が受けられる	3.33
1日6分だから続く/2週間おためし	1日6分楽しく続いてお腹ｽｯｷﾘ	3.33
税理士ドットコム（無料紹介）	特定業界に強い税理士を紹介	3.33
結婚式の費用をシミュレーション	結婚式の予算平均と安くする方法	3.33
新感覚、肌引き締め美容液	スパルタ泡の肌引き締め美容液	3.33
今なら対象の方限定で	18～25歳の方限定	3.33
冬のインターンシップ情報なら	冬の就活準備／本格スタート	3.33
お申し込みサイト	新幹線チケットの予約はこちら	3.33
11/13 19時～LIVE配信/2週間無料	アリソン・デュボア】見放題	3.33
【枚数限定】クーポン大量配布中	先取り福春限定こだわりクーポン	3.33
借入ローン仮審査を徹底比較2021	借入ローン仮審査を徹底比較2022	3.33
サロン選びに迷ったらエピレ	【初めての方限定】エピレで脱毛	3.33
所属スタイリストの宣伝にも	美容室登録で集客アップ	3.33
給料前払い&正社員登用制度アリ	土日祝休み／実務経験者は時給UP	3.33
個人指導。WinのExcel講座	最短2週間でエクセル資格取得	3.33
まもなくグランドオープン。	グランドオープン後、初のＧＷ	3.33
中途採用の募集/無料見積もり	中途採用の募集/充実のサポート	3.33
日立冷蔵庫45,000円下取り値引き	日立人気冷蔵庫が大特価	3.33
手のひらサイズで超微細ミスト	極小ミストでのどの奥まで湿らす	3.33
タブレット・スマホ・PCで学べる	自宅で安心、完全オンライン授業	3.33
取引はすべてオンラインで出来る	誰にも知られずWEB完結	3.33
見逃し配信・再配信タイトル多数	ブラウザ・アプリで動画を視聴	3.33
どの時間帯も快適なプレイが可能	オンラインゲームのための光回線	3.33
メンズ用ファブリーズ	ファブリーズMENで消臭	3.33
安心の実績／全国無料査定	価格満足度が高い[出張買取NO1]	3.33
生乾き臭が気になる洗濯物にも	頑固な汗臭にも効きます	3.33
本人監修で「あなた」を占う	＜あなたの2021年運勢大鑑定＞	3.33
妊娠10週の全員に無料プレゼント	食べ物などの情報誌をプレゼント	3.33
新鮮食材が生産者から直接届く	おうちごはんを贅沢に	3.33
キャンペーン実施中	毎月最大5万円が当たる	3.33
取引手数料が1カ月間無料	取引手数料が業界最安水準	3.33
牛乳に混ぜるだけの成長期飲料	"25種類の栄養素を""ギュッ""と凝縮"	3.33
男磨き応援SALE：今なら500円	3／3まで脱毛体験500円	3.33
【公式】ニトリ/NITORI 着る毛布	着る毛布で全身すっぽり寒さ対策	3.33
電気買取期間満了後の買い取り	新たなデンキ買い取りサービス	3.33
0円で引越し見積もり料金比較	料金見積もりページ	3.33
梅雨前にエアコンクリーニング	6/30まで。エアコンクリーニング	3.33
フレッシャーズ大抽選会開催中	決算セール大抽選会	3.33
年齢とともに固くなった肌に	まずは無料お試しセットで体験	3.33
完全無料で税理士をご紹介	税理士費用を安くする方法	3.33
店舗数業界NO.1のおそうじ本舗	TVCMでも話題のおそうじ本舗	3.33
CMで話題のアフラック医療保険	【NEW】新しくなった医療保険	3.33
コミックシーモアで一気読み	コミックシーモアで無料立読み	3.33
5万人参加 不動産投資セミナー	17時30分からオンラインセミナー	3.33
公式：その場で毛がなくなる脱毛	要らないヒゲだけ無くせます	3.33
呪術廻戦など話題作や新作が充実	人気コミック10万話以上が無料	3.33
夜8時まで診療	年中無休で平日夜8時まで診療	3.33
人材募集掲載のご案内	人材採用、成功までサポート	3.33
月収例33万可+特別賞与29万支給	特別賞与29万円支給 社宅費無料	3.33
初回限定約75％OFF/送料無料	この冬の免疫対策に/約75％OFF	3.33
とろけるバームで毛穴ケア	長年の毛穴汚れと黒ずみにも	3.33
どこでも手洗い	ふれずに手洗い	3.33
ネット完結のキャッシングローン	誰にも知られずネットで審査可能	3.33
お近くのKUMONの教室を検索	学ぶ楽しさをはぐくむ公文式	3.33
【最短】借入れならアイフル	カードローン／即日融資も可能	3.33
雑貨から便利アイテムまで	好きな印象のお部屋に変身	3.33
即日融資も可能。24時間申込OK。	最短３０分で審査結果がわかる	3.33
整うキレイ美マルチビタミン	葉酸入りマルチビタミン	3.33
料金・予約情報-じゃらんゴルフ	【公式サイト】じゃらんゴルフ	3.33
ジャンプ運動でエクササイズ	おうちに居ながらジャンプ運動	3.33
【おすすめ】人気漫画10万話以上	おすすめのオリジナル漫画も充実	3.33
かんたん来店予約で対象店舗へ	対象店舗で機種代金を値引き	3.33
ブレインスリープ／マットレス	睡眠の質が改善するマットレス	3.33
審査が不安な主婦の方必見	主婦に人気のクレジットカード	3.33
今、もっとも人気のサービスは？	サービス一覧から一括で資料請求	3.33
彼が最後に選ぶのはあなたのよう	「半年後にはカレの方から…」	3.33
【Handsup】オンライン販売	【初期費用０円】オンライン販売	3.33
スキルアップを目指したい方へ	派遣会社をお探しの方へ	3.33
小型軽量のミラーレスカメラ	フルサイズミラーレスのカメラ	3.33
日帰りも宿泊予約もカンタン予約	急な出張でも安心／出張パック	3.33
ネット申込みは24時間可能	最短1時間、即日融資も可能	3.33
京橋/エクササイズコーチ	京橋駅徒歩1分のパーソナルジム	3.33
永年年会費無料	新規入会で永久不滅ポイント	3.33
美しく文字を書くきっかけに	ご自宅でもきれいな文字を	3.33
冬の味覚、かにが食べたい	季節を感じて、食を楽しむ	3.33
子どもが持ちたがる防犯グッズ	子どもの手にピッタリミニサイズ	3.33
BtoBビジネスをアプリで実現	アプリで販売店支援	3.33
1日25分からのオンライン英会話	ビジネス特化型オンライン英会話	3.33
ムダ毛のないキレイな肌へ	サロン選びに迷ったら、TBC	3.33
資金繰りにお困りなら／法人向け	企業・法人の運転資金をサポート	3.33
片道プランもご用意	日帰り旅行特集	3.33
オーディオ関連機器をお探しなら	ヘッドセット、拡声器など多数	3.33
メンズTBCのスーパー脱毛	ヒゲ脱毛でジョリジョリ肌卒業へ	3.33
最新話／人気漫画を無料試し読み	最新話／番外編も配信中	3.33
子供のための脱毛サロン	エピレのキッズ脱毛はこちら	3.33
TSUTAYA TV／見放題プラン	ネットで動画視聴／見放題プラン	3.33
解答速報。PCスマホですぐ確認	無料登録で解答速報をすぐ確認	3.33
復縁できたの声多数	※実際の口コミです。	3.33
髪がパサつく／薄毛が気になる	ママの髪の毛トラブルに寄り添う	3.33
非課税・控除制度に詳しい税理士	相談しやすい税理士を探す	3.33
【フルカラー】全9巻イッキ読み	【今なら3話無料】全9話一気読み	3.33
カムカムエヴリバディも配信	おかえりモネも配信／無料お試し	3.33
節電しても暖かい	空気を汚さず、清潔	3.33
プチプラで可愛い韓国コスメ	最新韓国コスメがいっぱい	3.33
理屈抜きの即効復縁鑑定	復縁実現の実績多数あり	3.33
DHOLICのフィットネスウェア	フィットネスウェア-レディース	3.33
1月号の締切日は12/27	1月号の特典付き締切日は11/24	3.33
新しくなった商品を無料でお試し	【約３日で体感】お試しはこちら	3.33
男磨き応援SALE：ヒゲ脱毛6／7迄	清潔感のある男前肌に:メンズTBC	3.33
夏キャン:無料体験＆入会金半額	今だけ:入会金無料キャンペーン	3.33
がんばりに応える充実した諸手当	満了金総額最大306万円支給	3.33
夏デビューSALE：今なら500円	3／3まで脱毛体験500円	3.33
公式特典:今だけ1ヶ月体験が0円	夏ｷｬﾝﾍﾟｰﾝ:お試し体験０円	3.33
1日6分ﾑﾘなく続く 0円体験	1日6分省スペース 2週間おためし	3.33
イーデザイン損保【公式】	まずは無料でシミュレーション	3.33
運転が不安になってきた方へ	免許を更新するか迷っている方へ	3.33
公式通販【24時間注文受付】	梱包資材激安通販サイト	3.33
公文式学習で勉強が好きになる	おうちで公文式を始めませんか	3.33
最新9巻読めるのはシーモアだけ	【今なら2話無料】全9話一気読み	3.33
宅配レンタルで返却も簡単／公式	TSUTAYA DISCAS／公式サイト	3.33
『妊婦のための本』で無料配布中	無料プレゼントに今すぐ応募	3.33
【ホリデーコレクション】	【新登場】サマーコレクション	3.33
まずは返済シミュレーション	借入額シミュレーションはこちら	3.33
オトナ女子漫画もイッキ読み	オトナ女子漫画無料も試し読み	3.33
【公式】エピレ/epiler	こども脱毛490円【公式】エピレ	3.33
お子さまの教育費に、この１枚を	教育費にお困りならカードローン	3.33
未経験者歓迎の正社員求人を探す	正社員求人なら【リクナビNEXT】	3.33
レディースのアウター	レディースファッションの通販	3.33
スッキリしたい方へ	お通じ改善の機能性表示食品	3.33
小林製薬の認知機能対策サプリ	1日3粒目安の認知機能対策サプリ	3.33
世界中で愛されるこだわりの香り	身も心もリラックスするアロマ	3.33
会社探し・見積比較もすぐに済む	スキマ時間にリフォーム会社探し	3.33
写真も動画もキレイに撮れる	8Kビデオ搭載／最高峰の解像度	3.33
2021 SPRING COLLECTION	2021年 冬物新作 続々入荷中	3.33
ベストコスメ受賞品に限定品	estのベストセラー化粧品	3.33
もうムダ毛に悩まされない	効果で選ぶなら、TBC脱毛	3.33
男のヒゲ脱毛《6／7まで》	ヒゲ脱毛半額》￥500セール	3.33
家電も日用品もアイリスプラザで	快適な生活に必要な商品が勢揃い	3.33
SSDが認識しない時に	SSDのデータ復旧ならお任せ	3.33
【新規入会特典】最大7000円相当	PayPayボーナス最大7,000円相当	3.33
dTVでシリーズまとめてイッキ見	月額550円(税込)／dTV【公式】	3.33
MAX 50%OFF サマーセール開催中	《期間限定》全品送料無料	3.33
経験豊富な人が集まる求人サイト	専門職の総合求人サイト	3.33
【公式】SHElikes／シーライクス	Webデザインの勉強ならSHElikes	3.33
お近くの対象店舗はこちら	最新のプランをショップで確認	3.33
New Year Sale開催中／Lenovo	新生活応援キャンペーン開催中	3.33
3分で分かる最安バイク任意保険	1番安いバイク任意保険はどれ？	3.33
U-NEXTご利用中の方にお得な特典	U-NEXTとスマホのセットプラン	3.33
今こそ行きたい／クラツー公式	プラン多数／クラブツーリズム	3.33
キッズ脱毛なら、エピレ	小・中学生向けのこども脱毛	3.33
早割期間中のおせち予約がおトク	ぐるなびオススメのおせち	3.33
フレッシュマン割スタート	18～25歳の方限定	3.33
全話イッキ見／dTV（公式）	完結編シリーズ／全4話配信中	3.33
＜締切間近＞11／5まで500円	脱毛体験コース：1／31まで500円	3.33
浴室の追焚配管除菌クリーニング	浴室の根深いカビが気になったら	3.33
満足度高いレーザー複合機	ビジネス用レーザー複合機	3.33
MAX50%OFF。WINTER SALE	2020秋冬新作コレクション登場	3.33
コスパ抜群のコンタクトレンズ	コンタクト用品対象クーポン掲載	3.33
"ｄブックなら""まるごと１巻購入"""	話題作の電子書籍版をイッキ読み	3.33
操作性が抜群のデモ取引アプリ	本取引と同じことがデモで出来る	3.33
５０％OFFセール1／31まで	2022年こそヒゲ脱毛【50％OFF】	3.33
睡眠に悩む方におすすめ	1日90円で最高の睡眠を	3.33
高額な治療費でお悩みのあなたに	歯の矯正費用などにもご利用可能	3.33
カタログ商品の購入はこちらから	カタログ・TVで紹介人気商品多数	3.33
30代40代から始めるED予防	中折れが心配な方。EDは予防する	3.33
新春大抽選会 開催中	CYBER MONDAY開催中	3.33
旬の海の幸を味わおう	おすすめ冬の味覚ツアー特集	3.33
PRESALE - 最大40%OFF	期間限定キャンペーン開催中	3.33
シーズン1～7配信中／イッキ見	シーズン1～7配信中／2週間無料	3.33
初回限定キャンペーン実施中	初回限定1,620円	3.33
PayPayグルメで懇親会	安全安心に配慮した懇親会	3.33
受診を知られない。お薬最短配送	【初診料なし】治療薬を最短配送	3.33
六本木駅近のゴルフレッスンなら	神田駅近のマンツーマン指導なら	3.33
アーティスト志望大募集	17LIVEでオーディション開催	3.33
6年連続【国内No.1】シノケン	【公式】シノケン/初心者向け	3.33
【VIO・5脱毛】79％OFF	【VIO】2回6,000円で5部位も脱毛	3.33
業者紹介件数【4,000万件】以上	業界最大/300社以上の業者と提携	3.33
カラダ脱毛】2／17まで半額500円	スーパー脱毛体験：7／21まで	3.33
エントリー予約受付開始	予約リスト追加受付開始	3.33
心ゆくまでカニを堪能するツアー	食べ放題やカニづくしプラン多数	3.33
2021・春夏コレクション	2020年の冬アイテム続々入荷	3.33
説明会事前予約受付中	本エントリー受付中	3.33
第一三共開発シミに効く医薬品	シミの元から効く「医薬品」	3.33
未経験からの年収アップ方法	未経験者が読むべき資料3点	3.33
ふわふわ感が気持ちいいブラ	手放したくなくなる高品質下着	3.33
山梨の求人情報	業界最大級の求人サイト/山梨版	3.33
YARIS CROSS debut	大人気のヤリス クロスをご紹介	3.33
全身から選べる脱毛で愛され肌へ	あなたに合った脱毛が見つかる	3.33
春休み前に4月号が届く締切3/21	7月号最終締切日は6/30	3.33
【借金問題】任意整理の無料相談	任意整理するべきか弁護士に相談	3.33
アイフルは原則、在籍確認なし	誰にもバレたくない方	3.33
大人気のルーミーをご紹介	New ROOMY	3.33
【50%OFF】10／5まで500円	【期間限定】ヒゲ脱毛体験500円	3.33
人気5商品から選んで大発表	市販品で買える商品からご紹介	3.33
エピレで理想のつるスベ脇へ	簡単スピーディーでつるスベ肌に	3.33
8月号限定キャンペーン実施中	1月号のオススメ締切日は1/10	3.33
未経験者が読むべき資料3点	未経験からIT業界へ転職する方法	3.33
JR桜木町駅直結/持込OK	【JR桜木町駅直結】データ復元	3.33
営業職の正社員求人あつめました	営業+年収などの条件から探せる	3.33
バレずに借入れ可能な消費者金融	消費者金融《アイフルのご融資》	3.33
ハーバーですっぴん美肌に	素肌思い無添加主義(R)ハーバー	3.33
満足度No1の花のサブスク決定版	ポストに届ける、お花の定期便	3.33
《業界最低水準》の魅力的な金利	業界最低水準の金利で新規借入	3.33
≪2021年≫ダイエットサプリ	話題のダイエットサプリはこちら	3.33
《住宅ローン》約20社金利比較	2022年人気の住宅ローンを発表	3.33
10/7(木)13時オンラインセミナー	11時-不動産投資ウェビナー	3.33
公共料金でもポイントザクザク	お得な特典を今すぐチェック	3.33
シミ・シワ悩みの救世主	年齢肌に悩み始めたら	3.33
激安コンタクトレンズ通販	最短即日発送のコンタクト通販	3.33
中学9教科＋リスニングを1台に	中学3年間の学習範囲を完全網羅	3.33
未経験・無資格でも	高時給.土日休み.保険完備	3.33
トヨタのレクサスが頭金0円	レクサスが月額74,800円～	3.33
不動産売却の最新情報なら	【公式】住友不動産販売	3.33
平塚店、連日朝９時オープン	連日朝９時オープン	3.33
【資生堂薬品】イハダ 新発売	イハダ 治療シリーズ	3.33
骨の健康が心配な方へ	カルシウム不足をおいしく補える	3.33
リクルートカード	還元率1.2%のリクルートカード	3.33
来院不要の睡眠専門クリニック	オンライン診療で家までお届け	3.33
今より安くなる電力会社をご提案	電力会社の電気料金比較サイト	3.33
日本各地の逸品をお取り寄せ	ふるるで取り寄せ	3.33
公式：No.1ニキビケア	公式：今なら無料プレゼント付	3.33
新春SALE開催中：1／31まで500円	ヒゲ脱毛するなら今だけ500円	3.33
ネット限定、お得なアウトレット	SALE、価格見直し商品も多数	3.33
「今、借りたい」スマホ申込みOK	申込・契約・借入すべてWEB完結	3.33
ハイドラフェイシャルで角栓除去	バキューム洗顔で毛穴を引き締め	3.33
ブラザーのラベルプリンター	熱転写ラベルプリンター	3.33
【今だけ半額】50%OFF：11／4迄	メンズTBC：ヒゲ脱毛半額セール	3.33
特別授業つき6月号締切は6/6	9月号のオススメ締切日は9/20	3.33
ドラム式洗濯機クリーニング	洗濯機のクリーニングならお任せ	3.33
13時からオンラインセミナー開催	8/20(金)19時オンラインセミナー	3.33
今なら数学無料／英語が新登場	数学１年間無料・申込み4/30まで	3.33
おうち時間で自動車保険の見直し	98％が安くなった自動車保険	3.33
くるまたかしで車査定	ラジオCMでおなじみくるまたかし	3.33
春休み中に届く締切日は4/5	8月号の特典つき締切日は7/25	3.33
エアコンで寒くなりにくい換気を	ダイキンの換気で冬を快適に	3.33
オンライン診療で家までお届け	来院不要で即日スマホ診療OK	3.33
お試しセットが税込￥1,980	特別セットが￥2,420（税込）	3.33
吸収されやすいコラーゲンとは？	コラーゲンも、ビタミンも。	3.33
ジョーマローン／人気香水	JO MALONEの香水をミニサイズで	3.33
U-NEXTで見逃し配信！	4/17(日)14:00～U-NEXTで生配信	3.33
世界中で愛されるコスメブランド	イスラエル発コスメブランド	3.33
スペシャルBTSページ公開中	BTSミニポスタープレゼント	3.33
一般的な綿の2.2倍の通気性	速乾性が高く、快適な着心地	3.33
10秒で分かる《育毛剤TOP３》	今話題のポリピュアEXは何位	3.33
最高の睡眠をお得に購入	枕で最高の睡眠を	3.33
建築専門のカメラマン多数登録	専門のカメラマンが見つかる	3.33
ぽかぽか暖か ニトリの着る毛布	着る毛布で全身すっぽり寒さ対策	3.33
8月号の早期特典付き締切日は7/4	春休み中に届く締切日は3/26	3.33
U-NEXT独占配信／無料トライアル	4/22 21:00～U-NEXTで独占配信	3.33
50％OFFセール2／3まで	男のヒゲ脱毛《2／3まで》	3.33
【スピード対応】最短で即日成約	2分でかんたん無料見積もり	3.33
四半期決算セールファイナル開催	サマーセール実施中	3.33
一番安い電力会社はどこ？	最短30秒でプランが見つかる	3.33
【半額】50%OFF：4／20まで	ヒゲ脱毛半額セール〈500円〉	3.33
手ごわいお腹の脂肪がｽｯｷﾘ	1日6分脂肪が燃えるおうちﾌｨｯﾄﾈｽ	3.33
主演:田村正和／dTV（公式）	主演:田村正和／初回無料お試し	3.33
単価10円からオーダー段ボール板	ダンボールシートを簡単オーダー	3.33
キャンペーン金利年1.5％～	金利年1.5％～年2.45％	3.33
完全無料で税理士をご紹介	低コストで税理士に丸投げ	3.33
公式／富士フイルム	公式サイト限定／初回限定お試し	3.33
最短即日融資可能のカードローン	とにかく今すぐお金を借りたい	3.33
試せて安心 レンタルドレス	ネットで簡単 ドレスレンタル	3.33
ユニクロ年末祭 開催中	感謝祭 開催中 11/29(月)まで	3.67
タライの専用ホームページ	タライの通販ならミスミ	3.67
今だけ3大特典:入会金無料など	今年こそやせる:無料体験ｷｬﾝﾍﾟｰﾝ	3.67
（締切間近）11／4まで半額500円	期間限定【500円】半額セール中	3.67
【最大20社】一括見積もり比較	2022年の自動車保険20社一括見積	3.67
11年連続復旧売り上げ国内No.1	国内最新設備 最大級の復旧ラボ	3.67
愛犬と一緒にinumoに泊まろう	ワンちゃんと一緒にホテルステイ	3.67
昭和・平成・令和ライダーが集合	仮面ライダーシリーズを一挙配信	3.67
半額キャンペーンは4/26まで	半額キャンペーン実施中	3.67
《認知度No.1》薬剤師転職サイト	【公式サイト】リクナビ薬剤師	3.67
秋キャン：１ヶ月無料体験	冬キャン：1回無料＆入会金50%	3.67
週2-5の幅広い働き方をサポート	週1〜の技術支援	3.67
【無料配信】漫画10万話以上	無料のオトナ女子向け漫画も充実	3.67
主婦の仕事さがし【しゅふJOB】	主婦のためのパート求人サイト	3.67
レディースファッション	レディースワンピース	3.67
おうち時間で【簡単見積もり】	ネットで【簡単見積もり】	3.67
メンズTBC：1／13まで	2／3まで：メンズTBCのお得体験	3.67
秋ｷｬﾝ:今だけ1ｹ月完全無料体験	春ｷｬﾝ：3問答えて5回無料体験	3.67
全4話／アニメシリーズ全作配信	全4話イッキ見・初回無料お試し	3.67
11月号の特典付き締切日は11/4	1月号の締切日は11/15	3.67
プチプラ可愛いスクールアイテム	キャッシュバック実施中	3.67
8/17(火)13時からウェビナー開催	14時からオンラインセミナー開催	3.67
出費が重なっている方へ	趣味の軍資金等を借りたい方	3.67
池袋駅近のゴルフスクールなら	池袋駅近のマンツーマン指導なら	3.67
【特別価格】初回限定約69％OFF	初回限定価格100円／約98％OFF	3.67
スポーツ・アウトドア用品など	キャンプ用品・釣り具など販売	3.67
F-400-01A2(公式)	F-400-01A2／ミスミ	3.67
一般事務・アシスタントの転職	一般事務・受付の転職	3.67
2022年の新卒リクナビへ広告掲載	リクナビ2022に求人広告	3.67
知識０でもプロ品質/Video BRAIN	商材動画を楽々作成/Video BRAIN	3.67
シューズ-レディース	DHOLICのシューズ	3.67
自然な優しさが頭を包む	頭皮と髪にやさしい低刺激処方	3.67
ヤマダデンキ公式	ヤマダウェブコム	3.67
自然な仕上がり。院長自ら手術	傷跡が目立たない。無料相談	3.67
今だけ半額500円＜4／4締切＞	【50%OFF】1／13まで500円	3.67
本当に効果がいいメンズ脱毛は？	おすすめのヒゲ脱毛とは	3.67
特別賞与15万円支給/いなべ工場	月収例33万円以上可+1R社宅完備	3.67
リクナビNEXTで即戦力をスカウト	リクナビNEXT 求人掲載の申込み	3.67
一戸建て オープンハウス／公式	2021年最新版／OPEN HOUSE	3.67
導入実績1万店舗以上/実績No.1	UPLINK/導入実績1万店舗以上	3.67
職人のデニムリペア	職人のジーンズ修理	3.67
18時からオンラインセミナー開催	1/20(水)19時からウェビナー開催	3.67
5月7日新店舗オープン	新店舗オープン	3.67
人気ブランドレインブーツなら	《AIGLE 大人気レインブーツ》	3.67
銀座駅近のマンツーマン指導なら	六本木駅近のゴルフレッスンなら	3.67
頼れるインテリアローンを選ぼう	インテリアローン、どこがいい？	3.67
（本日最終日）脱毛半額500円	【12／15まで】脱毛半額500円	3.67
郵便物は一切なし／WEB完結	WEBなら最短25分で融資可能	3.67
講演会・式典・パーティーに	懇親会・ビジネスイベントに	3.67
Cygamesに直応募可能	Cygamesが採用強化中	3.67
1万名に母子手帳ケース等当たる	1万名におむつケースなど当たる	3.67
4月号入会でタブレット代金0円	専用タブレット0円	3.67
今だけ半額500円＜2／3締切＞	今年最初のヒゲ脱毛50％オフSALE	3.67
テレビアンテナの設置・修理なら	アンテナ工事ならアンテナ110番	3.67
Chanelの香水をミニサイズで	シャネルの香水を低価格でお試し	3.67
48Hours Weekend Sale	《MAX50%OFF》WEEKEND SALE	3.67
高校卒求人なら【リクナビNEXT】	高卒OKの求人情報、多数掲載中	3.67
戦略的な人材育成を実現	次世代リーダー育成の課題を解消	3.67
【さらりと潤うハンドクリーム】	滑らか肌へ導くハンドクリーム	3.67
メンズTBC：1／13まで500円	（締切間近）1／13まで500円	3.67
PCカードゲームの王道	シャドウバースPC版	3.67
気持ち伝わるセブンのギフト	セブン－イレブンの父の日ギフト	3.67
初心者歓迎ｷｬﾝﾍﾟｰﾝ:3回無料体験	正月太り解消:無料体験ｷｬﾝﾍﾟｰﾝ	3.67
交通費全額支給有／時給\\1,500～	時給1,500円～/評価で更に時給UP	3.67
10/9(土)14時オンラインセミナー	18時からオンラインセミナー開催	3.67
人気コミック10万話以上を配信	【人気コミック】10万話以上無料	3.67
当たると話題のオリジナル占星術	日本一当たるとTVで紹介された	3.67
レクサスの高品質な中古車	LEXUS CPO	3.67
ペット関連の費用にご利用可能	ペットのために利用可能なローン	3.67
フリータイムはdTVで動画視聴	おうちのフリー時間を楽しもう	3.67
ネジすべり止め液の専用ページ	ネジすべり止め液通販／ミスミ	3.67
【TVで紹介された、疲労対策法】	疲労回復・予防に	3.67
プロポの“冬の映え”アイテム	冬のモテ服ならプロポをチェック	3.67
90日間無料キャンペーン実施中	90日間無料キャンペーン／SPOOX	3.67
無料カウンセリングあり	術前の検査は無料です	3.67
キッチン周りの頑固な油汚れに	みずまわりのクリーニングは	3.67
指名、集客を増やしたいなら	ヤフーJAPANから集客ができる	3.67
データ復旧率95.2%最速30分納品	データ復旧国内売上No.1	3.67
【今週更新】新着物件はコチラ	【最新】おすすめ新着物件多数	3.67
サマーセール開催中	Premium SALE開催中	3.67
Vライン脱毛体験コース【500円】	気になるVラインの脱毛体験	3.67
自信を持って歩ける脚づくり	10年後も自分の脚で歩き続けたい	3.67
エアーバッグと足裏EMSで	EMSで足裏を心地よく刺激	3.67
ビジネスローンの申込みはこちら	事業者ローン専用ページ	3.67
1番安い引っ越し業者が分かる	引越し業者料金シミュレーション	3.67
美味しさに自信／リピート率97％	青汁より美味しく飲めると話題	3.67
ジャガーミシンが安い	高性能ミシンが大特価	3.67
1日6分でみるみる痩せる運動	1日6分で痩せるおうちﾌｨｯﾄﾈｽ	3.67
【女性漫画】10万話以上読み放題	毎日連載の無料漫画も読み放題	3.67
いぬも家族も、一緒に泊まる	東京都心でワンちゃんと一緒に	3.67
ソフトバンク独占販売中	神コスパ／ソフトバンク独占	3.67
公式特典:1か月も無料通い放題	公式特典:無料体験＆福袋ﾌﾟﾚｾﾞﾝﾄ	3.67
【鬼滅の刃】アニメも映画も	劇場版 鬼滅の刃 無限列車編	3.67
急な出張でも安心／出張パック	往復新幹線＋ホテルの出張パック	3.67
モノタロウでんきで電気代を削減	モノタロウでんき	3.67
【決定版】すっぽんサプリ1位は	30代～50代女性の人気1位サプリ	3.67
(Casselini)が最大3万円割引	(Casselini)が最大70%OFF	3.67
希望の求人がきっと見つかる	あなたの転職活動をサポート	3.67
【2021春夏コレクション】	【新登場】サマーコレクション	3.67
おしゃれな壁紙をご検討の方へ	室内タイルをご検討のあなたへ	3.67
人気大手企業の転職フェア	人気企業出展の合同企業説明会	3.67
11/6開幕 スカパーにて徹底中継	注目50試合を徹底中継 スカパー	3.67
2020年の新作アイテム続々入荷	2021年の冬アイテム続々入荷	3.67
気になるシワ・シミにアプローチ	ハリツヤ溢れる素肌へ	3.67
出産祝いにAmazonギフト券	子どもの写真で作るAmazonギフト	3.67
冬セール 最大70%OFF	SALE 最大75%OFF	3.67
(Khadi and Co)が最大70%OFF	Khadi and Coがアウトレット価格	3.67
病院の換気の悩みを解決	クリニックの換気、大丈夫？	3.67
２４時間ネットお申し込み受付中	24時間お借入・ご返済が可能です	3.67
10万話以上の人気漫画を配信	【無料】漫画10万話以上試し読み	3.67
電気料金比較サイトで見直し	今すぐ電気代をシミュレーション	3.67
AUDI・レクサス・BMW	メルセデス・レクサス・BMW	3.67
手術のご相談は無料	術前の血液検査は無料	3.67
LOWYA家具／2021最新トレンド	≪最新トレンド≫おしゃれな家具	3.67
リモートにもぴったりなおせち	おせちの通販はこちらから	3.67
男性の元気と活力をサポート	みなぎる活力。男の男の活力源	3.67
5年連続【国内No.1】の着工棟数	6年連続【国内No.1】シノケン	3.67
イハダ アレルアスクリーンEX	イハダの防御スプレー	3.67
名古屋駅近のゴルフスクールなら	名古屋駅近のマンツーマン指導	3.67
データが消えてしまった？	消えたデータを復旧できる	3.67
脱毛体験が今なら半額500円	TBCのVライン脱毛が今だけ500円	3.67
これ1本で美髪・白髪ケアが叶う	キレイで自然な髪色へ導きます	3.67
"メンズTBC：新春SALE""2／3まで"""	メンズTBC：5／9まで	3.67
無料で1万名にプレゼント	フォトブック無料プレゼント	3.67
8/22(日)13時オンラインセミナー	11時30分からオンラインセミナー	3.67
初めての方にもお得な定期コース	【公式通販】お得な定期コース	3.67
ソフトバンクならおトクに購入	ソフトバンクならおトクに予約	3.67
小中学生向け通信教育／東進	東進オンライン学校	3.67
FINALの特典付締切1/31(日)	入試直前FINAL締切2/15	3.67
専門職の総合求人サイト	経験豊富な人が集まる求人サイト	3.67
格安コンタクトレンズ通販／公式	激安通販レンズダイレクト	3.67
12球団公式戦徹底中継／スカパー	セ・パ12球団公式戦全試合生中継	3.67
自己処理のデメリットをご紹介	アナタの肌を傷つけているかも	3.67
GUCCIの香水をミニサイズで	GUCCIの香水を低価格でお試し	3.67
シャネルの香水をミニサイズで	Chanelの香水を低価格でお試し	3.67
Diorの香水をミニサイズで	Diorの香水を低価格でお試し	3.67
一番お得な先行会員：先着100名	今ならお得な「先行会員」受付中	3.67
しゅふJOB／求人多数掲載中	【主婦・女性大歓迎】しゅふJOB	3.67
1日6分ﾑﾘなく続く 無料体験	1日6分で楽しく脂肪が燃える	3.67
その場で印刷、モバイルプリンタ	サッと出して、 その場で印刷	3.67
初回限定／約1週間分無料お試し	約8日間無料お試しセット	3.67
クロネコ・ヤマト	クロネコ・ヤマトの単身引越し	3.67
最新スマホ新発売	最新折りたたみスマホ新発売	3.67
キャッシュバックキャンペーン中	キャンペーン実施中、詳細こちら	3.67
1月号の締切日は11/15	1月号のオススメ締切日は11/15	3.67
2級夏の得割キャンペーン	簿記2級合格応援キャンペーン	3.67
いくつになっても歩みに自信を	10年後も自分の脚で歩き続けたい	3.67
【東リベ】コラボ体験入学	【人気アニメ】コラボ体験入学	3.67
シリコンスタジオ/ゲーム転職	ゲーム業界に特化した人材紹介	3.67
1万名にマルチバッグなど当たる	1万名に選べるプレゼント	3.67
5月5日までGWセール開催中	5月27日まで五月晴れセール中	3.67
手続き開始はこちら	契約・申し込みの手続きはこちら	3.67
オフィスの換気の悩みを解決	オフィスの換気、本当に大丈夫？	3.67
自動温度調節機で室温をキープ	換気しても体感温度をキープ	3.67
結婚式場選びに迷ったら	ウェディングの相談はこちらから	3.67
【地元採用に強い】掲載はこちら	採用成功実績多数/掲載はこちら	3.67
Menicon Miru 高松店／直営販売	Menicon Miru 高松店	3.67
健康サイクル支える神秘の健康力	神秘の健康力で元気チャージ	3.67
冬セール MAX 80% OFF	最大80%OFF SALE 開催中	3.67
噂のワキガ対策商品を使いました	ワキガ対策／私はこの1本で解決	3.67
最終締切を5/2まで特別延長	4月号のオススメ締切は4/18	3.67
対象コースが5万円割引	2月28日まで50,000円割引	3.67
リクナビNEXT 求人掲載の申込み	リクナビNEXTの掲載料金ご案内	3.67
バキューム洗顔で肌綺麗	ハイドラフェイシャルで肌綺麗	3.67
JTBダイナミックパッケージ	JTBならお得なプランが豊富	3.67
就職先が幅広いバンタン/全日制	バンタンは100%プロ指導/全日制	3.67
春／スエード調素材でこなれ感	レディに品よく着こなす春ニット	3.67
葉酸入りマルチビタミン	ととのえる高濃度マルチビタミン	3.67
10点保管パックが税込9,800円〜	【週末SALE】10点パック10,800円	3.67
たっぷりコラーゲンでぷるつや	すっぽんコラーゲンがすごい…	3.67
好きなことに夢中になれる高校	あなたの「好き」を応援する高校	3.67
【公式】生活ガイド	生活ガイド.com	3.67
SENSE OF PLACEが最大70%OFF	SENSE OF PLACEが最大3万円割引	3.67
信用取引のコストが安い	低コスト＆充実のネットサービス	3.67
睡眠で悩むあなたへ。	働き盛りのあなたへ	3.67
2カ月無料体験／朝デジの春トク	月額1,980円が今なら2カ月分無料	3.67
【50%OFF】10／5まで500円	今だけ半額500円＜3／3締切＞	3.67
人気の新型ミニバンをご紹介	人気のコンパクトカーをご紹介	3.67
ご予約なら【じゃらんゴルフ】	じゃらんゴルフホームページ	3.67
三重で希望の求人情報がみつかる	三重の社会人のための転職サイト	3.67
秋ｷｬﾝ:入会金無料キャンペーン	春ｷｬﾝﾍﾟｰﾝ：今だけ5回も無料体験	3.67
リクナビ2023／公式	就活準備を支援《リクナビ2023》	3.67
1週間で2回、公文式を無料で体験	今なら無料で公文式が体験できる	3.67
2021年4月の最新のローン情報	2021年4月最新版	3.67
すっぽんサプリ人気ランキング	【2022決定版】すっぽんサプリ	3.67
受診を知られない。お薬最短配送	来院なし。受診を知られない	3.67
法人向け：企業の人材育成	法人向け：オンライン社員育成	3.67
初めてでも確実に身に付く	スキルと資格が確実に身につく	3.67
コスメ・スキンケアの販売	韓国コスメなど販売なら	3.67
金利／業界最低水準でお借り入れ	【業界最低水準の魅力的な金利】	3.67
公式：肌に優しい脱毛ならエピレ	【公式 】美肌脱毛サロン	3.67
石川で希望の求人情報がみつかる	石川で転職・求人情報を探す	3.67
期間限定で金利半額実施中	9月30日16:59まで金利半額	3.67
レディースワンピース	レディースファッション	3.67
ヤフー検索 幕末志士ランキング	検索数が多かった幕末志士を紹介	3.67
ラーメンに特化した専用マップ	ラーメンマップでお店を探そう	3.67
シワやヨレを防止できる柔軟剤	デリケートな衣類のシワものばす	3.67
プロポの“夏の映え”アイテム	春に着るプロポの通勤カジュアル	3.67
2段階定額プランで安くしたい	インターネット料金を抑えたい方	3.67
マナー研修付きの新入社員研修	オンライン研修に対面式研修も	3.67
10ギガメニューで超高速	超高速でサクサク快適	3.67
一括無料査定で	簡単一括査定出来るRE-Guide	3.67
検索数が多かった幕末志士を紹介	ヤフー検索 幕末志士ランキング	3.67
日本初のNiziU FRコンテンツ配信	NiziUとFR SQUAREが遂にコラボ	3.67
お得なキャンペーン実施中	980円キャンペーン実施中	3.67
10月号のオススメ締切は9/26	9月号の最終締切日は8/26	3.67
5月31日まで最大20,000円割引	11月20日まで10,000円割引	3.67
春得：今だけ5回も無料体験	春キャン:無料体験＆入会金半額	3.67
おうちで体験ショールーム	オンラインでショールーム体験	3.67
NiziUの映像をFRで楽しもう	NiziUとFR SQUAREが遂にコラボ	3.67
法人/ビジネス用PCも	ビジネス用のお得なPCも	3.67
《本日最終日》脱毛500円	《締切間近》4／14まで500円	3.67
複合機リース費でお悩みの方必見	印刷費用を削減したい方、必見	3.67
販売・通販サイトを簡単に開設	本格ECサイトが簡単に／BASE	3.67
《初回限定》50％OFF：2／3まで	今だけ半額500円＜6／7締切＞	3.67
濃密なうるおいで、しなやかな肌	【新発売】濃密なうるおい	3.67
優秀インナーいろいろ	優秀インナーでおしゃれを快適に	3.67
ペットのために利用可能なローン	ペット関連の費用にご利用可能	3.67
マンションの売却情報はこちら	今、マンション売却をお考えなら	3.67
4月号のオススメ締切日は4/10	11月号の特典つき締切日は10/31	3.67
2月号の最終締切日は2/5	1月号のオススメ締切日は10/3	3.67
【2021年女性保険ランキング】	オンラインで女性保険を相談	3.67
【締切せまる】5／9まで1,000円	【11／5締切：50％OFF】	3.67
9/25(土)13時オンラインセミナー	9/11(土)11時からウェビナー開催	3.67
解施錠の履歴をアプリで確認	家族の合鍵をアプリで管理	3.67
住所入力で対応エリアを確認	auひかり／対応エリアのご確認	3.67
見学したい施設数No.1	見やすいサイトNo.1	3.67
誰にも知られずWEBで審査可能	スマホで完結のカードローン	3.67
＜ゲリラSALE＞15,000円OFF中	【今だけ】最大28,000円OFF	3.67
業界最安1350円（税込）から	かかるのは業界最安のお水代だけ	3.67
【公式】KINTO ONE／キント	【公式】KINTO／サブスク	3.67
未経験からの年収アップ方法	年収を上げる方法	3.67
【無料お見積もり】はこちらから	おうち時間で【簡単見積もり】	3.67
人気の女性漫画をイッキ読み	話題のミステリー今すぐ一気読み	3.67
肌のくすみでお悩みの方へ	エイジングやしみ・くすみに	3.67
シエンタが月額49,500円～	トヨタのシエンタ月額49,500円～	3.67
（締切間近）10／5まで半額500円	今だけ半額500円＜8／3締切＞	3.67
六本木のマンツーマン指導なら	新宿駅近のゴルフスクールなら	3.67
(EDIFICE)が最大70%OFF	(EDIFICE)が最大3万円割引	3.67
9/3(金)19時からウェビナー開催	8/28(土)13時オンラインセミナー	3.67
7／5まで150本脱毛体験開催中	（締切間近）7／5まで50％OFF	3.67
くすみ・しみのない明るさを	肌のくすみでお悩みの方へ	3.67
ブラウスやプリーツのシワにも	シャツや座りジワをピンシャキに	3.67
すぐに融資を受けたい方へ	アイフルなら即日融資が可能	3.67
【期間限定】無料で公文式を体験	9月無料トライアル受付中	3.67
年賀状を手書き文字で	美しい字を身につけるきっかけに	3.67
アイリスオーヤマの防災士監修	アイリスオーヤマの「防災用品」	3.67
5月号締切日は5/20	11月号の最終締切日は10/25	3.67
今だけ初回半額2480円で試せる	累計100万本突破。初回半額¥2480	3.67
ニガテ攻略つき4月号は1/31迄	本番点直結PACK付4月号は1/17迄	3.67
ロペピクニックの子供サンダル等	ロペピクニックのかわいい服たち	3.67
7月号のオススメ締切は6/13	10月号の最終締切日は10/3	3.67
手作りキット販売／クチュリエ	ハンドメイドキット通販	3.67
【期間限定】7／7まで1,000円	【今だけ半額】50%OFF：9／7まで	3.67
リクルートカード	Recruit-Card新規キャンペーン	3.67
建築資材のデリバリーはsonitech	sonitechで建築資材一式を調達	3.67
カンタン骨盤底筋トレーニング	骨盤トレーニングで尿漏れ対策を	3.67
独占配信・新連載漫画も読み放題	【無料読み放題】オトナ女子漫画	3.67
独立・開業するならおそうじ本舗	安定経営のおそうじ本舗	3.67
確かに違う１着	一枚で着映えするトップス	3.67
新築・中古物件探しはOPEN HOUSE	新築物件お探しはオープンハウス	3.67
換気と暖房を両立する冬	エアコンで換気と暖房を両立	3.67
即日融資も可能なカードローン	最短３０分で審査結果がわかる	3.67
全国の百貨店に出店中	全国の百貨店で買取相談 受付中	3.67
電力会社のキャンペーンまとめ	期間限定のキャンペーン一覧	3.67
会社設立に強い税理士お探しの方	会社設立の税理士を無料紹介	3.67
今年もかにの季節が到来	新鮮なカニを贅沢に堪能	3.67
全話無料コミックもイッキ読み	【無料コミック10万話以上】	3.67
さらに最大1000円分貰える。	期間限定で最大1000円分GET	3.67
(TORY BURCH)がアウトレット価格	(TORY BURCH)が最大70%OFF	3.67
ビジネス英語／スタディサプリ	スタディサプリ英語／公式	3.67
【2022年】500円は1／31まで	今だけ半額500円＜5／9締切＞	3.67
Chloeの香水を低価格でお試し	Chloeの香水をミニサイズで	3.67
≪大至急即日融資をしたい≫方へ	スマホから≪最短60分≫即日融資	3.67
オンライン講座受付中	オンライン講座・映像授業	3.67
全員最大10,000円分ポイント還元	抽選で10,000円分ポイントあたる	3.67
納得いくまでお試し/5回無料体験	夏得:今だけ2週間無料お試し体験	3.67
介護業界で希望の条件で働く	介護業界での経験を活かす	3.67
WiMAX端末が格安«０円»	初期費用割引【WiMAX】	3.67
8/18(水)13時オンラインセミナー	11時からオンラインセミナー開催	3.67
簡単施工で窓の断熱効果アップ	簡単施工で一年中快適・省エネ	3.67
Web完結で最短即日ご融資	最短で当日のご融資／年会費無料	3.67
効率良く北海道を巡ろう	北海道周遊ツアー特集	3.67
担当者いちおしツアーを掲載	長期滞在するツアーもご紹介	3.67
【期間限定】NSシリーズが大特価	期間限定 人気シリーズが大特価	3.67
月額625円/スピードラーニング	月額625円でコンテンツ聴き放題	3.67
1日6分のらくらく腹筋運動	1日6分で脂肪がみるみる燃える	3.67
快適な換気はベンティエールで	選べる換気機器ベンティエール	3.67
オンライン無料相談	おうちでプロに無料相談	3.67
シリコンスタジオエージェント	ゲーム映像業界へ転職するなら	3.67
原則電話連絡なし／バレない対策	誰にもバレずに今すぐ借入れなら	3.67
公式特典:今だけ、入会金無料	無料体験＆入会金無料ｷｬﾝﾍﾟｰﾝ	3.67
株式投資を始めるなら	株式投資なら日興で	3.67
過去大人気作を一挙公開中／dTV	劇場版コナンシリーズ配信中/dTV	3.67
映画・ドラマなど人気作一挙配信	新作も名作も多数取り揃え	3.67
新生活応援ニャンペーン実施中	＼今だけのお得なニャンペーン／	3.67
（500円脱毛体験）清潔な肌へ	150本脱毛体験予約はこちら	3.67
花見スポットを紹介	桜の名所を巡る	3.67
製品数カテゴリー数は国内最大級	【国内最大級】IT製品比較サイト	3.67
毎月ポイントがたまる・つかえる	家族とお申込で年間1,200pたまる	3.67
"日本最大級""看護師""転職サービス"	看護師人材紹介満足度No.1	3.67
春キャン:今だけ3回無料体験	10秒ｱﾝｹｰﾄ回答で5回無料体験	3.67
定番マタニティ誌無料プレゼント	妊娠したら全員に無料プレゼント	3.67
【引越し】料金シミュレーション	一番安い引越しシミュレーション	3.67
バレずに盛れる美人カラコン	裸眼風カラコンでモテ瞳を実現	3.67
【TVCMで話題】おそうじ本舗のFC	おそうじ本舗のフランチャイズ	3.67
名古屋・東京の新幹線を申込み	名古屋・東京のお得なツアー予約	3.67
老後の資金作り始めませんか？	お得に老後の資金を貯めるには？	3.67
ダイキン高機能エアコンが安い	ダイキンエアコン2.5万円値引き	3.67
980円キャンペーン3/1開始	お得なキャンペーン3/1開始	3.67
【アイフル】バレずに借入れ可能	アイフルは原則、電話連絡なし	3.67
【締切せまる】6／7まで1,000円	【今だけ半額】50%OFF：12／2迄	3.67
滑らか肌へ導くハンドクリーム	【さらりと潤うハンドクリーム】	3.67
シミ・シワ悩みの救世主	気になるシミ・シワにアプローチ	3.67
2月号の特典付き締切日は2/15	2月号の最終締切は2/26(金)	3.67
お宮参り撮影の予約はこちら	お宮参り撮影はプロにおまかせ	3.67
妊娠初期の全員に無料プレゼント	マタニティ雑誌を全員プレゼント	3.67
ワンちゃんと一緒にホテルステイ	愛犬と一緒にinumoに泊まろう	3.67
即日でお金を借りたい方	即日融資も可能。24時間申込OK。	3.67
最短発行クレジットカード比較	最短即日発行のクレジットカード	3.67
60分滝汗ダイエット体験0円	ホットヨガ体験レッスン0円	3.67
いつ申し込んでも1カ月間分お得	読み放題プランが1カ月間分お得	3.67
公式：カラダ脱毛今だけ半額	カラダ脱毛】1／27まで半額500円	3.67
どうしても今すぐ借りたい方必見	女性でも安心してすぐ借りれる	3.67
駐車場付き／新築・中古一戸建て	駐車スペース2台以上	3.67
PayPayボーナスもらえる	PayPayボーナス最大7,000円相当	3.67
その頑張りに乳酸菌の新習慣	頑張るあなたの免疫サプリ	3.67
父の日おすすめアイテムが多数	父の日ギフトセレクション	3.67
特別授業つき6月号締切は5/30	８月号の特典つき締切日は7/25	3.67
登録者数/転職成約率No.1	薬剤師登録者数No.1求人サイト	3.67
1日6分でムリなく脂肪が燃える	1日6分脂肪が燃えるおうちﾌｨｯﾄﾈｽ	3.67
ウイルス飛沫の拡散を抑える	空気を汚さず、清潔	3.67
60秒でかんたんWeb見積もり	引越し見積もりシミュレーション	3.67
BNノズルの通販ならミスミ	BNノズルの専用ホームページ	3.67
マツダ公式中古車サイト限定車	公式サイトだけのクルマ公開中	3.67
通信教育を検討中の方へ	通信教育はやっぱり進研ゼミ	3.67
取替浄水スパウト	リクシルの取替浄水スパウト	3.67
全国のコンビニで借入・返済可能	全国の銀行、コンビニで利用可能	3.67
いい買い物の日セール開催中	BLACK FRIDAY開催中	3.67
特別キットが￥2,420（税込）	お試しセットが税込￥1,980	3.67
冬の味覚、かにが食べたい	新鮮なカニを贅沢に堪能	3.67
2021年4月開校	2022年4月生募集受付中	3.67
8/18予約開始 ソフトバンク独占	予約受付中 ソフトバンク独占	3.67
人気＆新着アイテム 随時更新中	人気の売れ筋アイテム公開中	3.67
新作の財布が続々入荷中	2021秋冬コレクションが入荷中	3.67
ソケット 3D通販／ミスミ	ソケット 3Dの専用ページ	3.67
秋冬インターンシップエントリー	インターンシップエントリー開始	3.67
新規申込みでも即日融資可能	業界最高水準の融資速度	3.67
1日6分のらくらく代謝アップ運動	1日6分おうちﾌｨｯﾄﾈｽで代謝ｱｯﾌﾟ	3.67
最後まで完全生中継／スカパー	新シーズン始動／スカパー	3.67
期間限定 人気シリーズが大特価	【期間限定】NSシリーズが大特価	3.67
8/20(金)19時からウェビナー開催	12時からオンラインセミナー開催	3.67
【10万話以上無料】漫画サイト	【おすすめ】全話無料漫画も配信	3.67
人気ブランドの下地・ベース充実	韓国の優秀ベース・下地が充実	3.67
受講料無料、そのわけは？	安心の少人数制。受講料0円	3.67
【公式】CHINTAI／お部屋探し	【CHINTAI】公式サイト	3.67
Broad WiMAX／トップページ	Wi-Fiルーターなら【WiMAX】	3.67
（締切間近）7／5まで50％OFF	《締切間近》3／3まで500円	3.67
お近くの店舗をお探しの方	町田旭で店舗をお探しの方	3.67
第2戦ドーハGP生中継	第3戦ポルトガルGP生中継	3.67
【半額】50%OFF：1／31まで	《締切間近》5／9まで500円	3.67
保険料シミュレーションはこちら	お手頃な保険料／ネットで申込み	3.67
今すぐ無料で口座開設	口座開設キャンペーン実施中	3.67
ご高齢者の方の栄養補助食品に	59種の栄養が入った栄養補助食品	3.67
栄養バランスを重視するあなたに	一杯で【栄養素とまもる乳酸菌】	3.67
ランキングからまとめて資料請求	サービスを比較して一括資料請求	3.67
夏の特別金利キャンペーン	特別金利年0.20%（税引前）	3.67
らくらくホテル予約はじゃらん	【格安ホテル予約】じゃらん	3.67
キャンプ用品・釣り具など販売	スポーツ・アウトドア用品など	3.67
無料お試し/Web予約は5/31まで	「今なら」無料でお試し	3.67
5月の締切日は5/13（木）	10月号のオススメ締切は9/20	3.67
用途に合わせてカスタマイザ可能	自由にBTOカスタマイズが可能	3.67
電話・オンライン転職相談受付中	まずは気軽に転職相談はこちら	3.67
10時30分からオンラインセミナー	9/8(水)19時からウェビナー開催	3.67
【公式】ヒフミド／小林製薬	小林製薬のセラミド化粧水	3.67
スマホdeスロットくじ	ENEOSスロットくじ	3.67
U-NEXTで見逃し配信！4/21まで	4/17(日)14:00 U-NEXTで生配信	3.67
プラダンのネット通販‎	プラダン専門店	3.67
9/11(土)11時オンラインセミナー	17時30分からオンラインセミナー	3.67
無料お試しセットでまずは体感	８点全て試せるお試しセット	3.67
《TBCの脱毛はこちら》	【公式】TBCの脱毛が1,000円	3.67
即日融資も可能。24時間申込OK	WEBで完結。即日融資も可能	3.67
頭皮と髪にやさしい低刺激処方	自然な優しさが頭を包む	3.67
室内タイルをご検討のあなたへ	珪藻土や漆喰をご検討中の方へ	3.67
換気ができて清潔なエアコン	夏の換気と冷房でお困りの方に	3.67
新規入会＆利用で3,000ポイント	新規入会で1,000ポイント	3.67
妊娠初期の妊婦さんを応援	ゼクシィBabyが妊婦さんを応援	3.67
秋ｷｬﾝ:1か月ず～と無料でお試し	公式特典:1か月完全無料体験	3.67
少人数ウエディングならゼクシィ	親族のみの結婚式場	3.67
今、マンション売却をお考えなら	マンションの売却情報はこちら	3.67
Menicon Miru 池袋店／駅徒歩1分	Menicon Miru 池袋店	3.67
業界最大級／リクナビ薬剤師	業界最大級の転職求人サイト	3.67
〈500円〉セール8／17まで	【2／2まで￥500】ワキ脱毛	3.67
モーサテOnlineサロン10/8 開催	2021年10月8日（金）21時開催	3.67
【即日融資】も可能／WEB完結	最短30秒「即時振込」可能	3.67
初回限定お試し380円	5日分お試し380円/送料無料	3.67
いまなら来店特典もらえちゃう	おトクな来店特典もお見逃しなく	3.67
中折れが心配な方。EDは予防する	30代40代から始めるED予防	3.67
2022年、合格を目指すなら	2021年、目標を決めたあなたに	3.67
10Gメニューでまとめておトク	10Gメニューで動画も快適	3.67
ふるるで取り寄せ	お取り寄せグルメ	3.67
真実を見つめる新感覚ストーリー	嘘に隠された真実とは／３巻完結	3.67
ミネラルメイクで透明感女子に	ミネラルUVシリーズが進化	3.67
物件情報毎日更新／新築一戸建て	【2,000万円台】新築戸建て情報	3.67
フォトブック無料プレゼント	高品質のアルバム無料プレゼント	3.67
（締切間近）6／7まで50％OFF	"《締切間近》2／3まで""500円"""	3.67
新作ロフトベッド≪2021≫	≪ロフトベッド≫2021夏	3.67
公式：メンズTBCの脱毛を体験	ヒゲ脱毛、迷ったらメンズTBC	3.67
父の日ギフトセレクション	父の日おすすめアイテムが多数	3.67
蜂蜜と天然果汁の絶妙な味わい	蜂蜜と果物を合わせたドリンク	3.67
ホテルやツアーの予約はこちら	ツアーや宿泊の予約はこちら	3.67
育毛剤口コミランキングで人気	口コミで高評価／ポリピュアEX	3.67
入会月は無料【公式】	無料お試し登録はこちら【公式】	3.67
高機能エアコンが79,800円	フィルター自動掃除付き79,800円	3.67
#はじめよう出前館最大2,000オフ	初めての注文が最大2,000円オフ	3.67
料金が安い税理士探しなら	あなたに合った税理士が探せる	3.67
『妊婦のための本』で無料配布中	妊娠初期の全員に無料プレゼント	3.67
実務に即した技術が身に付く	未経験者を即戦力に育成	3.67
1歳お誕生日撮影の予約はこちら	お誕生日を楽しい撮影イベントに	3.67
ヒゲ脱毛体験を今すぐ予約￥1000	公式：ヒゲ脱毛を予約￥1000	3.67
業界最大級の転職求人サイト	業界最大級／リクナビ薬剤師	3.67
玄関用の新ファブリーズ	新発売のファブリーズ	3.67
会社設立の税理士を無料紹介	会社設立に大事な税理士選び	3.67
《公式》ワキ脱毛	ワキ脱毛は効果のあるTBC	3.67
福岡天神のゴルフスクールなら	福岡天神のマンツーマン指導なら	3.67
高品質のアルバム無料プレゼント	3122円相当のアルバムを無料で	3.67
2022年の最新自動車保険一括比較	自動車保険／見積もり一括比較	3.67
初回注文が＼最大1500円／オフ	初回限定2,000円OFFクーポン	3.67
５０％OFFセール：1／31まで	ヒゲ脱毛体験半額》500円セール	3.67
新鮮食材が生産者から直接届く	【ポケットマルシェ】で新鮮食材	3.67
専門クルーが丁寧にご説明	専門クルーと料金チェック	3.67
就活準備を支援《リクナビ2022》	【リクナビ2022】公式サイト	3.67
環境にも優しい	節電しても暖かい	3.67
8/25(水)19時からウェビナー開催	9/5(日)11時からウェビナー開催	3.67
行政書士が最大50,000円割引	12月20日まで最大50,000円割引	3.67
製薬会社から詳しい情報をお届け	様々な情報をお届けします	3.67
急ぎでカラコンが欲しい人へ	すぐ届くカラコンはコチラから	3.67
お近くの教室はこちら	お近くのKUMONの教室はこちら	3.67
今だけ4月講座が無料	5月講座が無料なのは5/27まで	3.67
すかいらーくの宅配でデリバリー	【公式】すかいらーくの宅配	3.67
8/18(水)13時からウェビナー開催	10時30分からオンラインセミナー	3.67
【ビデオカメラ】データ復旧	【大至急】カメラデータの復旧	3.67
新卒リクナビの掲載料金ご案内	新卒採用求人の掲載はリクナビ	3.67
【期間限定】セール開催中	GWセール開催中	3.67
外注不要で動画作り放題	インハウスで動画作り放題	3.67
消費者金融の審査が不安な方へ	私でも消費者金融審査に通る？	3.67
2021年8月、借換最新ランキング	2021年人気の住宅ローンを発表	3.67
初めてデータ復旧する方	データ復旧のご相談はお任せ	3.67
オーディオ機器／サンワサプライ	オーディオ関連機器をお探しなら	3.67
今だけのお得なニャンペーン開催	＼2021年の年末をもっとお得に／	3.67
リフォーム会社をラクに探せる。	リフォーム会社、比べて、選べる	3.67
9/3(金)19時オンラインセミナー	8/18(水)13時からウェビナー開催	3.67
DHOLICのラウンジウェア	ラウンジウェア-レディース	3.67
【12/5まで】冬の特別号の締切日	【9/12締切】9月号最終締切	3.67
90日間無料キャンペーン／SPOOX	90日間無料キャンペーン実施中	3.67
無料オリジナル漫画も読み放題	原作漫画・RISKYなども読み放題	3.67
弱ったお肌にも安心	アルコールゼロで肌にやさしい	3.67
男スタッフ／患者様同士会わない	全スタッフ男性。予約制で貸切	3.67
鬼滅の刃などおすすめ漫画も充実	おすすめ漫画10万話以上が無料	3.67
お申込みはこちらから	パンフレット請求はこちらから	3.67
『日本統一44』好評信中／U-NEXT	日本統一44【独占先行】配信中	3.67
8月号の締切日は7/4	8月号のオススメ締切日は7/18	3.67
ウェディングの相談はこちらから	結婚式場選びに迷ったら	3.67
【dTV独占】BTS全19タイトル	BTS最新映画からツアー映像まで	3.67
オリジナルグッズの作成・販売	ハンドメイド・食品など販売	3.67
専門家が選んだ自動車保険第1位	お金のプロが選ぶ自動車保険	3.67
6月号のオススメ締切日は6/6	6月号のオススメ締切日は5/30	3.67
2021年人気No.1脱毛サロンは？	令和でバズったNo.1サロンはここ	3.67
和歌山市話題のレストラン食事券	和歌山市内の食事券が返礼品に	3.67
桜木町駅のゴルフスクールなら	桜木町駅近のマンツーマン指導	3.67
痛くない。自然でバレない	傷跡が目立たない。無料相談	3.67
0・1・2歳から始めるBaby Kumon	0・1・2歳の親子にぴったり	3.67
【無料】人気漫画が10万話以上	【オススメ】全話無料漫画も配信	3.67
マタニティ雑誌を無料プレゼント	妊娠4ヶ月全員に無料プレゼント	3.67
初回限定2,000円OFFクーポン	初回注文が＼1500円／オフ	3.67
(期間限定)最新ドラマ無料配信中	期間限定見逃し無料	3.67
2日以内に無料見積もりをお届け	お見積もり・送料が無料	3.67
テレビCMで話題の作品多数	有吉さん出演のテレビCMで話題	3.67
87.7％がもう一度始めてよかった	再入会された方から喜びの声続々	3.67
9/22(水)19時オンラインセミナー	9/8(水)19時からウェビナー開催	3.67
ネット回線申込み	新規お申し込み	3.67
＜生年月日で占う＞あなたの運勢	五星三心占いで占うあなたの運勢	3.67
算数・数学無料招待4/30まで	算数・数学の申込締切は4/30まで	3.67
TSUTAYA TV／最新作も配信中	TSUTAYA TV【公式】	3.67
「採用できる」転職サイト	中小企業に強い転職サイト	3.67
最新モデルの一覧から探す	最新のラインアップはこちら	3.67
【今なら3話無料】全8話一気読み	【フルカラー】全7巻イッキ読み	3.67
なのに、保険料は業界最安水準	最安水準のペット保険	3.67
術前の検査は無料です	手術のご相談 採血料は無料です	3.67
メガネはいつでも送料無料	レンズダイレクト/送料無料	3.67
女性の悩みに特化した寝具	睡眠で悩んでいる女性へ	3.67
今だけ2週間お試し体験/カーブス	夏目前:今だけ2週間お試し体験	3.67
2020年人気No.1カードは？	人気なクレジットカードはコレ	3.67
痛みの少ない治療／ミラドライ	今話題のミラドライは切らない	3.67
【50%OFF】12／3まで500円	（締切間近）9／7まで半額500円	3.67
オンラインでできるAGA治療	スキマ時間でオンライン診察	3.67
DHOLICのセットアップ	セットアップ-レディース	3.67
【5月無料体験学習受付中】	KUMONの【5月無料体験学習】	3.67
自動車保険を最短3分で見積り	見積りは無料：最短3分	3.67
本格ECサイトが簡単に／BASE	販売・通販サイトを簡単に開設	3.67
富士フイルムの機能性表示食品	富士フイルム開発の話題のサプリ	4.0
【100作品以上】を一挙配信中	102作品が見放題	4.0
無料お試し登録はこちら【公式】	入会月は無料【公式】	4.0
ソフトバンク独占／予約受付中	ソフトバンク公式／独占販売中	4.0
Core iシリーズを豊富に取揃え	Ryzenシリーズを豊富に取揃え	4.0
2021最新版／有名な金融機関まで	2022最新版／有名な金融機関まで	4.0
最低価格69万円から	最低価格52万円から	4.0
月額625円でコンテンツ聴き放題	月額625円/スピードラーニング	4.0
2/6(土),2/7(日)	2021年1月14日(木),15日(金)	4.0
最新ソファ«2021秋»	トレンドソファー≪2021夏≫	4.0
現在の中古ハリアーの在庫804台	現在の中古ハリアーの在庫987台	4.0
14日間お試し入会／明日が最終日	無料招待申込受付／本日が最終日	4.0
≪おしゃれなドレッサー≫2022冬	≪おしゃれなドレッサー≫2021秋	4.0
劇場版 鬼滅の刃 無限列車編	【鬼滅の刃】アニメも映画も	4.0
レディースカードローン比較2021	レディースカードローン比較2022	4.0
9月号のオススメ締切日は9/26	８月号の特典つき締切日は7/25	4.0
タオルの雑菌臭対策にも	布団やまくらの寝汗の除菌にも	4.0
ホテル予約はじゃらんがお得	格安ホテル予約はじゃらん	4.0
公式／薬キャリAGENT	薬剤師の転職なら薬キャリAGENT	4.0
≪新作ソファー≫2021夏	≪新作ソファー≫2021秋	4.0
【最新】6月の求人をご紹介	【最新】7月の求人をご紹介	4.0
≪最新ベッド≫2022冬	≪最新ベッド≫2021冬	4.0
寝ても疲れが取れないママへ	朝からバタバタお疲れママへ	4.0
現在の中古クラウンの在庫1023台	現在の中古クラウンの在庫955台	4.0
現在の中古クラウンの在庫899台	現在の中古クラウンの在庫847台	4.0
ジョナサンの宅配 オードブルも	ジョナサンの宅配 ハンバーグも	4.0
全品約9%おトクな新価格	全品おトクな新価格	4.0
2021年2月キャッシング人気比較	2021年12月キャッシング人気比較	4.0
11/1まで1万円キャッシュバック	12/26まで1万円キャッシュバック	4.0
医師の求人・転職ならリクルート	病院内のお仕事探しはリクルート	4.0
葬祭・仏具ローン、どこがいい？	頼れる葬祭仏具ローンを選ぼう	4.0
完結編・全4話イッキ見しよう	シリーズ作品をまとめて視聴	4.0
2021SPRING COLLECTION	2021 WINTER COLLECTION	4.0
ジョナサンの宅配 パスタも	ジョナサンの宅配 オードブルも	4.0
2021年3月最新のローン情報	2021年3月最新版	4.0
7月号の締切は6/23(木)まで	6月号の締切は6/5(日)まで	4.0
現在の中古クラウンの在庫710台	現在の中古クラウンの在庫686台	4.0
2021年4月、借換最新ランキング	2021年7月、借換最新ランキング	4.0
【2022-即日融資ランキング】	【2021-即日融資ランキング】	4.0
七五三セット/41,580円(税込)～	七五三セット／43,780円(税込)～	4.0
9月号の最終締切日は9/30	9月号のオススメ締切日は9/20	4.0
仕事に育児に限界のママへ	朝からお疲れなママの救世主	4.0
【FEMMUE(ファミュ)公式】	【公式】FEMMUE／シートマスク	4.0
ETCカード人気ランキング2021	ETCカード人気ランキング2020	4.0
現在の中古ハリアーの在庫974台	現在の中古ハリアーの在庫976台	4.0
最低価格33万円から	最低価格36万円から	4.0
キャッシングランキング2021冬版	キャッシングランキング2021秋版	4.0
光インターネット月額2980円	光インターネット月額3278円	4.0
車・バイク関連の費用に利用可能	愛車のメンテナンス費用などに	4.0
CMで話題のドモホルンリンクル	ドモホルンリンクル	4.0
2021年10月、借換最新ランキング	2022年6月、借換最新ランキング	4.0
リクナビ診断/公式サイト	【公式サイト】リクナビ2022	4.0
(TORY BURCH)がアウトレット価格	(TORY BURCH)が最大3万円割引	4.0
子供の鍵閉め忘れがなくせます	鍵の閉め忘れ問題がすんなり解決	4.0
2022/即日審査ランキング	2021/即日審査ランキング	4.0
2022年7月キャッシング人気比較	2021年7月キャッシング人気比較	4.0
3分で分かる一番安いバイク保険	最安バイク保険がすぐにわかる	4.0
Die Neue These】見放題	Die Neue These】イッキ見	4.0
8/28(土)13時からウェビナー開催	8/24(火)13時からウェビナー開催	4.0
【2022お金を借りるランキング】	【2021お金を借りるランキング】	4.0
【兵庫県限定】介護の好条件求人	【兵庫県特集】介護の好条件求人	4.0
ノアレ 1日1粒で手軽に体調管理	ノアレ 1日1粒で手軽に乳酸菌	4.0
八芳園ウェディングフェア	八芳園フェア【見学予約】	4.0
≪新作テレビボード≫2021秋	≪新作テレビ台≫2021夏	4.0
家計に優しい1口3,000円も選べる	持病のある方も1口3,000円で加入	4.0
≪おしゃれな本棚≫2021最新	≪スッキリ片付く本棚≫2021秋	4.0
安定した収入可+入社祝い金20万	今だけ入社祝い金20万円支給	4.0
2021年4月最新ランキング	2022年5月最新ランキング	4.0
2021年3月最新ランキング	2021年8月最新ランキング	4.0
無料漫画10万話以上をイッキ読み	全話無料の人気漫画も配信中	4.0
sonitechで建築資材一式を調達	建築資材のデリバリーはsonitech	4.0
鍵・スペアキーの純正品なら	スペアキー,合鍵	4.0
小林製薬の潤い化粧水	小林製薬のセラミド化粧水	4.0
最新ローンランキング2022年5月	最新ローンランキング2021年4月	4.0
≪ソファーベッド≫2021秋	≪ソファーベッド≫2021夏	4.0
2/6(土)10時からウェビナー開催	8/24(火)13時オンラインセミナー	4.0
日本初のNiziU ARコンテンツ配信	NiziUの映像をARで楽しもう	4.0
"最短""30分""で審査結果が分かる"	最短即日でお金を借りる	4.0
消費者金融ランキング2021年12月	消費者金融ランキング2021年4月	4.0
11月号のオススメ締切日は10/31	6月号のおすすめ締切日は5/15	4.0
4月号 最終締切は4/25まで	８月号の最終締切日は8/12	4.0
【公式】マイナビWEB EXPO夏の陣	【公式】マイナビ2022EXPO夏の陣	4.0
2020年人気No.1カードは？	2021年人気No.1カードは？	4.0
(MARNI)が最大70%OFF	(MARNI)が最大3万円割引	4.0
現在の中古ハリアーの在庫948台	現在の中古ハリアーの在庫830台	4.0
期間限定／最大14,000円分の特典	期間限定／最大13,000円分の特典	4.0
5月版消費者金融ランキング2022	7月版消費者金融ランキング2021	4.0
人気のオトナ女子コミックが充実	新連載・独占コミックも充実	4.0
今なら人気クラスが10～40％オフ	今なら人気クラスが20～30％オフ	4.0
4月号のオススメ締切日は11/29	4月号のオススメ締切日は12/27	4.0
即日でお金を借りたい方	周囲に秘密で即日融資も可能	4.0
現在の中古クラウンの在庫854台	現在の中古クラウンの在庫1011台	4.0
ThinkSystemのおすすめサーバー	ThinkSystemの人気サーバー	4.0
書写の先生になりたい方へ	書写の先生になりませんか？	4.0
【格安】ホテル予約はじゃらん	【ホテル予約】はじゃらんがお得	4.0
1月号のオススメ締切日は12/19	4月号のオススメ締切日は3/14	4.0
業界最低水準の金利で新規借入	《業界最低水準》の魅力的な金利	4.0
ネットもテレ東で配信中	ネットもテレ東【SPY×FAMILY】	4.0
5月版消費者金融ランキング2021	1月版消費者金融ランキング2022	4.0
圧倒的コスパ、1ヶ月9000円。	圧倒的コスパ、1ヶ月9900円。	4.0
現在の中古クラウンの在庫876台	現在の中古クラウンの在庫872台	4.0
子どもが持ちたがる防犯グッズ	子どもが喜ぶ《カメラ機能付き》	4.0
現在の中古クラウンの在庫1009台	現在の中古クラウンの在庫859台	4.0
大人気チョコプラが参戦	大人気ニューヨークが参戦	4.0
2022/お金お借りるランキング	2021/お金お借りるランキング	4.0
7/3まで1万円キャッシュバック	5/8まで1万円キャッシュバック	4.0
選ばれて保有契約120万件突破	選ばれて保有契約件数80万件突破	4.0
現在の中古クラウンの在庫993台	現在の中古クラウンの在庫1026台	4.0
ガストの宅配（デリバリー）	【公式】ガスト宅配(デリバリー)	4.0
車両保険のお見積り無料	リアルタイム一括見積／無料	4.0
8/28(土)13時オンラインセミナー	10/1(金)19時オンラインセミナー	4.0
毎日連載の無料コミックも配信	人気の全話無料コミックも充実	4.0
2/28まで対象コース5,000円割引	対象コースが15,000円割引	4.0
ビジネスマン割30,000円OFF	ビジネスマン割32,800円OFF	4.0
【TKP】ウェビナー支援	【TKP】Web会議・ライブ配信支援	4.0
【公式】mamanic（ママニック）	【公式】ママニック葉酸サプリ	4.0
誰にも知られずWEB完結	取引はすべてオンラインで出来る	4.0
最低価格49.8万円から	最低価格62.7万円から	4.0
【即日】今日、すぐに借りる	なんとしても今日お金を借りたい	4.0
中古アルファードの在庫784台	中古アルファードの在庫963台	4.0
(WISM)がアウトレット価格	(WISM)が最大70%OFF	4.0
TWDシリーズをイッキ見／dTV	海外ドラマイッキ見するなら/dTV	4.0
お客様満足95％の給湯器専門会社	工事満足度97％の給湯器専門会社	4.0
2020年最新のランキング１位は？	2021年最新のランキング１位は？	4.0
2022/銀行系融資ランキング	2021/銀行系融資ランキング	4.0
最低価格42.8万円から	最低価格39.9万円から	4.0
8月号の締切は8/31	6月号締切は6/6	4.0
バーミヤンの宅配 ラーメンも	デリバリーならバーミヤンの宅配	4.0
株式投資なら日興で	株式投資を始めるなら	4.0
和歌山市内の食事券が返礼品に	和歌山市話題のレストラン食事券	4.0
最新8巻読めるのはシーモアだけ	最新7巻読めるのはシーモアだけ	4.0
2022年5月、借換最新ランキング	2021年2月、借換最新ランキング	4.0
9月11日までお得爆発DAY開催	9月1日までお得爆発DAY開催	4.0
【TOEIC対策】スタサプ英語	スタディサプリENGLISH／コーチ	4.0
【今なら3話無料】全9話一気読み	【今なら2話無料】全9話一気読み	4.0
2021春コーデを今すぐチェック。	2021夏コーデを今すぐチェック。	4.0
日本初のNiziU VRコンテンツ配信	最新の技術でNiziUをVR化	4.0
注目50試合を徹底中継 スカパー	最後まで完全生中継／スカパー	4.0
初回85%OFFの980円	初回70%OFFの1800円	4.0
11月号の締切日は11/15	4月号 最終締切4/25(月)まで	4.0
一つでも多く、安全にデータ復旧	１秒でも早く、安全にデータ復旧	4.0
人材管理・人事評価のDX化なら	人事評価をデジタル化しませんか	4.0
10,000円でまずはトライアル	税込9,800円でまずはトライアル	4.0
3LDK70平米4900万円	3LDK70平米4800万円	4.0
トヨタのC-HRが月額57,200円～	トヨタのC-HRが月額357,200円～	4.0
(KIPLING)が最大70%OFF	(KIPLING)がアウトレット価格	4.0
現在の中古クラウンの在庫958台	現在の中古クラウンの在庫866台	4.0
大人女性の上質冬ファッション	大人女性の上質夏ファッション	4.0
今、人気のアイテムをPICK UP	人気の売れ筋アイテム公開中	4.0
みんなが選ぶヒゲ脱毛TOP5	ヒゲ脱毛満足度ランキング	4.0
【2021最新】今注目の消費者金融	【2022最新】今注目の消費者金融	4.0
グロービスのオンライン研修	企業内研修ならグロービス	4.0
70歳以上の方も申込める保険も	80歳以上の方の家計に優しい保険	4.0
【SEASONAL SALE】Max 50%OFF	《TIME SALE》MAX 50% OFF	4.0
お得なNetflixパックが登場	お得にNetflixを観たい方は必見	4.0
給湯器が最大50%OFFで迅速交換	給湯器が最大80%OFFで迅速交換	4.0
ゼクシィBabyの名付け診断	【公式】ゼクシィBaby名付け診断	4.0
2021春物新作続々入荷。	2021夏物新作作続々入荷。	4.0
8/17(火)13時オンラインセミナー	9/18(土)11時オンラインセミナー	4.0
群馬の転職・求人情報	群馬で求人を見つける	4.0
刀剣コスプレ写真コンテスト	刀剣コスプレ写真を応募しよう	4.0
全話イッキ見／dTV＜公式＞	dTVでアニメ最新話までイッキ見	4.0
春物新作多数入荷中。	夏物新作多数入荷中。	4.0
現在の中古クラウンの在庫937台	現在の中古クラウンの在庫1002台	4.0
1日6分ﾑﾘなく続く 2週間おためし	1日6分でお腹ｽｯｷﾘ 2週間おためし	4.0
今だけ10秒ｱﾝｹｰﾄ回答で2週間無料	公式特典:今だけ2週間お試し体験	4.0
ローソファー≪2022冬≫	ローソファー≪2021冬≫	4.0
＜締切間近＞10／5まで500円	《締切間近》4／4まで500円	4.0
TWDシリーズを一気見／dTV	dTVでシリーズ作品をイッキ見	4.0
往復交通＋ホテル	新幹線や飛行機とホテルのセット	4.0
12月号のオススメ締切日は11/21	12月号のオススメ締切日は12/12	4.0
900万円からの家づくり	993万円からの家づくり	4.0
≪ダイニングテーブル≫2021秋	≪ダイニングテーブル≫2021夏	4.0
GUCCIの香水を低価格でお試し	GUCCIの香水をミニサイズで	4.0
ETCカードおすすめ徹底比較2020	ETCカードおすすめ徹底比較2021	4.0
シン・クロニクル	チェンクロシリーズ後継作	4.0
頭皮と髪が変わる感動をあなたへ	石鹸ひとつで美しい髪と頭皮へ	4.0
愛車のメンテナンス費用などに	車・バイク関連の費用に利用可能	4.0
神田駅近のゴルフスクールなら	銀座駅近のゴルフスクールなら	4.0
おしゃれな冬の新作続々入荷	おしゃれな夏の新作続々入荷	4.0
8月号の特典つき締切日は7/4	6月号特典付き締切は6/6	4.0
キャッシングランキング2021秋版	キャッシングランキング2021春版	4.0
最新ソファ«2021夏»	トレンドソファー≪2021夏≫	4.0
10月号のオススメ締切日は9/20	11月号のオススメ締切日は10/24	4.0
金利も為替手数料も両方おトク	お預入れ時の為替手数料は0円	4.0
自由にBTOカスタマイズが可能	用途に合わせてカスタマイザ可能	4.0
顔周りに特化 限定美容ローラー	顔 デコルテ 頭自在にローリング	4.0
2021カードローン融資ランキング	2022カードローン融資ランキング	4.0
パンフレット制作を見積もり依頼	パンフレット制作をプロに依頼	4.0
おしゃれなテレビボード／2021秋	テレビボード«2021夏の新作»	4.0
円定期預金 年0.20%（税引前）	特別金利 年0.20%（税引前）	4.0
9/20(月)13時オンラインセミナー	10/6(水)19時オンラインセミナー	4.0
大人気ジャルジャルが参戦	大人気ニューヨークが参戦	4.0
春の新作シャツ／ブラウス	冬の新作シャツ／ブラウス	4.0
最高のコンテンツを作る会社	最高のコンテンツづくりに挑む	4.0
専門学校【スタディサプリ進路】	大学情報【スタディサプリ進路】	4.0
楽しく続けられるサーフヨガ	ボードの上で楽しくヨガレッスン	4.0
【4/30まで】実質無料	【実質無料】キャンペーン実施中	4.0
激安通販レンズダイレクト	格安コンタクトレンズ通販／公式	4.0
簡単ネット注文でご自宅にお届け	《宅配》自宅やオフィスにお届け	4.0
現在の中古ハリアーの在庫734台	現在の中古ハリアーの在庫669台	4.0
7月31日まで40,000円割引	4/30まで対象コース80,000円割引	4.0
一部無料で運勢占い	無料で運勢占い	4.0
マウスピースで反対咬合の改善	マウスピースで受け口改善	4.0
2022年1月最新ランキング	2021年11月最新ランキング	4.0
9/13(月)13時オンラインセミナー	8/17(火)13時オンラインセミナー	4.0
新規入会＆利用で6,000ポイント	新規入会＆利用で9,000ポイント	4.0
4月号のオススメ締切日は12/20	4月号のオススメ締切日は10/31	4.0
現在の中古ハリアーの在庫1097台	現在の中古ハリアーの在庫986台	4.0
心置きなくあちこち行ける脚	日常生活に不安のない脚	4.0
10/6(水)19時オンラインセミナー	10/9(土)14時オンラインセミナー	4.0
イラスト制作をプロに依頼	イラスト制作を見積もり依頼	4.0
2021年5月、借換最新ランキング	2021年3月、借換最新ランキング	4.0
【公式】KINTO サブスク／トヨタ	【公式】KINTO ONE／サブスク	4.0
60秒で引っ越し費用一括比較	60秒で相場が分かる／WEB見積り	4.0
1台19,800円/複数台で割引価格	1台19,800円〜/複数店舗対応可能	4.0
11月号のオススメ締切は10/17	8月号のオススメ締切は8/1	4.0
妊娠3ヶ月全員に無料プレゼント	妊娠したら全員に無料プレゼント	4.0
【5月無料お試し受付中】	2週間の無料お試しはこちらから	4.0
≪センターテーブル≫2022冬	≪センターテーブル≫2021冬	4.0
≪新作テレビ台≫2021夏	≪新作テレビボード≫2021秋	4.0
1月号のオススメ締切日は12/5	11月号の特典付き締切日は11/4	4.0
不倫相手との結婚に向けて	不倫相手との結婚も可能でしょう	4.0
これからも使い続けたいの声続出	「リピート確定」の声多数	4.0
ラーメンマップでお店を探そう	ラーメンに特化した専用マップ	4.0
3LDK月々返済5万円台～	3LDK／月々返済6万円台	4.0
信頼度・安心感No.1のSRE不動産	成約額納得度No.1のSRE不動産	4.0
グランド東京有明／大規模温浴	グランド東京有明／天然温泉	4.0
【公式】イハダ 新発売	イハダ キュアロイド軟膏 新発売	4.0
中古アルファードの在庫767台	中古アルファードの在庫832台	4.0
グランド東京有明／天然温泉	グランド東京有明／大規模温浴	4.0
現在の中古ハリアーの在庫1003台	現在の中古ハリアーの在庫986台	4.0
春期講習つき4月号の締切は3/24	9月号の最終締切日は9/3	4.0
1万名に選べるプレゼント	1万名にオムツポーチなど当たる	4.0
オトナ女子胸キュンコミック充実	人気少女コミックもイッキ読み	4.0
最新のおすすめヒゲ脱毛TOP5	みんなが選ぶヒゲ脱毛TOP5	4.0
悪阻がつらい時期の妊婦さん応援	妊婦さん応援キャンペーン	4.0
８月号のオススメ締切日は8/1	4月号 最終締切は4/25まで	4.0
資料請求1位の日本ペットプラス	1番人気は日本ペットプラス	4.0
オリジナル・独占漫画が読み放題	独占配信漫画も読み放題作品豊富	4.0
2021年最新求人情報	2022年最新求人情報	4.0
妊娠初期の妊婦さん限定	妊娠22週までの妊婦さん限定	4.0
2022年5月おすすめローン一覧	2022年5月の最新のローン情報	4.0
現在の中古プリウスの在庫2985台	現在の中古プリウスの在庫2420台	4.0
dTVでしか見られない特別映像	dTVオリジナル作品	4.0
Menicon Miru 池袋店	Menicon Miru 池袋店／駅徒歩1分	4.0
汗ばむ季節に汗ジミ対策	寒い季節も汗ジミ対策	4.0
【23卒】9月から始める就活準備	【23卒】11月から始める就活準備	4.0
分譲住宅・土地購入なら。	分譲住宅も、注文住宅も。	4.0
税務調査の立ち会いに強い税理士	信頼できる税理士をご紹介	4.0
中古アルファードの在庫806台	中古アルファードの在庫775台	4.0
1月号の特典付き締切日は11/4	８月号の特典つき締切は7/25	4.0
初めての注文が1500円オフ	初めての注文が＼1000円／オフ	4.0
消費者金融／比較ランキング2022	消費者金融／比較ランキング2021	4.0
最安保険が最短3分で見つかる	比較で最も安い保険が見つかる	4.0
知識,経験0でも簡単/Video BRAIN	外注するより簡単/Video BRAIN	4.0
【公式】MEN'S KIREIMO	脱毛サロン MEN'S KIREIMO	4.0
シンプルな保障でお手頃な保険料	安心保障をお手頃な保険料で	4.0
1月号の最終締切日は1/10	12月号のオススメ締切日は11/14	4.0
夏キャン:今だけ2週間お試し体験	夏ｷｬﾝﾍﾟｰﾝ:2週間体験完全無料	4.0
11時30分からオンラインセミナー	19時からオンラインセミナー開催	4.0
現在の中古プリウスの在庫1992台	現在の中古プリウスの在庫2067台	4.0
WEB会議・研修・セミナー会場	WEB会議・webセミナー会場	4.0
中古アルファードの在庫942台	中古アルファードの在庫948台	4.0
通販でお得な定期便ご注文	通販サイトで商品の注文	4.0
データ復旧率95.2%の実力	データ復旧11年連続No.1の技術力	4.0
9月号の締切日は9/12	8月号のオススメ締切日は7/4	4.0
業界研究ならマイナビ2024	自己分析ならマイナビ2024	4.0
(HARDY NOIR)がアウトレット価格	(HARDY NOIR)が最大70%OFF	4.0
男性人気ランキング第1位は？	お薦め人気ランキング第1位は？	4.0
業界最安1250円（税別）から	業界最安1350円（税込）から	4.0
80%OFF。リンナイ正規販売店	40%OFF。リンナイ正規販売店	4.0
無料で簡単ホームページ作成	簡単3STEPでショップ開設できる	4.0
金切鋸刃の通販ならミスミ	金切鋸刃の専用ホームページ	4.0
4月版消費者金融ランキング2021	2月版消費者金融ランキング2021	4.0
10月版消費者金融ランキング2021	9月版消費者金融ランキング2021	4.0
2021年1月キャッシング人気比較	2021年8月キャッシング人気比較	4.0
【メンズTBC】公式サイト	メンズTBC公式／ヒゲ脱毛	4.0
無料・最速で見積もり対応します	無料見積もりは最短1時間で完了	4.0
医療介護求人・転職サイト	医療介護に強い求人サイト	4.0
キャッシングランキング2022夏版	キャッシングランキング2021夏版	4.0
現在の中古ハリアーの在庫696台	現在の中古ハリアーの在庫736台	4.0
【1～6月新着】介護職の求人	【1～4月新着】介護職の求人	4.0
2021/現金借り入れランキング	2022/現金借り入れランキング	4.0
タロット占い / 一部無料	タロット占い / 無料鑑定あり	4.0
都心を中心に41ヶ所に展開	都心を中心に43か所に展開	4.0
【主要8社】見積りを徹底比較	【主要8社】一括比較が可能	4.0
新規入会＆利用で2,000ポイント	新規入会＆利用で1,000ポイント	4.0
8月号のオススメ締切日は8/8	9月号オススメ締切日は8/31	4.0
人気マタニティ誌無料プレゼント	妊娠10週の全員に無料プレゼント	4.0
すぐ届くカラコンはコチラから	夕方注文でも翌日届くカラコン	4.0
現在の中古ハリアーの在庫971台	現在の中古ハリアーの在庫861台	4.0
観月ありさ愛用	【観月ありさ愛用の美白コスメ】	4.0
現在の中古クラウンの在庫747台	現在の中古クラウンの在庫1042台	4.0
【1～5月新着】介護職の求人	【1～3月新着】介護職の求人	4.0
LIXILオンラインショップ	リクシルのカートリッジ通販	4.0
9月号のオススメ締切は9/3	11月号のオススメ締切日は11/15	4.0
2021年初夏新作続々入荷。	2020年秋の新作続々入荷。	4.0
どこでもカンタン動画制作	素材を入れるだけで動画作成完了	4.0
シリーズ102作品を一挙配信中	シリーズ100作品以上を一挙配信	4.0
2021年6月キャッシング人気比較	2021年3月キャッシング人気比較	4.0
(LOEWE)が最大3万円割引	(LOEWE)が最大70%OFF	4.0
すっぽんサプリ8年連続売上No.1	すっぽんサプリ11年連続No.1	4.0
来院なし。診察料0。お薬代のみ	診察料0。お薬代のみお安く提供	4.0
トヨタ公式 中古車通販サイト	トヨタ中古車オンライストア	4.0
1月号の最終締切日は12/27	1月号のオススメ締切日は11/4	4.0
最大18,000円分商品券プレゼント	6,000円分商品券プレゼント	4.0
期間限定／最大13,000円分の特典	期間限定／最大14,000円分の特典	4.0
妊婦さん全員に無料プレゼント	妊婦のための本を無料プレゼント	4.0
最新ローンランキング2021年6月	最新ローンランキング2021年7月	4.0
8月号のオススメ締切日は7/25	8月号のオススメ締切日は8/12	4.0
消費者金融ランキング2021年2月	消費者金融ランキング2022年5月	4.0
6月14日(火)新規開校	11月18日(木)新規開校	4.0
お金のプロが選ぶ自動車保険	専門家が選んだ自動車保険第1位	4.0
春の新作パンツが充実	夏の新作パンツが充実	4.0
(EDIT.FOR LULU)が最大3万円割引	(EDIT.FOR LULU)が最大70%OFF	4.0
折りたたみ最新モデルのリアル	最新折りたたみスマホのリアル	4.0
1015万円からの家づくり	900万円からの家づくり	4.0
ご当地グルメをお家で楽しむ	ご当地グルメを購入	4.0
9/11(土)11時からウェビナー開催	9/15(水)13時オンラインセミナー	4.0
2021安心な消費者金融ランキング	2022安心な消費者金融ランキング	4.0
1月号の特典付き締切日は10/18	２月号の特典付き締切日は1/17	4.0
期間限定10,980円。2/5迄	期間限定12,980円。2/25まで	4.0
新世代シンガーを発掘	新世代シンガーオーディション	4.0
窪塚洋介、セオリーを着る。	オダギリジョーが着るTheory	4.0
前進誤発進抑制機能を標準装備	衝突被害軽減ブレーキを標準装備	4.0
塗るビタミンCパウダー	ビタミンCパウダー	4.0
キャッシングランキング2021夏版	キャッシングランキング2022冬版	4.0
出産準備本を全員無料プレゼント	妊娠9週の全員に無料プレゼント	4.0
最大5つの特典で131,000円還元	最大6つの特典で172,250円還元	4.0
2021年最新カードランキング	2020年最新カードランキング	4.0
換気しながら部屋も暖かく快適に	換気も暖かい空気も	4.0
2／3まで500円ヒゲ脱毛体験	ヒゲ脱毛体験《1,000円》	4.0
2021年初夏新作続々入荷。	2021年春物新作続々入荷。	4.0
7月号最終締切日は6/30	8月号の最終締切日は8/15	4.0
海外ドラマの最新レンタル作品も	レンタル作品／海外ドラマが充実	4.0
最短即日発行のクレジットカード	最短発行クレジットカード比較	4.0
Game of Future【前篇】独占配信	Game of Future【前篇】配信決定	4.0
手ぶらで体験レッスン実施中	【TVで話題】手ぶら体験無料	4.0
ネットで簡単楽々注文	【ネットで完結】2分で注文完了‎	4.0
がん・医療保険ならアフラック	がん保険・医療保険なら	4.0
石川で転職・求人情報を探す	石川で希望の求人情報がみつかる	4.0
冬のキャンペーン実施中	春のキャンペーン実施中	4.0
最大20％ポイント超還元	総額６億円ポイント超還元	4.0
≪おしゃれなテーブル≫2021秋	≪おしゃれなテーブル≫2021夏	4.0
2月号の最終締切は2/26(金)	２月号の特典付き締切日は1/17	4.0
≪ローテーブル≫2021冬	≪ローテーブル≫2021秋	4.0
(mystic)が最大70%OFF	(mystic)が最大3万円割引	4.0
【2021最新】人気のローンは？	【2022最新】人気のローンは？	4.0
【工事全国対応】店舗防犯カメラ	店舗用防犯カメラ	4.0
BitMatch注文が新登場	国内唯一の新機能BitMatch注文	4.0
2021消費者金融ローンランキング	2022消費者金融ローンランキング	4.0
春の新作ワンピースが充実	夏の新作ワンピースが充実	4.0
秋冬インターンシップを探す	夏のインターンシップエントリー	4.0
町田旭で店舗をお探しの方	お近くの店舗をお探しの方	4.0
2021/即日ローンランキング	2022/即日ローンランキング	4.0
"初期費用""0円""170万店舗が導入中"	"初期費用""0円""180万店舗が導入中"	4.0
消費者金融ランキング2021冬版	消費者金融ランキング2021秋版	4.0
徹底中継／スカパー	11月6日～徹底中継/スカパー	4.0
パンフレット制作をプロに依頼	パンフレット制作を見積もり依頼	4.0
初開催エシカルデイズ	エシカルデイズ開催中	4.0
公式-Z会進学教室-春期講習	公式-Z会進学教室-夏期講習	4.0
消費者金融ランキング2022年7月	消費者金融ランキング2021年7月	4.0
【1～6月新着】介護職の求人	【1～5月新着】介護職の求人	4.0
頑張る現代人の乳酸菌サプリ	その頑張りに乳酸菌の新習慣	4.0
5月号の最終締切は5/19(木)まで	4月号最終締切を特別延長5/2まで	4.0
鬼滅の刃など原作コミックも充実	TVドラマ化の原作コミックも充実	4.0
最新フルサイズミラーレスカメラ	フルサイズミラーレスカメラ	4.0
名古屋校開校／2022年入学生募集	名古屋校開校／2021年入学生募集	4.0
今年 社会人になる方必見	新社会人必見のおすすめカード	4.0
シンプルな保障でお手頃な保険料	業界最安水準の保険料で安心保障	4.0
現在の中古プリウスの在庫2198台	現在の中古プリウスの在庫2399台	4.0
フルサイズ一眼 EOS R6	フルサイズ一眼 EOS R5 / EOS R6	4.0
のLove Song】イッキ見	のLove Song】見放題	4.0
1/21から無料お試し受付開始	4/15から無料お試し受付開始	4.0
初回利用限定 最大2,500円オフ	初めての注文が＼1,500円／オフ	4.0
《26歳まで年会費無料》	U25限定年会費無料	4.0
人気コミック10万話以上が無料	毎日無料の人気コミックも充実	4.0
毎日無料の人気コミックも充実	【無料コミック】10万話以上	4.0
【入会金0円】9教科対応	【追加受講費0円】9教科対応	4.0
ボトルジャッキ通販／ミスミ	ボトルジャッキの専用ページ	4.0
結婚式準備なら【ゼクシィ】	ウエディングなら【ゼクシィ】	4.0
現在の中古ハリアーの在庫903台	現在の中古ハリアーの在庫685台	4.0
自宅でサロン品質のヘアカラー	サロン品質のヘアカラー	4.0
消費者金融ランキング2022夏版	消費者金融ランキング2021夏版	4.0
2022年7月最新ランキング	2021年6月最新ランキング	4.0
裸眼風カラコンでモテ瞳を実現	バレずに盛れる美人カラコン	4.0
現在の中古ハリアーの在庫1031台	現在の中古ハリアーの在庫1006台	4.0
女性向け保険は保障で比較	女性のための医療保険	4.0
現在の中古プリウスの在庫2428台	現在の中古プリウスの在庫2560台	4.0
新規入会＆利用で9,000ポイント	新規入会＆利用で6,000ポイント	4.0
たるみでお悩みの方へ	顔・あご下などのたるみに	4.0
消費者金融ランキング2022年6月	消費者金融ランキング2021年10月	4.0
2022年6月最新ランキング	2021年12月最新ランキング	4.0
9月18日までお得爆発DAY開催	10月2日までお得爆発DAY開催	4.0
2021年9月キャッシング人気比較	2021年5月キャッシング人気比較	4.0
クッションファンデーション	クッションコンパクト	4.0
1月号の特典付き締切日は10/18	2月号の特典付き締切日は2/15	4.0
都心を中心に40か所以上に展開	都心を中心に41ヶ所に展開	4.0
住宅ローンならauじぶん銀行	auユーザーおすすめの住宅ローン	4.0
お住まいの地域でトヨタ車を検索	お住まいの地域で絞って検索	4.0
バキューム洗顔で肌綺麗	バキューム洗顔でいちご鼻改善	4.0
4月号締切日は3/29	4月号締切日は3/11	4.0
6月号のオススメ締切は6/13	2月号の最終しめ切りは2/14	4.0
2021年10月キャッシング人気比較	2021年4月キャッシング人気比較	4.0
まずは無料会員登録	【無料会員登録】かんたん60秒	4.0
1万名におむつケースなど当たる	1万名にマルチバッグ等も当たる	4.0
大手町のマンツーマン指導なら	恵比寿駅近のマンツーマン指導	4.0
【2022-借入ランキング】	【2021-借入ランキング】	4.0
2/13(土)～U-NEXT独占で配信	U-NEXT独占で好評配信中	4.0
2022年1月、借換最新ランキング	2022年4月、借換最新ランキング	4.0
長野の求人情報が豊富	長野の求人情報をみつける	4.0
新規入会で1,000ポイント	新規入会＆利用で3,000ポイント	4.0
体臭に良い、薬用「柿渋石けん」	男の年齢臭に良い「柿渋石けん」	4.0
9/9(木)13時オンラインセミナー	8/25(水)19時オンラインセミナー	4.0
現在の中古プリウスの在庫2626台	現在の中古プリウスの在庫1960台	4.0
光インターネット月額3278円	光インターネット月額2980円	4.0
見やすいサイトNo.1	見学したい施設数No.1	4.0
最新カウチソファ≪2021秋≫	最新カウチソファ≪2021冬≫	4.0
最新版／定番・注目のクレカは？	最新人気No1はどのクレカ？	4.0
2022/女性向けローンランキング	2021/女性向けローンランキング	4.0
60代ハリを諦めない方の美容液	ハリを諦めない人の為の美容液	4.0
2枚目カード作成で3,000ポイント	2枚目カード作成で5,000ポイント	4.0
9/5(日)11時オンラインセミナー	9/17(金)19時オンラインセミナー	4.0
【公式】宅配・出前なら／出前館	出前・宅配・デリバリーの出前館	4.0
解約～新規申込まで完全サポート	【新生活応援】解約～乗換まで	4.0
【公式】ABEMA-5週間無料	2週間無料-ABEMAプレミアム	4.0
締切せまる。4／22まで半額500円	締切せまる。5／27まで半額500円	4.0
東京・神奈川限定補助金あり	補助金制度あり	4.0
受験勉強のための塾費用にも	これからの受験費用にも使える	4.0
ゲイに告る。】を観るなら	ゲイに告る。】を配信中	4.0
4月号締切日は3/11	８月号の最終締切日は8/12	4.0
【決定版】注目のすっぽんサプリ	【2021決定版】すっぽんサプリ	4.0
米ドル1ヶ月もの年7%（税引前）	USD1ヶ月もの年2%（税引前）	4.0
【公式通販】ご購入はコチラから	【公式通販】お試しはコチラから	4.0
8/24(火)13時からウェビナー開催	8/20(金)19時オンラインセミナー	4.0
口コミで大人気の高麗人参サプリ	TVで話題の高麗人参サプリ	4.0
新幹線で行く大阪・東京旅行	東京と大阪の旅行なら	4.0
睡眠で悩んでいる女性へ	女性のほとんどの悩みは睡眠から	4.0
現在の中古クラウンの在庫1007台	現在の中古クラウンの在庫776台	4.0
【2021年】保険窓口ランキング	保険相談窓口ランキングTOP３	4.0
人材育成にアセスメントテスト	アセスメントテスト(GMAP)	4.0
都市ガス製品を激安価格で交換	TOKYOガス製品を激安価格で交換	4.0
6月号のオススメ締切は5/23	8月号のオススメ締切は7/21	4.0
最低価格32万円から	最低価格38.5万円から	4.0
【期間限定】今だけ60日間無料	30日間お試し無料聴き放題	4.0
七五三セット／43,780円(税込)～	HB七五三セット/49500円(税込)～	4.0
あなたにピッタリのトラックは？	トラックは何を選べばいい？	4.0
11/30まで最大70,000円割引	5/31まで最大70,000円割引	4.0
現在の中古ハリアーの在庫724台	現在の中古ハリアーの在庫810台	4.0
≪新作テレビボード≫2021夏	テレビボード«2021秋の新作»	4.0
【23卒】12月から始める就活準備	【23卒】1月から始める就活準備	4.0
【期間限定】10%OFFセール中	【期間限定】タイムセール実施中	4.0
LEXUS CPO	LEXUS CPO／公式	4.0
リーズナブルでおしゃれな家具	おしゃれで低価格のインテリア	4.0
1枚1990円から簡単に作れます	1枚1500円から簡単に作れます	4.0
現在の中古クラウンの在庫856台	現在の中古クラウンの在庫858台	4.0
【兵庫県特集】介護の好条件求人	【兵庫県限定】介護の好条件求人	4.0
最低価格29.9万円から	最低価格41.5万円から	4.0
8月号の特典つき締切日は7/31	4月号のオススメ締切は4/26	4.0
大人気チョコプラが参戦	大人気かまいたちが参戦	4.0
全国各地のご当地グルメを購入	ご当地グルメをお家で楽しむ	4.0
2021年ビジネスローンランキング	2022年ビジネスローンランキング	4.0
夏の新作バッグが充実	春の新作バッグが充実	4.0
格安自動車保険を探すならコチラ	最安の自動車保険会社はどこ？	4.0
中古アルファードの在庫912台	中古アルファードの在庫828台	4.0
８月号のオススメ締切日は8/1	9月号のオススメ締切日は9/26	4.0
経験豊富な税理士をご紹介	相続税申告に詳しい税理士	4.0
プロポの“春の映え”アイテム	プロポの“夏の映え”アイテム	4.0
3/8まで1万円キャッシュバック	4/10まで1万円キャッシュバック	4.0
お申し込みはWEBで	カードローンWEBお申し込みなら	4.0
第一三共ヘルスケア開発コスメ	【第一三共ヘルスケア開発】	4.0
高コスパランキング1位はどこ？	コスパに特化したランキング発表	4.0
公式特典：今だけ２週間無料体験	公式特典：今だけ5回も無料体験	4.0
1月号のオススメ締切日は11/30	3月号のオススメ締切日は2/14	4.0
MARY QUANTなど	マリークヮントをチェック	4.0
9/17(金)19時オンラインセミナー	8/22(日)13時オンラインセミナー	4.0
美しい字を身につけるきっかけに	美しい文字を身につけませんか	4.0
Deuxieme Classeが最大3万円割引	(Deuxieme Classe)が最大70%OFF	4.0
【2022決定版】すっぽんサプリ	【2021決定版】すっぽんサプリ	4.0
大人気かまいたちが参戦	大人気ジャルジャルが参戦	4.0
鬼滅の刃など人気コミックが充実	人気の少女・女性コミックが充実	4.0
23作品を一挙配信／dTV＜公式＞	劇場版23作品を一挙配信中／dTV	4.0
人気春夏メンズアイテム勢ぞろい	人気春物メンズアイテム勢ぞろい	4.0
恵比寿駅近のマンツーマン指導	神田駅近のマンツーマン指導なら	4.0
ロゴ制作を見積もり依頼	ロゴ制作をプロに依頼	4.0
最短1日で完了	室内ドア／最短1日から完了	4.0
ディノスのメガヒット暖か寝具	ディノス冬寝具 6年連続No1	4.0
最新ローンランキング2021年11月	最新ローンランキング2022年7月	4.0
大学・専門学校への進学なら	大学・専門学校探しをはじめよう	4.0
【Google Pixel 5a (5G)】販売中	Google Pixel 5a (5G) 独占販売	4.0
ラ・トゥールシリーズ	【公式】ラ・トゥールシリーズ	4.0
北島康介杯 ／1日目生中継	北島康介杯 ／3日間生中継	4.0
人気の動画配信サービスを比較	動画配信サービスを徹底分析	4.0
キャッシングランキング2022春版	キャッシングランキング2022夏版	4.0
「朝からぐったり…」	「明日起きれるか不安…」	4.0
9/5(日)11時オンラインセミナー	9/8(水)19時オンラインセミナー	4.0
3200万部突破のヒット漫画も配信	約12年の連載作品が全巻配信	4.0
人気春夏レディースファッション	人気春物レディースファッション	4.0
≪最新ベッド≫2021秋	≪最新ベッド≫2021夏	4.0
ボードの上で楽しくヨガレッスン	楽しく続けられるサーフヨガ	4.0
9/3(金)19時オンラインセミナー	10/3(日)11時オンラインセミナー	4.0
テレビボード«2021秋の新作»	テレビボード«2021夏の新作»	4.0
美しい文字を身につけませんか	文字がきれいな日常を	4.0
イチナナライバー大募集	ライバー募集中	4.0
最強スペックのAndroid端末	Google Pixel 史上最強スペック	4.0
【5/15まで】5月号最終締切	【4/25まで】4月特大号最終締切	4.0
新規入会＆利用で9,000円相当	新規入会＆利用で11,000円相当	4.0
銀座駅近のゴルフスクールなら	池袋駅近のゴルフスクールなら	4.0
"あなたに""フィット""する"	あなたにフィットする保険なら	4.0
2020年最新ランキング	2021年最新ランキング	4.0
2022年6月キャッシング人気比較	2022年1月キャッシング人気比較	4.0
1/14(木),15(金) U-NEXTで生配信	U-NEXTでLIVE配信	4.0
2022年 初夏の新作 続々入荷中	2021春物新作続々入荷。	4.0
ETCカードおすすめ徹底比較2021	ETCカードおすすめ徹底比較2020	4.0
教育関連にご利用可能なローン	教育関連の費用にご利用可能	4.0
新規登録で1000円分プレゼント	今だけ登録で1000円分プレゼント	4.0
(Omekashi)がアウトレット価格	(Omekashi)が最大70%OFF	4.0
ソファー«2021夏の新作»	≪新作ソファー≫2021秋	4.0
現在の中古プリウスの在庫2609台	現在の中古プリウスの在庫1904台	4.0
7月号のオススメ締切は6/24	10月号のオススメ締切日は9/5	4.0
9/22(水)19時オンラインセミナー	10/3(日)11時オンラインセミナー	4.0
ローソファー≪2021秋≫	ローソファー≪2021夏≫	4.0
恵比寿駅近のゴルフスクールなら	神田駅近のゴルフスクールなら	4.0
2021年6月、借換最新ランキング	2021年12月、借換最新ランキング	4.0
現在の中古ハリアーの在庫1006台	現在の中古ハリアーの在庫969台	4.0
初めての注文が最大2,000円オフ	初回注文が＼最大1500円／オフ	4.0
おすすめのヒゲ脱毛とは	最新のおすすめヒゲ脱毛TOP5	4.0
プロ野球中継観るならスカパー	セ・パ12球団徹底中継／スカパー	4.0
現在の中古ハリアーの在庫960台	現在の中古ハリアーの在庫1003台	4.0
4月号締切日は3/21	9月号の締切日は9/12	4.0
希望に合った物件をカンタン検索	あなたにピッタリの住まい探し	4.0
最新カウチソファ≪2021夏≫	最新カウチソファ≪2021秋≫	4.0
≪2021夏≫新作デスクはこちら	≪机・デスク≫2021秋	4.0
大切な方へ想いを込めたギフト	大切な日のプレゼントに	4.0
オープンキャンパス情報	オープンキャンパス【2021】	4.0
現在の中古クラウンの在庫851台	現在の中古クラウンの在庫843台	4.0
限定セット付き4月号締切は3/14	11月号の特典つき締切日は10/31	4.0
現在の中古ハリアーの在庫742台	現在の中古ハリアーの在庫894台	4.0
公式サイトはこちら	公式オンラインショップはこちら	4.0
どこでもふれずに手洗い習慣	どこでも手洗い	4.0
Galaxy Z Flip3 5Gのリアル	最新折りたたみスマホのリアル	4.0
1,043万円からの家づくり	1015万円からの家づくり	4.0
＼オーキャンに参加しよう／	【予約】オープンキャンパス	4.0
あなたにフィットするがん保険	"もっと""フィット""できるがん保険"	4.0
無料登録で解答速報をすぐ確認	解答速報。PCスマホですぐ確認	4.0
【2021/消費者金融ランキング】	【2022/消費者金融ランキング】	4.0
公式／格安ホテル予約 jalan.net	【格安】ホテル予約はじゃらん	4.0
【全国】大学の資料請求はこちら	気になる大学をまとめて資料請求	4.0
現在の中古クラウンの在庫919台	現在の中古クラウンの在庫1029台	4.0
約8日間無料お試しセット	初回限定／約1週間分無料お試し	4.0
グレンタのバッグのセール	グレンタのバッグなど	4.0
11月版消費者金融ランキング2021	6月版消費者金融ランキング2021	4.0
運営14年目の老舗サイト	運営15年目の老舗サイト/必見	4.0
シリーズ作品一挙配信中／dTV	歴代ライダーイッキ見／dTV公式	4.0
顔・あご下などのたるみに	お肌のたるみでお悩みなら	4.0
現在の中古ハリアーの在庫919台	現在の中古ハリアーの在庫1005台	4.0
2021年01月の最新のローン情報	2021年01月おすすめローン一覧	4.0
6月号の最終締切日は5/26	9月号オススメ締切日は8/31	4.0
TWDシリーズをdTVで全話イッキ見	シーズン1から9もdTVで楽しめる	4.0
4月号の最終締切は4/26	2月号のオススメ締切日は1/23	4.0
9/18(土)11時オンラインセミナー	9/3(金)19時からウェビナー開催	4.0
プティマインのキッズパンツなど	プティマインの子供靴など	4.0
2/6(土)10時からウェビナー開催	8/17(火)13時からウェビナー開催	4.0
8月版消費者金融ランキング2021	3月版消費者金融ランキング2021	4.0
1日6分ﾑﾘなく続く 2週間おためし	お腹の脂肪ｽｯｷﾘ 2週間おためし	4.0
最新ローンランキング2021年3月	最新ローンランキング2021年5月	4.0
LAN・HDMIケーブルの通信販売	LAN・USBケーブルの通信販売	4.0
2月号の最終締切日は2/5	3月号の最終しめ切り日は3/3	4.0
小学生向け東進のオンライン講座	東進／小学生向け夏の特別授業	4.0
春に着るプロポの通勤カジュアル	夏に着るプロポの通勤カジュアル	4.0
男のヒゲ脱毛《5／9まで》	男のヒゲ脱毛《4／4まで》	4.0
こだわりの食特集2021	こだわりの食特集2022	4.0
4月版消費者金融ランキング2022	6月版消費者金融ランキング2022	4.0
【公式】薬キャリAGENT	薬剤師の求人なら薬キャリAGENT	4.0
1月号のオススメ締切日は1/10	8月号のオススメ締切は7/16	4.0
最短2時間で完了	ガス給湯器／最短2時間	4.0
【急募】40代・50代向けのパート	【急募】30代～50代の主婦大歓迎	4.0
現在の中古ハリアーの在庫943台	現在の中古ハリアーの在庫962台	4.0
Ryzenシリーズを豊富に取揃え	Core iシリーズを豊富に取揃え	4.0
1月号の締切日は12/27	6月号の締切は6/5(日)まで	4.0
試乗の予約はこちらから	ネットでかんたん試乗申し込み	4.0
妊娠初期から役立つ本プレゼント	妊婦のための本を無料プレゼント	4.0
1月号のオススメ締切日は10/24	2月号のオススメ締切日は1/31	4.0
8月号の特典つき締切日は7/18	4月号締切日は4/5	4.0
2021年春物新作続々入荷。	2021夏物新作続々入荷。	4.0
現在の中古ハリアーの在庫988台	現在の中古ハリアーの在庫829台	4.0
コスパに特化したランキング発表	高コスパランキング1位はどこ？	4.0
おしゃれな夏の新作続々入荷	おしゃれな春の新作続々入荷	4.0
現在の中古プリウスの在庫2391台	現在の中古プリウスの在庫2215台	4.0
ガス給湯器が80％OFFで即日交換	ガス給湯器が82％OFFで即日交換	4.0
公式戦徹底中継／スカパー	11月6日～全試合生中継/スカパー	4.0
2022年、新しい転職先を探す	2021年、新しい転職先を探す	4.0
8/20(金)19時からウェビナー開催	8/22(日)13時からウェビナー開催	4.0
9/11(土)11時オンラインセミナー	9/20(月)13時オンラインセミナー	4.0
8月号の特典付き締切は7/10(日)	1月号のオススメ締切日は12/5	4.0
高性能ミシンが大特価	ジャガーミシンが安い	4.0
【決定版】人気すっぽんサプリ	【最新】人気すっぽんサプリ1位	4.0
建築/土木学生のためのイベント	建築/土木学生のための合説開催	4.0
現在の中古ハリアーの在庫872台	現在の中古ハリアーの在庫783台	4.0
安いバイク保険が3分で見つかる	最安保険が最短3分で見つかる	4.0
あの芸能人の結婚を見事的中	あの芸能人の【婚期を的中】	4.33
冷蔵庫の抗菌・防汚なら	冷蔵庫クリーニングをお探しなら	4.33
余ったデンキをおトクに有効活用	余った電気は有効活用できる時代	4.33
【最新】人気すっぽんサプリ1位	【決定版】人気すっぽんサプリ	4.33
料金が安い税理士を無料でご紹介	完全無料で何人でも税理士紹介	4.33
12球団全試合生中継／スカパー	全試合生中継／スカパー	4.33
運営15年目の老舗サイト	運営15年目の老舗サイト／必見	4.33
【全国】大学の願書を請求する	＜大学＞カンタン願書請求	4.33
浮気・不倫の慰謝料請求はこちら	不倫により離婚・慰謝料請求	4.33
おしゃれな折り畳みスマホ新発売	おしゃれな折り畳みスマホ発売中	4.33
未経験から現場が求める即戦力へ	未経験から即戦力へ	4.33
【総合相談窓口】はこちら	＞総合相談専用ページ＜	4.33
Menicon Miru 高松店	Menicon Miru 高松店／直営販売	4.33
人気漫画10万話以上を配信	100000話以上の人気漫画を配信	4.33
プラダン激安通販サイト	プラダンのネット通販‎	4.33
お得な新幹線利用プランはコチラ	【お得】ホテル＋新幹線はコチラ	4.33
今だけ初回50％OFFキャンペーン	今だけ初回半額2480円で試せる	4.33
《追加受講費0円》9教科対応	《入会金0円》9教科対応	4.33
無料の資料請求はこちら	無料体験教材請求はこちら	4.33
溶接棒ホルダ用銅管通販／ミスミ	溶接棒ホルダ用銅管の専用ページ	4.33
【公式】くるまたかしで車査定	くるまたかしで車査定	4.33
U-NEXT／シーズン8も配信中	U-NEXTならシーズン8も観れる	4.33
シャディ／公式ホームページ	贈り物ならシャディ／公式	4.33
ワンランク上のお取り寄せグルメ	絶品グルメをお取り寄せ	4.33
女性専用パーソナルジム／柏	【女性専用】パーソナルジム	4.33
Menicon Miru 青葉台店／駅チカ	Menicon Miru 青葉台店	4.33
公式：脱毛するなら、今がお得	公式：脱毛するなら半額の今	4.33
じゃらんゴルフホームページ	ご予約なら【じゃらんゴルフ】	4.33
人気漫画を最新話まで先行配信	最新話／人気漫画をイッキ読み	4.33
アイフルビジネスファイナンス	ビジネスファイナンス／公式	4.33
刀剣コスプレ写真を応募しよう	刀剣コスプレ写真コンテスト	4.33
Menicon Miru 青葉台店	Menicon Miru 青葉台店／駅チカ	4.33
現在の中古プリウスの在庫3022台	現在の中古プリウスの在庫2238台	4.33
【京都府特集】介護の好条件求人	【京都府限定】介護の好条件求人	4.33
【京都府特集】介護の転職求人	【京都府限定】介護の転職求人	4.33
テレ朝 名作バラエティも配信	テレ朝バラエティ 多数配信中	4.33
Menicon Miru 栄店	Menicon Miru 栄店／栄駅徒歩3分	4.33
新規口座開設はこちら	口座開設はこちら	4.33
朝8時半よりスカパー/KNTVで放送	朝8時30分より放送/スカパー	4.33
男の体臭に良い「柿渋石けん」	体臭に良い、薬用「柿渋石けん」	4.33
最新の技術でNiziUをFR化	NiziUの映像をFRで楽しもう	4.33
長野の求人情報	長野の求人情報が豊富	4.33
親子で一緒にBaby Kumon／公式	【公式】Baby Kumon	4.33
費用15万円の新しい治療法	費用15万円で歯並び改善	4.33
投信積立はじめるなら日興	積立投資なら日興	4.33
通販サイトWowma内ショップ	【公式】Wowma通販サイト	4.33
【公式】住友不動産新築オフィス	【新築】住友不動産のオフィス	4.33
塀の中から来た名医【観るなら】	塀の中から来た名医【配信中】	4.33
四柱推命 / 無料鑑定あり	四柱推命 / 一部無料	4.33
出前・宅配・デリバリーの出前館	【公式】宅配・出前なら／出前館	4.33
ひび割れて】見放題	ひび割れて】イッキ見	4.33
TKPのパーティ・懇親会サービス	パーティ・懇親会もTKPで	4.33
イハダの防御スプレー	イハダ花粉防御スプレー	4.33
NTTフレッツ光の申込みはこちら	NTTフレッツ光回線はこちらから	4.33
アウトソーシングのお仕事紹介	アウトソーシングの求人紹介	4.33
名古屋校開校／2021年入学生募集	名古屋校開校／2022年入学生募集	4.33
引越し・転居 総合受付	引越、転居、移転の総合窓口	4.33
ゼクシィBabyが画数で診断	ゼクシィBabyの名付け診断	4.33
【業界最低水準の魅力的な金利】	金利／業界最低水準でお借り入れ	4.33
お得にNetflixを観たい方は必見	お得なNetflixパックが登場	4.33
中古車査定ならカーセンサー買取	カーセンサーで中古車を査定依頼	4.33
メディカルスタイルF	メディカルスタイル	4.33
楽天カード/年会費永年無料	楽天カード/年会費無料	4.33
国内最大級の恋活、婚活アプリ	国内最大級の恋活婚活アプリ/R18	4.33
姓名判断 / 一部無料	姓名判断 / 無料鑑定あり	4.33
国内最大級の恋活婚活アプリ/R18	国内最大級の恋活、婚活アプリ	4.33
オフィス用品をお探しなら	椅子などのオフィス用品なら	4.33
キッチン周りのクリーニングなら	水まわりのクリーニングは	4.33
原付の任意保険見積比較サイト	原付の任意保険比較はこちら	4.33
仕事に育児にお疲れのママへ	疲れが取れないママへ	4.33
追加受講費0円で充実の入学準備	追加受講費不要で入学準備	4.33
【ゼクシィ公式サイト】	結婚なら【ゼクシィ公式サイト】	4.33
年間ランキング2020をチェック	年間ランキング2020で比較	4.33
長野市の転職・求人情報	長野市の求人探し	4.33
復縁実績多数の電話占いカリス	復縁実現の実績多数あり	4.33
圧倒的コスパ、1ヶ月9,000円。	圧倒的コスパ、1ヶ月9,900円。	4.33
1日6分みるみる痩せるおうち運動	1日6分でみるみる痩せる運動	4.33
WEBでかんたん見積もり	ネットで気軽にかんたん見積もり	4.33
参加費無料/オンラインセミナー	参加費無料/ウェビナー開催	4.33
LOWYA家具／2021年トレンド	LOWYA家具／2021最新トレンド	4.33
くもん出版のドリル	くもん出版の幼児ドリル	4.33
無料コミック10万話以上が読める	【人気コミック】10万話以上無料	4.33
ギフトの品揃えは常時1万点以上	常時1万点以上の豊富な品揃え	4.33
対象の家具・家電10%OFF	会員限定の家具・家電10%OFF	4.33
ネットもテレ東で見よう	ネットもテレ東で配信中	4.33
【公式】あじかん／ごぼう茶	公式／国産あじかん焙煎ごぼう茶	4.33
贈り物ならシャディ／公式	シャディ／公式ホームページ	4.33
2021 NEW COLLECTION	2021年冬物 新作続々入荷中	4.33
2020年の新作アイテム続々入荷	2020年の冬アイテム続々入荷	4.33
トレンドソファ≪2021夏≫	ソファー«2021夏の新作»	4.33
人気のサーバーBEST10を発表 ‪	ウォーターサーバー人気1～10位	4.33
トラベルミステリー】を配信中	トラベルミステリー】を観るなら	4.33
公式ファンクラブa-i会員限定	公式ファンクラブa-i会員限定CD	4.33
【公式】FEMMUE／シートマスク	【FEMMUE(ファミュ)公式】	4.33
有名レストラン食事券が返礼品に	レストラン食事券が返礼品に	4.33
デジタル新聞は親子読みがお得	親子で新聞読むなら朝デジがお得	4.33
階級の妻たち～】見放題	階級の妻たち～】イッキ見	4.33
YOSHIKIデザイン	シックなYOSHIKIデザイン	4.33
新規入会特典あり	新規ご入会・利用特典あり	4.33
内側からシミに効く医薬品	シミの元から効く医薬品	4.33
四柱推命 / 一部無料	四柱推命 / 無料鑑定あり	4.33
お近くのKUMONの教室を検索	まずはお近くのKUMONの教室へ	4.33
サラシノールで糖質の吸収を抑制	サラシノールで糖質ケア	4.33
多彩なラインナップをご用意	豊富なラインナップをご用意	4.33
トレンドソファ≪2021夏≫	≪新作ソファー≫2021夏	4.33
全国の美味しい逸品をお届け	各地の美味しい逸品を楽しむ	4.33
あの芸能人の結婚時期を当てた	あの芸能人の結婚運命が見事的中	4.33
【公式】Galaxy2021年最新モデル	【公式】Galaxy 最新モデル	4.33
太陽光発電で余ったデンキを買取	余ったデンキをおトクに有効活用	4.33
全話イッキ見するなら／dTV公式	全170話イッキ見／dTV＜公式＞	4.33
感染予防徹底レッスンスタジオ	感染予防徹底ダンススタジオ	4.33
Menicon Miru JRゲートタワー店	ゲートタワーのMeniconMiruへ	4.33
親族のみの結婚式場	家族・親族のみの結婚式プラン	4.33
【バイク保険高すぎるかも？】	バイク保険払いすぎかも？	4.33
まずは3分から始める英語学習	1回3分からのビジネス英語学習	4.33
ヤフーの新しい働き方の取り組み	ヤフーの新しい働き方	4.33
お風呂まわり部品の純正品なら	浴室まわり部品の純正品なら	4.33
【奈良県特集】介護の転職求人	【奈良県限定】介護の転職求人	4.33
SP ベベラー用チップ／ミスミ	SP ベベラー用チップミスミVONA	4.33
台所には置き型ファブリーズを	置き型ファブリーズ	4.33
結婚なら【ゼクシィ公式サイト】	【ゼクシィ公式サイト】	4.33
先着10,000名様限定	毎月先着10,000名様限定	4.33
【愛知】名古屋駅持込可	名古屋駅より徒歩5分/持込可	4.33
シミの元から効く医薬品	内側からシミに効く医薬品	4.33
【静岡特集】介護の好条件求人	【静岡県限定】介護の転職求人	4.33
メンズ・レディース商品が豊富に	メンズ・レディース多数展開	4.67
参加費無料/ウェビナー開催	参加費無料/オンラインセミナー	4.67
【公式】ABEMA／2週間無料	ABEMAプレミアム公式／2週間無料	4.67
リクシルでトイレリフォーム	LIXILのトイレリフォーム	4.67
プロのイラストレイターに頼もう	イラスト制作をプロに依頼	4.67
【人気】無料コミック10万話以上	人気コミック10万話以上無料配信	4.67
オンラインでできるAGA治療	オンラインでバレずにAGA治療	4.67
11/6- スカパーにて全試合生中継	11月6日～全試合生中継/スカパー	4.67
運営14年目の老舗サイト/必見	運営14年目の老舗サイト	4.67
ダンボールならダンボールワン	ダンボール通販のダンボールワン	4.67
新しい玄関用の消臭剤	新開発 玄関用の消臭剤	4.67
Chanelの香水をミニサイズで	シャネルの香水をミニサイズで	4.67
【公式】auPAYマーケット通販	【公式】auPAYマーケット	4.67
ヤフーの新しい働き方	ヤフーの新しい働き方の取り組み	4.67
あの芸能人の【婚期を的中】	あの芸能人の結婚時期を当てた	4.67
公式／オフィシャルサイト	【公式通販】オフィシャルHP	4.67
全話視聴するなら／dTV（公式）	シリーズ全話配信中／dTV公式	4.67
親子のためのベビークモン／公式	親子で楽しくBaby Kumon：公式	4.67
リフォーム会社を簡単に探せる。	リフォーム会社をラクに探せる。	4.67
サーバーラックをお探しの方へ	サーバーラックをお探しなら	4.67
レストラン食事券が返礼品に	有名レストラン食事券が返礼品に	4.67
車用芳香剤でニオイを除去	車用消臭剤でニオイを除去	4.67
【公式】バンクイック専用ページ	バンクイック／公式サイト	4.67
10秒でかんたん見積り	たった10秒でかんたん見積り	4.67
申し込み時登記簿・決算書不要	申込み時の法人登記簿決算書不要	4.67
インターンシップエントリーなら	インターンシップの申し込みなら	4.67
人気の無料コミックが10万話以上	10万話以上の無料コミックを配信	4.67
口コミ実績重視で本気の願望成就	口コミ多数。本気で願望成就なら	4.67
パーティ・懇親会もTKPで	TKPのパーティ・懇親会サービス	4.67
圧倒的コスパ、1ヶ月9900円。	圧倒的コスパ、1ヶ月9000円。	4.67
おうちﾌｨｯﾄﾈｽ 2週間おためし/ｼﾞﾑ	2週間無料おためし/おうちﾌｨｯﾄﾈｽ	4.67
メンズTBC公式：ヒゲ脱毛	ヒゲ脱毛始めるならメンズTBC	4.67
【公式】ガスト宅配(デリバリー)	【公式サイト】ガストの宅配	4.67
月々分割4,000円/税抜から	月々分割4,000円～	4.67
2021初夏新作続々入荷。	2021夏物新作作続々入荷。	4.67
定期保険 ブリッジ（死亡保険）	【ブリッジ】生命保険・死亡保険	4.67
今だけ5秒アンケートで2週間無料	かんたん5秒ｱﾝｹｰﾄで２週間無料	4.67
3/27(土)21時U-NEXTでライブ配信	3/27(土)21:00～U-NEXTで配信	4.67
教育関連の費用にご利用可能	教育関連にご利用可能なローン	4.67
カートリッジ交換なら	カートリッジらくらく交換	4.67
楽天カード/年会費無料	楽天カード/年会費永年無料	4.67
【公式】マイナビ2022EXPO夏の陣	【公式】マイナビWEB EXPO夏の陣	4.67
赤ちゃん撮影の予約はこちら	赤ちゃん写真の予約はこちら	4.67
番組「I-LAND」を見る	番組「I-LAND」の配信	4.67
ゴリラクリニック/公式	【公式】ゴリラクリニック	4.67
2週間無料おためし/おうちジム	2週間無料おためし/自宅ジム	4.67
ドコモ光(どこも)のご契約なら	ドコモ光の新規契約はこちら	4.67
Menicon Miru 阪急茨木店	MeniconMiru阪急茨木店	4.67
保険料がお手頃で安心の保障内容	安心保障をお手頃な保険料で	4.67
安い費用で税理士に丸投げ	低コストで税理士に丸投げ	4.67
ドモホルンリンクル	CMで話題のドモホルンリンクル	4.67
4-6カ月で髪が増えたと実感	4-6カ月で効果を実感	4.67
NiziUの映像をARで楽しもう	最新の技術でNiziUをAR化	4.67
2週間無料おためし/自宅ﾌｨｯﾄﾈｽ	2週間無料おためし/自宅ジム	4.67
期間限定【初期費用0円】	今なら初期費用0円	4.67
【初回限定キャンペーン】1000円	初めての方は初回限定1,000円	4.67
Chanelの香水を低価格でお試し	シャネルの香水を低価格でお試し	4.67
4月から制服リニューアル	来年４月から制服リニューアル	4.67
本気で叶えたい想いがあるなら	本気でかなえたい願いがあるなら	4.67
夏物新作・会員特典（無料）	夏物新作入荷・会員特典（無料）	4.67
鬼滅の刃/ABEMAで配信中	鬼滅の刃／配信中	4.67
50歳からの1日6分おうち運動	50歳からの1日6分おうちﾌｨｯﾄﾈｽ	4.67
リクナビ2023《公式サイト》	公式サイト《リクナビ2023》	4.67
【公式】セブンネット	【セブンネットショッピング】	4.67
Instagramでの販売も簡単に連携	Instagramと簡単連携・販売OK	5.0
まずは、無料カウンセリングから	無料カウンセリングはこちらから	5.0
初回980円/ルテインサプリ	初回限定980円ルテインサプリ	5.0
KANEBO/全品送料無料	カネボウの通販／全品送料無料	5.0
【無料資料請求】詳細はコチラ	【無料】資料請求はこちら	5.0
スペースヒーター通販／ミスミ	スペースヒーター通販ならミスミ	5.0
あじかん焙煎ごぼう茶	焙煎ごぼう茶のあじかん	5.0
ガレージバイスメネジ／ミスミ	ガレージバイスメネジならミスミ	5.0
バリトリビットソフト／ミスミ	バリトリビットソフトならミスミ	5.0
ご購入をお考えの方	ご購入をご検討の方へ	5.0
自分の髪を、人生で一番美しく	自分の髪を、人生で一番美しく。	5.0
試乗のご予約はこちら	試乗を予約する	5.0
栃木の銀行でローン借り入れ	栃木県の銀行でローン借り入れ	5.0
大人気のRAIZEをご紹介	大人気のライズをご紹介	5.0
《TIME SALE》MAX 70% OFF	《SALE実施中》MAX 70% OFF	5.0
人気の無料コミックが10万話以上	【無料】人気コミック10万話以上	5.0
あの芸能人の結婚運命が見事的中	あの芸能人の結婚を見事的中	5.0
月々５，０００円から積み立てOK	月々５０００円から積み立て可能	5.0
LIXILのトイレリフォーム	リクシルでトイレリフォーム	5.0
【見逃し配信】カンブリア宮殿	カンブリア宮殿／見逃し配信なら	5.0
8/2 13:00開演 U-NEXTで生配信	8/2 13:00 U-NEXTでライブ配信	5.0
栃木県の銀行でローン借り入れ	栃木の銀行でローン借り入れ	5.0
姓名判断 / 無料鑑定あり	姓名判断 / 一部無料	5.0
折りたためる大画面スマホ発売中	折りたためる大画面スマホ新発売	5.0
Huluなら約10万本の動画が見放題	10万本以上の動画が見放題/Hulu	5.0
【初診料なし】治療薬を最短配送	初診料なし。治療薬を最短お届け	5.0
【公式】キント／トヨタ自動車	【公式サイト】KINTO／トヨタ	5.0
(公式)不動産投資のベルテックス	不動産投資のベルテックス／公式	5.0
【最新62巻】大好評配信	【最新巻62巻】大好評配信	5.0
10万話以上の無料漫画が楽しめる	漫画10万話以上が無料で読める	5.0
【無料】資料請求はこちら	【無料資料請求】詳細はコチラ	5.0
お申し込みは、２４時間受付中	24時間、お申込み受付中	5.0
官公庁・法人御用達 ご依頼多数	【官公庁・法人様】 ご依頼多数	5.0
2021年の新作コレクションが登場	《2021新作コレクションが登場》	5.0
【公式】トヨタのサブスクKINTO	トヨタのサブスクKINTO【公式】	5.0
ヒゲ脱毛体験《500円》1／13迄	ヒゲ脱毛体験500円：1／13まで	5.0
《最短2ヶ月》でライターへ	《最短2ヶ月》でライターに	5.0
ルテインサプリを初回980円で	初回980円/ルテインサプリ	5.0
サイドテーブルワゴン／ミスミ	サイドテーブルワゴンならミスミ	5.0
メディケア生命保険／公式サイト	メディケア生命 公式サイト	5.0
【公式ＨＰ】住友不動産販売	住友不動産販売【公式】	5.0
お得な定額コースは2980円から	お得な定額コース【2,980円～】	5.0
専用タブレット0円	学習専用タブレットが0円	5.0
浄水カートリッジの販売サイト	浄水器のカートリッジ販売サイト	5.0
埼玉の銀行でローン借り入れ	埼玉県の銀行でローン借り入れ	5.0
《最短2ヶ月》でライターに	《最短2ヶ月》でライターへ	5.0
月々5,000円から積み立てOK	月々５０００円から積み立て可能	5.0
薬剤師転職サイト【認知度No.1】	認知度No.1の薬剤師転職サイト	5.0
TOYOTA正規販売店	TOYOTA正規ディーラー	5.0
月200本 アニメ一挙本数最多	アニメ一挙本数国内最多 月200本	5.0
高級ブランドもOK【全国対応】	ブランド品もOK【全国対応】	5.0
ビデオブレイン	Video BRAIN	5.0
オリックス生命（公式サイト）	オリックス生命公式ホームページ	5.0
無料コミック10万話以上を配信	10万話以上の無料コミックを配信	5.0
Video BRAIN	ビデオブレイン	5.0
セブン‐イレブン受取り送料無料	セブンイレブン受取りで送料無料	5.0
12時までの注文で最短当日発送	12時までのご注文で最短当日発送	5.0
ご購入をご検討の方へ	ご購入をお考えの方	5.0
認知度No.1の薬剤師転職サイト	薬剤師転職サイト【認知度No.1】	5.0
DMM Bitcoin/ネム取引	DMMビットコイン/ネム取引	5.0
小学生向け東進のオンライン講座	小学生向け東進オンライン学校	5.0
各院／渋谷 新宿 池袋駅から1分	【渋谷 新宿 池袋】 駅徒歩1分	5.0
日本和装ホールディングス／公式	公式／日本和装ホールディングス	5.0
埼玉県の銀行でローン借り入れ	埼玉の銀行でローン借り入れ	5.0
12/25(土)21:00 U-NEXTで配信	12/25 21:00 U-NEXTで配信	5.0
無料漫画10万話以上を配信	【無料漫画】10万話以上	5.0
シェル モーリナS2B／ミスミ	シェル モーリナS2B／ミスミVONA	5.0
不動産投資のベルテックス／公式	(公式)不動産投資のベルテックス	5.0
レクサス月額74800円から	レクサス月額74,800円～	5.0
認証jライバー大募集	認証ライバー募集中	5.0
公式：メンズTBC	【メンズTBC】公式サイト	5.0
JO MALONEの香水をミニサイズで	ジョーマローンをミニサイズで	5.0
大人気のライズをご紹介	大人気のRAIZEをご紹介	5.0
3月直前、直前準備を進めよう	3月直前準備を進めよう	5.0
3/20(土)15:30 U-NEXTで生配信	3/20 15:30 U-NEXTでライブ配信	5.0
クッションコンパクト	クッションファンデーション	5.0
たった10秒でかんたん見積り	10秒でかんたん見積り	5.0
日々の生活をもっと豊かに快適に	【日々の暮らしをもっと快適に】	5.0
「半年後にはカレの方から…」	『大丈夫。半年後には彼が―』	5.0
